"id","fullname","shortname","number","category","vid_uchrezhdeniya","organiz_pravov_forma","podchinenie","address","telephone","email","location"
1, Государственное бюджетное образовательное учреждение города Москвы детский сад комбинированного вида № 1439, ГБОУ детский сад № 1439,"1 439", Дошкольное образовательное учреждение, Детский сад компенсирующего вида, Бюджетное, Северо-Восточное окружное управление образования," ""127273 г. Москва, ул. Отрадная, д. 5 ""Б""",(499) 907-63-66, detsad1439@mail.ru,POINT (37.6076187 55.8591187)
2, Государственное бюджетное образовательное учреждение города Москвы детский сад № 938, ГБОУ детский сад № 938,"938", Дошкольное образовательное учреждение, Детский сад, Бюджетное, Северо-Восточное окружное управление образования," 127349, город Москва, улица Лескова, дом 6 Г",(499) 909-00-44, detskiysad938@yandex.ru,POINT (37.5925685 55.8970746)
3, Государственное бюджетное образовательное учреждение города Москвы детский сад компенсирующего вида № 1243, ГБОУ детский сад № 1243,"1 243", Дошкольное образовательное учреждение, Детский сад компенсирующего вида, Бюджетное, Юго-Западное окружное управление образования," 119333, г. Москва, ул. Фотиевой, дом 8","8(499)137-35-75", dou1243@ou.mosuzedu.ru; tngulakova@bk.ru,POINT (37.5623493 55.70100369999999)
4, Государственное бюджетное образовательное учреждение города Москвы детский сад № 1432, ГБОУ детский сад № 1432,"1 432", Дошкольное образовательное учреждение, Детский сад, Бюджетное, Юго-Западное окружное управление образования," 119331, г.Москва, улица Марии Ульяновой, дом 17, корпус 1","8(499)138-38-47", dou1432@ou.mosuzedu.ru,POINT (37.5203819 55.680765)
5, Государственное бюджетное образовательное учреждение города Москвы детский сад № 824, ГБОУ детский сад № 824,"824", Дошкольное образовательное учреждение, Детский сад, Бюджетное, Западное окружное управление образования," 121615, г.Москва, ул. Ельнинская, д. 16",(499) 141-75-87, dou824@bk.ru,POINT (37.4240156 55.7386473)
6, Государственное бюджетное образовательное учреждение города Москвы детский сад № 2703, ГБОУ детский сад № 2703,"2 703", Дошкольное образовательное учреждение, Детский сад, Бюджетное, Северо-Восточное окружное управление образования," 127495 город Москва, Дмитровское шоссе, д.165Е, корпус 13",(499) 661-32-73, dou.2703@yandex.ru,POINT (37.5439964 55.9280822)
7, Государственное бюджетное образовательное учреждение города Москвы детский сад № 2435, ГБОУ детский сад № 2435,"2 435", Дошкольное образовательное учреждение, Детский сад, Бюджетное, Юго-Западное окружное управление образования," 117628, г.Москва, ул. Грина, дом 36, корпус 1",(495) 714 96 13, skazka2435@mosuzedu.ru,POINT (37.56731440000001 55.5694205)
8, Государственное бюджетное образовательное учреждение города Москвы детский сад комбинированного вида № 1041, ГБОУ детский сад № 1041,"1 041", Дошкольное образовательное учреждение, Детский сад комбинированного вида, Бюджетное, Восточное окружное управление образования," 107150, г. Москва, Погонный проезд, д.27",(499) 169-43-51, rocinka1041@mail.ru,POINT (37.7170561 55.8184477)
9, Государственное бюджетное образовательное учреждение города Москвы детский сад № 2698, ГБОУ детский сад № 2698,"2 698", Дошкольное образовательное учреждение, Детский сад, Бюджетное, Западное окружное управление образования," 119501 г.Москва, ул. Матвеевская, д. 4, корп. 5",(499) 233-02-72, det2698@yandex.ru,POINT (37.4727983 55.7062651)
10, Государственное бюджетное образовательное учреждение города Москвы детский сад № 2730, ГБОУ детский сад № 2730,"2 730", Дошкольное образовательное учреждение, Детский сад, Бюджетное, Северное окружное управление образования," 125057, Лениградский проспект, д. 75Д",(499) 198-12-90, gbou-ds.2730@yandex.ru,POINT (37.5122287 55.805059)
11, Государственное бюджетное образовательное учреждение города Москвы детский сад общеразвивающего вида № 1626, ГБОУ детский сад № 1626,"1 626", Дошкольное образовательное учреждение, Детский сад общеразвивающего вида с приоритетным осуществлением деятельности по одному из направлений развития детей, Бюджетное, Северо-Восточное окружное управление образования," 127562, город Москва, улица Санникова, дом 5, корпус 2",(499) 201-30-00, Sch1626@yandex.ru,POINT (37.5938116 55.8610897)
12, Государственное бюджетное образовательное учреждение города Москвы детский сад № 796, ГБОУ детский сад № 796,"796", Дошкольное образовательное учреждение, Детский сад, Бюджетное, Юго-Западное окружное управление образования," 117321, г.Москва, улица Профсоюзная, дом 152А","8-495-338-27-00", DOU796@mail.ru,POINT (37.5020266 55.6236194)
13, Государственное бюджетное образовательное учреждение города Москвы детский сад присмотра и оздоровления № 403, ГБОУ детский сад № 403,"403", Дошкольное образовательное учреждение, Детский сад присмотра и оздоровления, Бюджетное, Северо-Восточное окружное управление образования," 127081, г. Москва, ул. Полярная, д. 7, кор. 3",(499) 477-25-98, ds403@yandex.ru,POINT (37.6316464 55.873379)
14, Государственное бюджетное образовательное учреждение города Москвы детский сад № 295, ГБОУ детский сад № 295,"295", Дошкольное образовательное учреждение, Детский сад, Бюджетное, Центральное окружное управление образования," 115035, г. Москва, ул.Садовническая, д. 73, стр. 24",(495) 951-54-65, d-s295@yandex.ru,POINT (37.643803 55.736266)
15, Государственное бюджетное образовательное учреждение города Москвы детский сад № 160, ГБОУ детский сад № 160,"160", Дошкольное образовательное учреждение, Детский сад, Бюджетное, Западное окружное управление образования," 121248 г. Москва, Кутузовский проспект, д. 13",(499) 243-61-20, dou160@mail.ru,POINT (37.5591045 55.7477751)
16, Государственное бюджетное образовательное учреждение города Москвы детский сад № 1611, ГБОУ детский сад № 1611,"1 611", Дошкольное образовательное учреждение, Детский сад, Бюджетное, Северное окружное управление образования," 125635, г. Москва, улица Талдомская, дом 2Е",(499) 906-82-44, abramovagou1611@yandex.ru,POINT (37.520135 55.8708314)
17, Государственное бюджетное образовательное учреждение города Москвы детский сад № 2718, ГБОУ детский сад № 2718,"2 718", Дошкольное образовательное учреждение, Детский сад, Бюджетное, Центральное окружное управление образования," 127055 город Москва Тихвинский переулок д. 16, стр.1",(499) 250-18-95, detsad_2718@mail.ru,POINT (37.5997048 55.78724099999999)
18, Государственное бюджетное образовательное учреждение города Москвы детский сад № 900, ГБОУ детский сад № 900,"900", Дошкольное образовательное учреждение, Детский сад, Бюджетное, Южное окружное управление образования," 117535 г.Москва, Россошанский пр-д, д.5 А",(495) 382-82-72, dou900@sinergi.ru,POINT (37.6099277 55.5990284)
19, Государственное бюджетное образовательное учреждение города Москвы детский сад № 916, ГБОУ детский сад № 916,"916", Дошкольное образовательное учреждение, Детский сад, Бюджетное, Южное окружное управление образования," 117545 г.Москва, ул.Подольских курсантов, д.8а",(495) 381-85-28, dou916@sinergi.ru,POINT (37.6147452 55.6053662)
20, Государственное бюджетное образовательное учреждение города Москвы детский сад № 15, ГБОУ детский сад № 15, 15, Дошкольное образовательное учреждение, Детский сад, Бюджетное, Северо-Восточное окружное управление образования," 129337, город Москва, Ярославское шоссе, дом 8, корпус 4",(499) 183-27-29, gbou15@mail.ru,POINT (37.6872969 55.85266319999999)
21, Государственное бюджетное образовательное учреждение города Москвы детский сад компенсирующего вида № 2278, ГБОУ детский сад № 2278,"2 278", Дошкольное образовательное учреждение, Детский сад компенсирующего вида, Бюджетное, Юго-Восточное окружное управление образования," 109153, г.Москва, ул. Моршанская, д.2, к. 2",(495) 705-00-01, galina-2278@mail.ru; www.detsad2278.ru,POINT (37.856526 55.697177)
22, Государственное бюджетное образовательное учреждение города Москвы детский сад общеразвивающего вида № 960, ГБОУ детский сад № 960,"960", Дошкольное образовательное учреждение, Детский сад общеразвивающего вида с приоритетным осуществлением деятельности по одному из направлений развития детей, Бюджетное, Южное окружное управление образования," 115404 Г. Москва,ул. Касимовская, д.15,к.2",(495) 326-11-74, dou960@sinergi.ru,POINT (37.6574405 55.5975335)
23," Государственное бюджетное образовательное учреждение города Москвы центр развития ребенка - детский сад № 1842 ""Пересвет"""," ГБОУ ЦРР-детский сад № 1842 ""Пересвет""","1 842", Дошкольное образовательное учреждение, Центр развития ребенка – детский сад, Бюджетное, Центральное окружное управление образования," 123056, г. Москва, ул. Б. Грузинская, д. 67, стр. 1",(499) 254-40-79, per1842@yandex.ru; do.peresvet1842@yandex.ru,POINT (37.584425 55.773343)
24, Государственное бюджетное образовательное учреждение города Москвы детский сад комбинированного вида № 594, ГБОУ детский сад № 594,"594", Дошкольное образовательное учреждение, Детский сад комбинированного вида, Бюджетное, Северо-Восточное окружное управление образования, 129282 город Москва улица Тихомирова дом 13,(499) 476-25-38, det.sad_594@mail.ru,POINT (37.6498795 55.8859241)
25, Государственное бюджетное образовательное учреждение города Москвы центр развития ребенка - детский сад № 463, ГБОУ ЦРР-детский сад № 463,"463", Дошкольное образовательное учреждение, Центр развития ребенка – детский сад, Бюджетное, Западное окружное управление образования," 119 454 г.Москва, ул.Лобачевского, д. 56",(499) 431-58-10, crr463@mai.ru,POINT (37.4932502 55.6737259)
26, Государственное бюджетное образовательное учреждение города Москвы детский сад №2442, ГБОУ детский сад №2442,"2 442", Дошкольное образовательное учреждение, Детский сад, Бюджетное, Восточное окружное управление образования," 107065,г.Москва,ул. Камчатская,дом 23",(495) 469-93-12, r2442@mail.ru,POINT (37.8220676 55.8291305)
27, Государственное бюджетное образовательное учреждение города Москвы детский сад № 2453, ГБОУ детский сад №2453,"2 453", Дошкольное образовательное учреждение, Детский сад, Бюджетное, Юго-Западное окружное управление образования," 117628, г. Москва, ул. Грина, дом 30, корпус 1","8 (495) 711-01-05", dou2453@mosuzedu.ru,POINT (37.570061 55.56878099999999)
28, Государственное бюджетное образовательное учреждение города Москвы центр развития ребенка - детский сад № 2574, ГБОУ ЦРР - детский сад № 2574,"2 574", Дошкольное образовательное учреждение, Центр развития ребенка – детский сад, Бюджетное, Северное окружное управление образования," 125475, г.Москва, улица Дыбенко, д. 34А",(499) 767-33-01, ashirova1263@inbox.ru,POINT (37.486756 55.875598)
29, Государственное бюджетное образовательное учреждение города Москвы детский сад № 1416, ГБОУ детский сад № 1416,"1 416", Дошкольное образовательное учреждение, Детский сад, Бюджетное, Северо-Восточное окружное управление образования," 127642, город Москва, проезд Шокальского, дом 18 А",(499) 476-56-92, gou1416@rambler.ru; dou1416@rambler.ru,POINT (37.6475848 55.87886839999999)
30, Государственное бюджетное образовательное учреждение города Москвы детский сад комбинированного вида № 5, ГБОУ детский сад № 5, 5, Дошкольное образовательное учреждение, Детский сад комбинированного вида, Бюджетное, Северо-Восточное окружное управление образования," 127322, город Москва, улица Фонвизина, дом 14 корпус 1",(495) 610-13-85, dou_ds5@mail.ru,POINT (37.5878516 55.82056129999999)
31, Государственное бюджетное образовательное учреждение города Москвы детский сад № 608, ГБОУ детский сад № 608,"608", Дошкольное образовательное учреждение, Детский сад, Бюджетное, Западное окружное управление образования," 121609, г.Москва, ул. Крылатские холмы, д. 25, корп. 1",(495) 412-22-94, detsad1479@mail.ru,POINT (37.4144153 55.7565572)
32, Государственное бюджетное образовательное учреждение города Москвы детский сад комбинированного вида № 2037, ГБОУ детский сад № 2037,"2 037", Дошкольное образовательное учреждение, Детский сад комбинированного вида, Бюджетное, Юго-Западное окружное управление образования," 117216, г. Москва, ул. Старокачаловская, д. 3 Б","8 - 495 - 711-51-09"," dou2037@ou.mosuzedu.ru, detsadik2037@inbox.ru",POINT (37.582842 55.5677041)
33, Государственное бюджетное образовательное учреждение города Москвы детский сад № 1392, ГБОУ детский сад № 1392,"1 392", Дошкольное образовательное учреждение, Детский сад, Бюджетное, Юго-Западное окружное управление образования," 117437, г. Москва, улица Миклухо-Маклая, дом 18А","330-78-38", dou1392@ou.mosuzedu.ru,POINT (37.5174366 55.6440072)
34, Государственное бюджетное образовательное учреждение города Москвы детский сад № 1930, ГБОУ детский сад № 1930,"1 930", Дошкольное образовательное учреждение, Детский сад, Бюджетное, Центральное окружное управление образования," 123317 г. Москва, ул. Подвойского, д. 18А",(499) 256-02-22, gou1930@yandex.ru,POINT (37.5382652 55.7634025)
35, Государственное бюджетное образовательное учреждение города Москвы детский сад № 2550, ГБОУ детский сад № 2550,"2 550", Дошкольное образовательное учреждение, Детский сад, Бюджетное, Восточное окружное управление образования," 111625, г. Москва, ул. Дмитриевского, д. 3а",(499) 721-69-01, det-sad2550@yandex.ru,POINT (37.8831532 55.7100655)
36, Государственное бюджетное образовательное учреждение города Москвы детский сад компенсирующего вида № 2328, ГБОУ детский сад № 2328,"2 328", Дошкольное образовательное учреждение, Детский сад компенсирующего вида, Бюджетное, Юго-Восточное окружное управление образования," 109341, г. Москва Перерва ул., 52 корп.2",(495) 347-88-41,  detsad-2328@yandex.ru,POINT (37.7467329 55.655845)
37, Государственное бюджетное образовательное учреждение города Москвы детский сад комбинированного вида № 1848, ГБОУ детский сад № 1848,"1 848", Дошкольное образовательное учреждение, Детский сад комбинированного вида, Бюджетное, Северо-Восточное окружное управление образования," 129347, город Москва, улица Палехская, дом 135",(499) 188-03-65, detсad1848@rambler.ru,POINT (37.7107849 55.8764055)
38, Государственное бюджетное образовательное учреждение города Москвы детский сад № 2115, ГБОУ детский сад № 2115,"2 115", Дошкольное образовательное учреждение, Детский сад, Бюджетное, Северное окружное управление образования," 125040, г. Москва, улица Расковой, д. 1А",#Н/Д, ds21@mail.ru,POINT (37.5705791 55.78709629999999)
39, Государственное бюджетное образовательное учреждение города Москвы детский сад общеразвивающего вида № 91, ГБОУ детский сад № 91, 91, Дошкольное образовательное учреждение, Детский сад общеразвивающего вида с приоритетным осуществлением деятельности по одному из направлений развития детей, Бюджетное, Северное окружное управление образования," 125212, г. Москва, Ленинградское шоссе, дом 29А",(499) 150-15-00, detsad-91@mail.ru,POINT (37.485975 55.830196)
40, Государственное бюджетное образовательное учреждение города Москвы детский сад № 2298, ГБОУ детский сад № 2298,"2 298", Дошкольное образовательное учреждение, Детский сад общеразвивающего вида с приоритетным осуществлением деятельности по одному из направлений развития детей, Бюджетное, Северное окружное управление образования," 127247, г. Москва, Бескудниковский бульвар, дом 48-а",(499) 488-50-53, novikova2298@mail.ru,POINT (37.5419798 55.87370000000001)
41, Государственное бюджетное образовательное учреждение города Москвы детский сад общеразвивающего вида № 133, ГБОУ детский сад № 133,"133", Дошкольное образовательное учреждение, Детский сад общеразвивающего вида с приоритетным осуществлением деятельности по одному из направлений развития детей, Бюджетное, Юго-Восточное окружное управление образования," 109456, г. Москва, 4-й Вешняковский пр-д, д.6",(495) 371-63-20, gou133@yandex.ru,POINT (37.795915 55.718895)
42, Государственное бюджетное образовательное учреждение города Москвы детский сад общеразвивающего вида № 1823, ГБОУ детский сад № 1823,"1 823", Дошкольное образовательное учреждение, Детский сад общеразвивающего вида с приоритетным осуществлением деятельности по одному из направлений развития детей, Бюджетное, Южное окружное управление образования," 115522 г. Москва,Кантемировская,д.16,у.4",(499) 320-36-55, dou1823@sinergi.ru,POINT (37.66745770000001 55.6398363)
43, Государственное бюджетное образовательное учреждение города Москвы детский сад компенсирующего вида № 1800, ГБОУ детский сад № 1800,"1 800", Дошкольное образовательное учреждение, Детский сад компенсирующего вида, Бюджетное, Западное окружное управление образования," 119634, г.Москва, ул. Шолохова, д. 6, корп. 4",(495) 731-16-77, dou1800@mail.ru; dskvp1800.mskzapad.ru,POINT (37.3607556 55.6377435)
44, Государственное бюджетное образовательное учреждение города Москвы детский сад комбинированного вида № 2658, ГБОУ детский сад № 2658,"2 658", Дошкольное образовательное учреждение, Детский сад комбинированного вида, Бюджетное, Северо-Восточное окружное управление образования," 127204, город .Москва, улица 9-я Северная линия, дом 25",(499) 761-07-31, dou.2658@yandex.ru,POINT (37.5524337 55.9329065)
45, Государственное бюджетное образовательное учреждение города Москвы детский сад № 1834, ГБОУ детский сад № 1834,"1 834", Дошкольное образовательное учреждение, Детский сад, Бюджетное, Южное окружное управление образования," 117587 г. Москва, ул.Кировоградская, д.9а",(495) 313-02-59, dou1834@sinergi.ru,POINT (37.6126576 55.624095)
46, Государственное бюджетное образовательное учреждение города Москвы детский сад комбинированного вида № 685, ГБОУ детский сад № 685,"685", Дошкольное образовательное учреждение, Детский сад комбинированного вида, Бюджетное, Западное окружное управление образования," 121467, г.Москва, ул. Молдавская, д. 10",(499) 141-10-72, dou685@mail.ru,POINT (37.4371973 55.7316744)
47, Государственное бюджетное образовательное учреждение города Москвы детский сад комбинированного вида № 2516, ГБОУ детский сад № 2516,"2 516", Дошкольное образовательное учреждение, Детский сад комбинированного вида, Бюджетное, Западное окружное управление образования," 119027, г.Москва, пос. Внуково, ул. Центральная, д. 11, корп. 1",(495) 436-26-17, gou2516@ya.ru,POINT (37.2897498 55.6124904)
48, Государственное бюджетное образовательное учреждение города Москвы детский сад комбинированного вида № 787, ГБОУ детский сад № 787,"787", Дошкольное образовательное учреждение, Детский сад комбинированного вида, Бюджетное, Северное окружное управление образования," 125565, г. Москва, Конаковский проезд, дом 11а",(499) 747-68-09, 787ds@mail.ru; ds502@mail.ru,POINT (37.48003 55.8475151)
49, Государственное бюджетное образовательное учреждение города Москвы детский сад комбинированного вида № 1892, ГБОУ детский сад № 1892,"1 892", Дошкольное образовательное учреждение, Детский сад комбинированного вида, Бюджетное, Западное окружное управление образования," 121165 г. Москва, ул. Дунаевского, д.5",(499) 249-22-52, dou1892@yandex.ru,POINT (37.5483495 55.7413216)
50, Государственное бюджетное образовательное учреждение города Москвы детский сад комбинированного вида № 1698, ГБОУ детский сад № 1698,"1 698", Дошкольное образовательное учреждение, Детский сад комбинированного вида, Бюджетное, Западное окружное управление образования," 119620, г.Москва, ул. Волынская, д. 6",(495) 934-86-22, 1698-08@maili.ru,POINT (37.4127 55.644755)
51, Государственное бюджетное образовательное учреждение города Москвы детский сад компенсирующего вида № 2356, ГБОУ детский сад № 2356,"2 356", Дошкольное образовательное учреждение, Детский сад компенсирующего вида, Бюджетное, Южное окружное управление образования," 115612 г. Москва, Братеевская ул., д.10,к.2",(495) 342-98-98, dou2356@sinergi.ru,POINT (37.7607739 55.631816)
52, Государственное образовательное учреждение детский сад № 2541, ГОУ детский сад № 2541,"2 541", Дошкольное образовательное учреждение, Детский сад, Бюджетное, Западное окружное управление образования," 119619 Производственная улица, стр. 4",#Н/Д, нет,POINT (37.3866379 55.6487296)
53, Государственное бюджетное образовательное учреждение города Москвы детский сад комбинированного вида № 1880, ГБОУ детский сад № 1880,"1 880", Дошкольное образовательное учреждение, Детский сад комбинированного вида, Бюджетное, Западное окружное управление образования," 119620 г.Москва, ул. Щорса, д. 4, корп. 4",(495) 439-30-94, DetSad1880@yandex.ru,POINT (37.4038718 55.6476451)
54, Государственное бюджетное образовательное учреждение города Москвы детский сад № 2463, ГБОУ детский сад № 2463,"2 463", Дошкольное образовательное учреждение, Детский сад, Бюджетное, Юго-Западное окружное управление образования," 117041, г. Москва, ул. Адмирала Руднева, дом 12, корпус 1","714-21-00", cad2463@mail.ru,POINT (37.52398 55.541751)
55, Государственное бюджетное образовательное учреждение города Москвы детский сад компенсирующего вида № 2185, ГБОУ детский сад № 2185,"2 185", Дошкольное образовательное учреждение, Детский сад компенсирующего вида, Бюджетное, Северо-Восточное окружное управление образования," 127081, город Москва, Ясный проезд, дом 7А",(499) 473-24-35, kindergarten2185@yandex.ru; dou2185@yandex.ru,POINT (37.625781 55.87292799999999)
56, Государственное бюджетное образовательное учреждение города Москвы детский сад № 2724, ГБОУ детский сад № 2724,"2 724", Дошкольное образовательное учреждение, Детский сад, Бюджетное, Юго-Восточное окружное управление образования," 109125, г. Москва, Волжский бульвар, д. 18, корп. 4",(499) 177-79-10, planetadetstva2724@yandex.ru,POINT (37.739163 55.7110075)
57, Государственное бюджетное образовательное учреждение города Москвы детский сад комбинированного вида № 1828, ГБОУ детский сад № 1828,"1 828", Дошкольное образовательное учреждение, Детский сад комбинированного вида, Бюджетное, Центральное окружное управление образования," 109316 г. Москва, ул.Стройковская, д.5",(495) 670-04-65, GOU1828@yandex.ru; ds1828@mail.ru,POINT (37.6751787 55.73358959999999)
58, Государственное бюджетное образовательное учреждение города Москвы детский сад № 1382, ГБОУ детский сад № 1382,"1 382", Дошкольное образовательное учреждение, Детский сад, Бюджетное, Западное окружное управление образования," 119607, г.Москва, ул.Лобачевского, д. 96, корп. 1",(495) 931-41-00, ds1382@yandex.ru,POINT (37.482825 55.68227450000001)
59, Государственное бюджетное образовательное учреждение города Москвы детский сад № 2702, ГБОУ детский сад № 2702,"2 702", Дошкольное образовательное учреждение, Детский сад, Бюджетное, Северо-Восточное окружное управление образования," 127495, город Москва, Дмитровское шоссе, дом 165Е, корпус 2",(499) 661-50-26, dou.2702@yandex.ru,POINT (37.542575 55.925061)
60, Государственное бюджетное образовательное учреждение города Москвы детский сад № 823, ГБОУ детский сад № 823,"823", Дошкольное образовательное учреждение, Детский сад, Бюджетное, Северное окружное управление образования," 125130, город Москва, улица Зои и Александра Космодемьянских,дом 35А",(499) 231-71-05, gbou823yandex.ru; tat-nagajceva@yandex.ru,POINT (37.5248131 55.82546290000001)
61, Государственное бюджетное образовательное учреждение города Москвы детский сад № 2707, ГБОУ детский сад № 2707,"2 707", Дошкольное образовательное учреждение, Детский сад, Бюджетное, Зеленоградское окружное управление образования," 124617, г. Москва, Зеленоград, корп.1463",(499) 738-36-66, d2707@zou.ru,POINT (37.1828689 55.9846714)
62, Государственное бюджетное образовательное учреждение города Москвы детский сад комбинированного вида № 1560, ГБОУ детский сад № 1560,"1 560", Дошкольное образовательное учреждение, Детский сад комбинированного вида, Бюджетное, Восточное окружное управление образования," 107014, г. Москва, ул. Охотничья, д.8",(499) 269-59-20, ds_1560@mail.ru,POINT (37.684602 55.7957416)
63, Государственное бюджетное образовательное учреждение города Москвы детский сад комбинированного вида № 1465, ГБОУ детский сад № 1465,"1 465", Дошкольное образовательное учреждение, Детский сад комбинированного вида, Бюджетное, Центральное окружное управление образования," 123317 Москва, Стрельбищенский пер., дом 21А",(499) 256-14-46, nashdom1465@mail.ru,POINT (37.5390574 55.7633129)
64, Государственное бюджетное образовательное учреждение города Москвы детский сад комбинированного вида № 675, ГБОУ детский сад № 675,"675", Дошкольное образовательное учреждение, Детский сад комбинированного вида, Бюджетное, Западное окружное управление образования," 119571, г.Москва, ул. 26 Бакинских комиссаров, д. 3, корп. 2",(495) 433-60-13, SAD-675@yandex.ru; http://dskv675.mskzapad.ru/,POINT (37.489735 55.656329)
65, Государственное бюджетное образовательное учреждение города Москвы детский сад комбинированного вида № 1917, ГБОУ детский сад № 1917,"1 917", Дошкольное образовательное учреждение, Детский сад комбинированного вида, Бюджетное, Северное окружное управление образования," 127083, г. Москва, улица 8 Марта, дом 6 ""а""",(495) 612-63-61, dssav1917@soudo.ru; 1917ds@mail.ru,POINT (37.556771 55.80162499999999)
66, Государственное бюджетное образовательное учреждение города Москвы детский сад комбинированного вида № 2565, ГБОУ детский сад № 2565,"2 565", Дошкольное образовательное учреждение, Детский сад комбинированного вида, Бюджетное, Восточное окружное управление образования," 105122, г. Москва, ул.3-я Парковая , д.61А",(499) 748-27-10, ds2565@mail.ru; gouds2517@mail.ru; detskiysad55@mail.ru,POINT (37.7800587 55.8069097)
67, Государственное бюджетное образовательное учреждение города Москвы детский сад № 2589, ГБОУ детский сад №2589,"2 589", Дошкольное образовательное учреждение, Детский сад, Бюджетное, Юго-Западное окружное управление образования," 117041, г. Москва, ул. Академика Понтрягина, дом 27, корпус 1",(495)715-13-80, dou2589@mail.ru,POINT (37.502118 55.5316511)
68, Государственное бюджетное образовательное учреждение города Москвы детский сад комбинированного вида № 741, ГБОУ детский сад № 741,"741", Дошкольное образовательное учреждение, Детский сад комбинированного вида, Бюджетное, Южное окружное управление образования," 117535 г.Москва,ул. Дорожная,д.26,к.3",(495) 382-73-54, dou741@sinergi.ru,POINT (37.6152602 55.5981401)
69, Государственное бюджетное образовательное учреждение города Москвы детский сад № 2501, ГБОУ детский сад № 2501,"2 501", Дошкольное образовательное учреждение, Детский сад, Бюджетное, Южное окружное управление образования," 117452 г. Москва, Чонгарский б-р.д.13",(499) 610-04-22, dou2501@sinergi.ru,POINT (37.6096279 55.6519729)
70, Государственное бюджетное образовательное учреждение города Москвы детский сад компенсирующего вида № 1210, ГБОУ детский сад № 1210,"1 210", Дошкольное образовательное учреждение, Детский сад, Бюджетное, Юго-Западное окружное управление образования," 117261, г.Москва, ул. Генерала Тюленева, дом 25, корп. 2",(495) 339-88-44, dou1210@mosuzedu.ru,POINT (37.489737 55.619834)
71," Государственное бюджетное образовательное учреждение города Москвы центр развития ребенка - детский сад № 2429 ""Теремок"""," ГБОУ ЦРР - детский сад № 2429 ""Теремок""","2 429", Дошкольное образовательное учреждение, Центр развития ребенка – детский сад, Бюджетное, Северное окружное управление образования," 125493, г. Москва, улица Пулковская, дом 4А",(495) 708-03-09, gou-ds-2429@mail.ru; teremok_2429@mail.ru,POINT (37.4869266 55.8441631)
72, Государственное бюджетное образовательное учреждение города Москвы детский сад компенсирующего вида № 977, ГБОУ детский сад № 977,"977", Дошкольное образовательное учреждение, Детский сад компенсирующего вида, Бюджетное, Северо-Восточное окружное управление образования," 127576, город Москва, улица Илимская, дом 2 Б",(499) 200-62-29, gou977@mail.ru,POINT (37.5709892 55.89259879999999)
73, Государственное бюджетное образовательное учреждение города Москвы детский сад компенсирующего вида № 94, ГБОУ детский сад № 94, 94, Дошкольное образовательное учреждение, Детский сад компенсирующего вида, Бюджетное, Восточное окружное управление образования," 111538, г. Москва, улица Вешняковская, дом 41А",(499) 373-93-87, vihsenka2008@yandex.ru; http://dskvp94.mskobr.ru/; popovatat94@yandex.ru,POINT (37.8239421 55.717669)
74, Государственное бюджетное образовательное учреждение города Москвы центр развития ребенка - детский сад № 731, ГБОУ ЦРР - детский сад № 731,"731", Дошкольное образовательное учреждение, Центр развития ребенка – детский сад, Бюджетное, Южное окружное управление образования," 115404 г. Москва, ул. Бирюлевская,д.23,к.2",(495) 326-98-88, dou731@sinergi.ru,POINT (37.668168 55.593933)
75, Государственное бюджетное образовательное учреждение города Москвы детский сад № 2153, ГБОУ детский сад № 2153,"2 153", Дошкольное образовательное учреждение, Детский сад, Бюджетное, Северо-Восточное окружное управление образования," 127560, город Москва, улица Коненкова, дом 19 Б",(499) 206-95-11, dou-2153@yandex.ru,POINT (37.6077218 55.8931041)
76, Государственное бюджетное образовательное учреждение города Москвы детский сад № 2620, ГБОУ детский сад № 2620,"2 620", Дошкольное образовательное учреждение, Детский сад, Бюджетное, Юго-Западное окружное управление образования," 117218, г. Москва, ул. Кедрова, дом 22, корп. 1",(495) 718-99-29, gou2620@gmail.com,POINT (37.575851 55.6809166)
77, Государственное бюджетное образовательное учреждение города Москвы детский сад № 357, ГБОУ детский сад № 357,"357", Дошкольное образовательное учреждение, Детский сад, Бюджетное, Восточное окружное управление образования," 107143, г. Москва Открытое шоссе, дом 23 Б",(499) 167-60-45, detsad357@yandex.ru,POINT (37.7537112 55.8253121)
78, Государственное бюджетное образовательное учреждение города Москвы детский сад общеразвивающего вида № 370, ГБОУ детский сад № 370,"370", Дошкольное образовательное учреждение, Детский сад общеразвивающего вида с приоритетным осуществлением деятельности по одному из направлений развития детей, Бюджетное, Северо-Восточное окружное управление образования," 127566 город Москва, улица Бестужевых, дом 13-а",(499) 201-92-55, gbou370@yandex.ru,POINT (37.6030907 55.8699725)
79, Государственное бюджетное образовательное учреждение города Москвы детский сад № 347, ГБОУ детский сад № 347,"347", Дошкольное образовательное учреждение, Детский сад общеразвивающего вида с приоритетным осуществлением деятельности по одному из направлений развития детей, Бюджетное, Северное окружное управление образования," 125445, г. Москва, Валдайский проезд, дом 18",(499) 457-63-91, gouds347@mail.ru,POINT (37.4664496 55.8713441)
80, Государственное бюджетное образовательное учреждение города Москвы центр развития ребенка - детский сад № 2413, ГБОУ ЦРР - детский сад № 2413,"2 413", Дошкольное образовательное учреждение, Центр развития ребенка – детский сад, Бюджетное, Юго-Западное окружное управление образования," 117628, г.Москва, ул. Старокачаловская, дом 22, корпус 1",(495)714-87-72, child2413@yandex.ru,POINT (37.5857746 55.5712966)
81, Государственное бюджетное образовательное учреждение города Москвы детский сад комбинированного вида № 1253, ГБОУ детский сад № 1253,"1 253", Дошкольное образовательное учреждение, Детский сад, Бюджетное, Северное окружное управление образования," 127422, г. Москва, ул. Тимирязевская, д. 24А",(495) 639-87-68, ds1253@mail.ru,POINT (37.5635565 55.8185223)
82, Государственное бюджетное образовательное учреждение города Москвы детский сад общеразвивающего вида № 1869, ГБОУ детский сад № 1869,"1 869", Дошкольное образовательное учреждение, Детский сад общеразвивающего вида с приоритетным осуществлением деятельности по одному из направлений развития детей, Бюджетное, Западное окружное управление образования," 119634 г.Москва, ул. Шолохова, д. 9, корпус 1",(495) 733-67-29, dou1869@mail.ru,POINT (37.3460676 55.6385805)
83, Государственное бюджетное образовательное учреждение города Москвы детский сад № 1853, ГБОУ детский сад № 1853,"1 853", Дошкольное образовательное учреждение, Детский сад, Бюджетное, Западное окружное управление образования," 119415, г. Москва, ул. Удальцова, д. 10 к.1",(499) 131-61-83, dou1853@mail.ru,POINT (37.514393 55.675137)
84, Государственное бюджетное образовательное учреждение города Москвы детский сад №2577, ГБОУ детский сад № 2577,"2 577", Дошкольное образовательное учреждение, Детский сад, Бюджетное, Северо-Восточное окружное управление образования," 129337 город Москва, Ярославское шоссе дом № 118 корпус 4",(499) 183-59-16, dou2577@yandex.ru,POINT (37.71193100000001 55.868745)
85, Государственное бюджетное образовательное учреждение города Москвы детский сад № 2397, ГБОУ детский сад № 2397,"2 397", Дошкольное образовательное учреждение, Детский сад, Бюджетное, Юго-Восточное окружное управление образования," 109341, г. Москва, ул. Перерва, дом 35",(495) 349-83-80, ds2397@mail.ru,POINT (37.7447725 55.659278)
86, Государственное бюджетное образовательное учреждение города Москвы детский сад компенсирующего вида № 1126, ГБОУ детский сад № 1126,"1 126", Дошкольное образовательное учреждение, Детский сад компенсирующего вида, Бюджетное, Зеленоградское окружное управление образования," 124482, г.Москва, Зеленоград, корп. 331А",(499) 734-13-83, d1126@zou.ru,POINT (37.1829072 55.978031)
87, Государственное бюджетное образовательное учреждение города Москвы центр развития ребенка - детский сад № 2617, ГБОУ ЦРР -детский сад № 2617,"2 617", Дошкольное образовательное учреждение, Центр развития ребенка – детский сад, Бюджетное, Центральное окружное управление образования," 105094 г.Москва, Госпитальный вал, 3А",(499) 263-01-32, ds2617@yandex.ru,POINT (37.704062 55.77184500000001)
88, Государственное бюджетное образовательное учреждение города Москвы детский сад комбинированного вида №992, ГБОУ детский сад № 992,"992", Дошкольное образовательное учреждение, Детский сад комбинированного вида, Бюджетное, Центральное окружное управление образования," 109544 Добровольческая улица, 28,стр.1",(495) 911-84-81, dc992@yandex.ru,POINT (37.6690331 55.741961)
89, Государственное бюджетное образовательное учреждение города Москвы детский сад № 1784, ГБОУ детский сад № 1784,"1 784", Дошкольное образовательное учреждение, Детский сад, Бюджетное, Северо-Восточное окружное управление образования," 127572, город Москва, улица Абрамцевская, дом 13",(499) 908-95-81, dou.1784@yandex.ru,POINT (37.5740372 55.90583419999999)
90, Государственное бюджетное образовательное учреждение города Москвы детский сад № 1116, ГБОУ детский сад № 1116,"1 116", Дошкольное образовательное учреждение, Детский сад, Бюджетное, Северо-Восточное окружное управление образования," 127543, город Москва, улица Корнейчука, дом 22А",(499) 207-06-34, detsad1116@mail.ru,POINT (37.6150477 55.899995)
91, Государственное бюджетное образовательное учреждение города Москвы детский сад комбинированного вида № 2386, ГБОУ детский сад № 2386,"2 386", Дошкольное образовательное учреждение, Детский сад комбинированного вида, Бюджетное, Восточное окружное управление образования," 105122,г.Москва,Щелковское шоссе,д.14А",(499) 163-18-42, gouds2386@yandex.ru,POINT (37.7712811 55.806026)
92, Государственное бюджетное образовательное учреждение города Москвы детский сад № 158, ГБОУ детский сад № 158,"118", Дошкольное образовательное учреждение, Детский сад, Бюджетное, Восточное окружное управление образования," 105215, г. Москва, Щелковское ш., д. 44 А",(499) 164-46-16, detsad158@yandex.ru,POINT (37.7913618 55.8083559)
93, Государственное бюджетное образовательное учреждение города Москвы детский сад комбинированного вида №239, ГБОУ детский сад № 239,"239", Дошкольное образовательное учреждение, Детский сад комбинированного вида, Бюджетное, Восточное окружное управление образования," 105523, г. Москва, Щелковское шоссе, д. 82 А",(495) 468-40-02, detsad239@mail.ru; dskv239.mskobr.ru,POINT (37.81441239999999 55.8094841)
94, Государственное бюджетное образовательное учреждение города Москвы детский сад общеразвивающего вида с приоритетным осуществлением деятельности по познавательно-речевому развитию детей №1689, ГБОУ г. Москвы детский сад № 1689,"1 689", Дошкольное образовательное учреждение, Детский сад общеразвивающего вида с приоритетным осуществлением деятельности по одному из направлений развития детей, Бюджетное, Восточное окружное управление образования," 111672, г. Москва, ул. Городецкая, д. 9 А",(495) 702-32-83, marina-hom@yandex.ru,POINT (37.8699444 55.7407214)
95, Государственное бюджетное образовательное учреждение города Москвы центр развития ребенка - детский сад № 26, ГБОУ ЦРР - детский сад № 26, 26, Дошкольное образовательное учреждение, Детский сад общеразвивающего вида с приоритетным осуществлением деятельности по одному из направлений развития детей, Бюджетное, Южное окружное управление образования," 117534 г. Москва, ул.Кировоградская, 42а",(495) 387-32-14, dou26@sinergi.ru,POINT (37.59589709999999 55.600522)
96, Государственное бюджетное образовательное учреждение города Москвы детский сад комбинированного вида № 761, ГБОУ детский сад № 761,"761", Дошкольное образовательное учреждение, Детский сад комбинированного вида, Бюджетное, Восточное окружное управление образования," 111538, г. Москва, ул. Вешняковская ,д. 25А",(499) 374-00-40, detsad761@rambler.ru,POINT (37.8313162 55.726359)
97, Государственное бюджетное образовательное учреждение города Москвы детский сад комбинированного вида № 434, ГБОУ детский сад № 434,"434", Дошкольное образовательное учреждение, Детский сад комбинированного вида, Бюджетное, Восточное окружное управление образования," 105077,г.Москва,Измайловский бульвар,д.60/10",(495) 465-72-04, ds.434@yandex.ru,POINT (37.8135455 55.7965898)
98, Государственное бюджетное образовательное учреждение города Москвы детский сад комбинированного вида № 2447, ГБОУ детский сад № 2447,"2 447", Дошкольное образовательное учреждение, Детский сад комбинированного вида, Бюджетное, Северо-Западное окружное управление образования," 125368, г. Москва, Ангелов переулок, д. 7, корп. 2",(495) 751-79-93,  dou2447@szouo.ru,POINT (37.3492483 55.8515759)
99, Государственное бюджетное образовательное учреждение города Москвы детский сад компенсирующего вида № 831, ГБОУ детский сад № 831,"831", Дошкольное образовательное учреждение, Детский сад компенсирующего вида, Бюджетное, Северное окружное управление образования," 125008, г. Москва, улица Михалковская, дом 18",(499) 154-20-46, gou831@yandex.ru,POINT (37.5313421 55.839056)
100, Государственное бюджетное образовательное учреждение города Москвы детский сад № 317, ГБОУ детский сад № 317,"317", Дошкольное образовательное учреждение, Детский сад общеразвивающего вида с приоритетным осуществлением деятельности по одному из направлений развития детей, Бюджетное, Северное окружное управление образования," 127206, г. Москва, улица Астрадамская, дом 11а",(495) 611-13-38, lady.sad317@yandex.ru,POINT (37.5615712 55.8140043)
101," Государственное бюджетное образовательное учреждение города Москвы Центр развития ребенка - детский сад № 2374 ""Родничок"""," ГОУ ЦРР - детский сад № 2374 ""Родничок""","2 374", Дошкольное образовательное учреждение, Центр развития ребенка – детский сад, Бюджетное, Южное окружное управление образования," 115580 г. Москва, Кустанайская д.14,к.2",(495) 396-01-85, dou2374@sinergi.ru,POINT (37.75074860000001 55.6162722)
102, Государственное бюджетное образовательное учреждение города Москвы детский сад общеразвивающего вида № 700, ГБОУ детский сад № 700,"700", Дошкольное образовательное учреждение, Детский сад общеразвивающего вида с приоритетным осуществлением деятельности по одному из направлений развития детей, Бюджетное, Западное окружное управление образования," 121609, г. Москва, ул. Крылатские холмы, д. 17",(495) 413-35-55, dou1615@mail.ru,POINT (37.4153842 55.7521158)
103, Государственное автономное образовательное учреждение города Москвы детский сад комбинированного вида № 1036, ГАОУ детский сад № 1036,"1 036", Дошкольное образовательное учреждение, Детский сад комбинированного вида, Автономное, Троицкое и новомосковское окружное управление образования," 143340, Москва Город, поселение Новофедоровское, деревня Яковлевское",#Н/Д, Madou-raduga25@yandex.ru,POINT (36.9414087 55.4654985)
104, Государственное бюджетное образовательное учреждение города Москвы центр развития ребенка - детский сад № 2528, ГБОУ ЦРР - детский сад № 2528,"2 528", Дошкольное образовательное учреждение, Центр развития ребенка – детский сад, Бюджетное, Северное окружное управление образования," 125475, г. Москва, улица Дыбенко, дом 2А",(499) 767-16-60, ds2528@mail.ru,POINT (37.4871171 55.8679884)
105, Государственное бюджетное образовательное учреждение города Москвы детский сад № 2557, ГБОУ детский сад № 2557,"2 557", Дошкольное образовательное учреждение, Детский сад, Бюджетное, Юго-Западное окружное управление образования," 117186, город Москва, улица Нагорная, дом 37, корпус 3",(499) 121-04-44, dou2557@ou.mosuzedu.ru,POINT (37.5948796 55.6697362)
106, Государственное бюджетное образовательное учреждение города Москвы детский сад комбинированного вида № 717, ГБОУ детский сад № 717,"717", Дошкольное образовательное учреждение, Детский сад комбинированного вида, Бюджетное, Северное окружное управление образования," 127550, г. Москва, Дмитровское шоссе, дом 29, корпус 2",(499) 976-53-98, sadik717@mail.ru.,POINT (37.570143 55.827926)
107, Государственное бюджетное образовательное учреждение города Москвы детский сад комбинированного вида № 1486, ГБОУ детский сад № 1486,"1 486", Дошкольное образовательное учреждение, Детский сад комбинированного вида, Бюджетное, Северное окружное управление образования," 127247, г. Москва, Дмитровское шоссе, дом 101А",(499) 489-30-52, ds1486@mail.ru,POINT (37.5445241 55.8759319)
108, Государственное бюджетное образовательное учреждение города Москвы детский сад № 1727, ГБОУ детский сад № 1727,"1 727", Дошкольное образовательное учреждение, Детский сад, Бюджетное, Северное окружное управление образования," 125284, г. Москва, улица Поликарпова, дом 6",(495) 946-17-24, souo1727@mail.ru,POINT (37.5538199 55.7774534)
109, Государственное бюджетное образовательное учреждение города Москвы детский сад № 1693, ГБОУ детский сад № 1693,"1 693", Дошкольное образовательное учреждение, Детский сад, Бюджетное, Восточное окружное управление образования," 111672, г. Москва, ул. Салтыковская, д.29",(495) 702-06-25, ds1693@mail.ru,POINT (37.8731313 55.74089050000001)
110, Государственное бюджетное образовательное учреждение города Москвы детский сад № 2526, ГБОУ детский сад № 2526,"2 526", Дошкольное образовательное учреждение, Детский сад, Бюджетное, Северное окружное управление образования," 125252, г. Москва, Ходынский бульвар, дом 15, строение 2",(499) 740-53-14, dskhor2526@soudo.ru; ds2526@mail.ru,POINT (37.522525 55.787139)
111, Государственное бюджетное образовательное учреждение города Москвы детский сад компенсирующего вида № 2420, ГБОУ детский сад № 2420,"2 420", Дошкольное образовательное учреждение, Детский сад компенсирующего вида, Бюджетное, Северо-Восточное окружное управление образования," 129327, город Москва, улица Ленская, дом 26, корпус 1",(495) 470-54-36, gou2420@rambler.ru,POINT (37.6583318 55.8680349)
112, Государственное бюджетное образовательное учреждение города Москвы детский сад комбинированного вида № 690, ГБОУ детский сад № 690,"690", Дошкольное образовательное учреждение, Детский сад комбинированного вида, Бюджетное, Северное окружное управление образования," 125502, г. Москва, ул. Фестивальная, дом 61 А",(495) 455-74-19, gou690@yandex.ru,POINT (37.4977427 55.86117729999999)
113, Государственное бюджетное образовательное учреждение города Москвы детский сад с этнокультурным (татарским) компонентом образования № 318, ГБОУ детский сад № 318,"318", Дошкольное образовательное учреждение, Детский сад с этнокультурным (национальным) компонентом образования, Бюджетное, Восточное окружное управление образования," 107065, Москва, ул. Сахалинская, д.4А",(495) 466-92-88, saniya318@yandex.ru; detsad318@yandex.ru,POINT (37.8188612 55.8258532)
114, Государственное бюджетное образовательное учреждение города Москвы детский сад комбинированного вида № 340, ГБОУ детский сад № 340,"340", Дошкольное образовательное учреждение, Детский сад комбинированного вида, Бюджетное, Западное окружное управление образования," 121248, г.Москва, Кутузовский проспект, д. 5, корп. 3",(499) 243-63-25, detsad340@mail.ru,POINT (37.5655048 55.7494942)
115, Государственное бюджетное образовательное учреждение города Москвы детский сад № 261, ГБОУ детский сад № 261,"261", Дошкольное образовательное учреждение, Детский сад, Бюджетное, Северо-Восточное окружное управление образования," 127224, город Москва, улица Широкая, дом 24А",(499) 479-15-18, cadik261@mail.ru,POINT (37.6706006 55.8863373)
116, Государственное бюджетное образовательное учреждение города Москвы детский сад общеразвивающего вида № 2255, ГБОУ детский сад № 2255,"2 255", Дошкольное образовательное учреждение, Детский сад общеразвивающего вида с приоритетным осуществлением деятельности по одному из направлений развития детей, Бюджетное, Юго-Восточное окружное управление образования," 109153, г. Москва, Лермонтовский проспект, д. 14, корп. 3",(495) 705-11-98, ds_2255@mail.ru,POINT (37.8544785 55.6979907)
117, Государственное бюджетное образовательное учреждение города Москвы детский сад компенсирующего вида № 1707, ГБОУ детский сад № 1707,"1 707", Дошкольное образовательное учреждение, Детский сад компенсирующего вида, Бюджетное, Северо-Восточное окружное управление образования," 129323, г. Москва, проезд Русанова, д.23, стр.1",(499) 180-21-55, detsad1707@mail.ru,POINT (37.64107 55.855057)
118, Государственное бюджетное образовательное учреждение города Москвы детский сад компенсирующего вида № 1476, ГБОУ детский сад № 1476,"1 476", Дошкольное образовательное учреждение, Детский сад компенсирующего вида, Бюджетное, Центральное окружное управление образования," 119146 г. Москва, 2-я Фрунзенская ул., д.10",(499) 242-25-40, ludmila.ds1476@mail.ru,POINT (37.5815352 55.7234805)
119, Государственное бюджетное образовательное учреждение города Москвы детский сад № 898, ГБОУ детский сад № 898,"898", Дошкольное образовательное учреждение, Детский сад, Бюджетное, Южное окружное управление образования," 117587 г.Москва, ул. Кировоградская, д.20,к.4",(495) 314-81-49, dou898@sinergi.ru,POINT (37.6058595 55.61791539999999)
120, Государственное бюджетное образовательное учреждение города Москвы детский сад комбинированного вида № 2085, ГБОУ Детский сад № 2085,"2 085", Дошкольное образовательное учреждение, Детский сад комбинированного вида, Бюджетное, Северное окружное управление образования," 125414, г. Москва, ул. Клинская, д. 13",(495) 455-06-87, dskhov2085@soudo.ru,POINT (37.4984115 55.8672459)
121, Государственное бюджетное образовательное учреждение города Москвы детский сад № 2352, ГБОУ детский сад № 2352,"2 352", Дошкольное образовательное учреждение, Детский сад, Бюджетное, Центральное окружное управление образования," 119435 Москва, Погодинская ул., дом 20/3, стр. 1",(499) 246-41-88, dou-2352@mail.ru,POINT (37.561608 55.72969200000001)
122, Государственное бюджетное образовательное учреждение города Москвы детский сад комбинированного вида № 1338, ГБОУ детский сад № 1338,"1 338", Дошкольное образовательное учреждение, Детский сад комбинированного вида, Бюджетное, Юго-Восточное окружное управление образования," 111674, г. Москва, ул. 1-я Вольская, д. 20, корп. 2",(495) 706-83-33, dou1338@mail.ru,POINT (37.9246619 55.6825617)
123, Государственное бюджетное образовательное учреждение города Москвы детский сад № 415, ГБОУ детский сад № 415,"415", Дошкольное образовательное учреждение, Детский сад, Бюджетное, Восточное окружное управление образования," 105264, Москва, ул. 5-я Парковая, д.46 А",(499) 164-48-16, detsad415@yandex.ru,POINT (37.7892657 55.8003137)
124, Государственное бюджетное образовательное учреждение города Москвы центр развития ребенка - детский сад № 2584, ГБОУ ЦРР - детский сад № 2584,"2 584", Дошкольное образовательное учреждение, Центр развития ребенка – детский сад, Бюджетное, Юго-Восточное окружное управление образования," 111674, г. Москва, 1-ая Вольская улица, дом 8, корп. 1",(495) 706-60-00, crr2584@mail.ru,POINT (37.917038 55.6820264)
125, Государственное бюджетное образовательное учреждение города Москвы центр развития ребенка - детский сад № 2341, ГБОУ ЦРР - детский сад № 2341,"2 341", Дошкольное образовательное учреждение, Центр развития ребенка – детский сад, Бюджетное, Юго-Восточное окружное управление образования," 109156, г. Москва, ул. Генерала Кузнецова, дом 15, корпус 2",(495) 705-81-07, ds2341@uvuo.ru,POINT (37.8590609 55.686108)
126, Государственное бюджетное образовательное учреждение города Москвы детский сад № 2727, ГБОУ детский сад № 2727,"2 727", Дошкольное образовательное учреждение, Детский сад, Бюджетное, Восточное окружное управление образования," 107589, г. Москва, ул. Хабаровская, д. 8Б",(495) 469-92-18, detsad2727@yandex.ru,POINT (37.8291574 55.8193421)
127, Государственное бюджетное образовательное учреждение города Москвы детский сад комбинированного вида № 2346, ГБОУ детский сад № 2346,"2 346", Дошкольное образовательное учреждение, Детский сад комбинированного вида, Бюджетное, Восточное окружное управление образования," 111672, г. Москва, ул. Новокосинская, д.14 Б",(095) 701-23-61, ds2346vou@mail.ru,POINT (37.8602887 55.73685099999999)
128," Государственное бюджетное образовательное учреждение города Москвы детский сад общеразвивающего вида № 2320 ""Маленькая страна"""," ГБОУ детский сад № 2320 ""Маленькая страна""","2 320", Дошкольное образовательное учреждение, Детский сад общеразвивающего вида с приоритетным осуществлением деятельности по одному из направлений развития детей, Бюджетное, Северо-Западное окружное управление образования," 125368, г. Москва, ул. Дубравная, д. 38, корп. 1",(495) 753-04-00,  dou2320@szouo.ru,POINT (37.3551218 55.8444549)
129, Государственное бюджетное образовательное учреждение города Москвы детский сад комбинированного вида № 891, ГБОУ детский сад № 891,"891", Дошкольное образовательное учреждение, Детский сад комбинированного вида, Бюджетное, Северное окружное управление образования," 127486, г. Москва, Дмитровское шоссе, дом 93, к.3",(499) 489-15-65, zaw1934@mail.ru,POINT (37.5412682 55.8699415)
130, Государственное бюджетное образовательное учреждение города Москвы Центр развития ребёнка - детский сад № 2364, ГБОУ ЦРР - детский сад № 2364,"2 364", Дошкольное образовательное учреждение, Центр развития ребенка – детский сад, Бюджетное, Центральное окружное управление образования," 123056 г. Москва, ул. Зоологическая, д.26, стр.2",(499) 254-63-81, CDC2364@mail.ru,POINT (37.5830218 55.7672322)
131, Государственное бюджетное образовательное учреждение города Москвы детский сад компенсирующего вида №609, ГБОУ детский сад № 609,"609", Дошкольное образовательное учреждение, Детский сад компенсирующего вида, Бюджетное, Восточное окружное управление образования," 105118, г. Москва, улица Бориса Жигуленкова, д. 11",(495) 365-46-85, detsad609@mail.ru,POINT (37.7327814 55.77459990000001)
132, Государственное бюджетное образовательное учреждение города Москвы детский сад № 2529, ГБОУ детский сад № 2529,"2 529", Дошкольное образовательное учреждение, Детский сад, Бюджетное, Северное окружное управление образования," 125315, г. Москва, улица Усиевича, дом 29 Б",(499) 747-73-74, 80detskiysad2529@mail.ru,POINT (37.5197076 55.8069595)
133, Государственное бюджетное образовательное учреждение города Москвы детский сад № 1064, ГБОУ детский сад № 1064,"1 064", Дошкольное образовательное учреждение, Детский сад, Бюджетное, Юго-Восточное окружное управление образования," 109377, г. Москва, улица Академика Скрябина, дом 1, корп.2",(499) 796-50-21, dc1064@yandex.ru,POINT (37.7983801 55.7146217)
134, Государственное бюджетное образовательное учреждение города Москвы детский сад № 2697, ГБОУ детский сад № 2697,"2 697", Дошкольное образовательное учреждение, Детский сад, Бюджетное, Северо-Восточное окружное управление образования," 129348, город Москва, Ярославское шоссе, дом 26 Б, строение 2",(499) 188-50-10, dou.2697@yandex.ru,POINT (37.6913993 55.858021)
135, Государственное бюджетное образовательное учреждение города Москвы детский сад общеразвивающего вида № 567, ГБОУ детский сад № 567,"567", Дошкольное образовательное учреждение, Детский сад общеразвивающего вида с приоритетным осуществлением деятельности по одному из направлений развития детей, Бюджетное, Северо-Восточное окружное управление образования," 127322, город Москва, улица Яблочкова, дом 35 В",(495) 610-01-27, goydetskiysad1388@yandex.ru,POINT (37.5764332 55.8252819)
136, Государственное бюджетное образовательное учреждение города Москвы центр развития ребенка-детский сад № 1406, ГБОУ ЦРР-детский сад № 1406,"1 406", Дошкольное образовательное учреждение, Центр развития ребенка – детский сад, Бюджетное, Юго-Западное окружное управление образования," 117186, г. Москва, ул. Нагорная, дом 15, корпус 9","127-89-88", dou1406@ou.mosuzedu.ru; ds1406@mosuzedu.ru,POINT (37.6103281 55.6777192)
137, Государственное бюджетное образовательное учреждение города Москвы детский сад № 1031, ГБОУ детский сад № 1031,"1 031", Дошкольное образовательное учреждение, Детский сад, Бюджетное, Восточное окружное управление образования," 111141, г. Москва, ул. Перовская, д. 42А",(495) 309-36-67, detcad1031@mail.ru,POINT (37.7798555 55.74365239999999)
138, Государственное бюджетное образовательное учреждение города Москвы детский сад комбинированного вида № 1321, ГБОУ детский сад № 1321,"1 321", Дошкольное образовательное учреждение, Детский сад комбинированного вида, Бюджетное, Северо-Восточное окружное управление образования," 127576, город Москва, Новгородская улица, дом 9",(499) 908-49-00, detsad1321@mail.ru,POINT (37.5779026 55.8953585)
139, Государственное бюджетное образовательное учреждение города Москвы детский сад комбинированного вида № 2422, ГБОУ детский сад № 2422,"2 422", Дошкольное образовательное учреждение, Детский сад комбинированного вида, Бюджетное, Юго-Западное окружное управление образования," 117042, г.Москва, ул. Адмирала Лазарева, дом 28, корпус 2",(495)716-6022, dou2422@mosuzedu.ru,POINT (37.52978179999999 55.5472355)
140, Государственное бюджетное образовательное учреждение города Москвы детский сад общеразвивающего вида № 2113, ГБОУ детский сад № 2113,"2 113", Дошкольное образовательное учреждение, Детский сад общеразвивающего вида с приоритетным осуществлением деятельности по одному из направлений развития детей, Бюджетное, Центральное окружное управление образования," 109004 г.Москва, Николоямский переулок, д.3 а, корпус 3",(495) 911-16-01, detsad2113@gmail.com,POINT (37.6605511 55.7484062)
141, Государственное бюджетное образовательное учреждение города Москвы детский сад № 1898, ГБОУ детский сад № 1898,"1 898", Дошкольное образовательное учреждение, Детский сад, Бюджетное, Юго-Восточное окружное управление образования," 109378, Москва, Есенинский бульвар, д.1/26, к.3",(495) 379-59-18, ds1898@mail.ru,POINT (37.783441 55.706477)
142, Государственное бюджетное образовательное учреждение города Москвы детский сад № 818, ГБОУ детский сад № 818,"818", Дошкольное образовательное учреждение, Детский сад, Бюджетное, Западное окружное управление образования," 119192,г. Москва, ул. Винницкая, д. 5А",(495) 931-42-18, gou818@mail.ru,POINT (37.4940692 55.69700599999999)
143, Государственное бюджетное образовательное учреждение города Москвы детский сад № 2164, ГБОУ детский сад № 2164,"2 164", Дошкольное образовательное учреждение, Детский сад, Бюджетное, Центральное окружное управление образования," 119021 г.Москва, Пуговишников переулок, д.7",(499) 245-21-93, hamovnikids2164@mail.ru; lorina2164@mail.ru,POINT (37.5863367 55.7321713)
144, Государственное бюджетное образовательное учреждение города Москвы детский сад комбинированного вида № 2640, ГБОУ детский сад № 2640,"2 640", Дошкольное образовательное учреждение, Детский сад комбинированного вида, Бюджетное, Центральное окружное управление образования," 109544 г.Москва, ул.Рабочая, д.10",(495) 678-64-89, dou2640couo@mail.ru,POINT (37.6822183 55.7441708)
145, Государственное бюджетное образовательное учреждение города Москвы детский сад общеразвивающего вида № 1664, ГБОУ детский сад № 1664,"1 664", Дошкольное образовательное учреждение, Детский сад общеразвивающего вида с приоритетным осуществлением деятельности по одному из направлений развития детей, Бюджетное, Северное окружное управление образования," 127644, г. Москва улица Клязьминская, дом 9, корпус 5",(495) 484-09-74, ds1664@mail.ru,POINT (37.525429 55.890497)
146, Государственное бюджетное образовательное учреждение города Москвы детский сад комбинированного вида № 2052, ГБОУ детский сад № 2052,"2 052", Дошкольное образовательное учреждение, Детский сад комбинированного вида, Бюджетное, Восточное окружное управление образования," 111673, Москва, ул. Суздальская, д.18А",(495) 702-01-11, delhinenok@rambler.ru; ds.2052@yandex.ru,POINT (37.8503492 55.7417557)
147, Государственное бюджетное образовательное учреждение города Москвы детский сад общеразвивающего вида № 368, ГБОУ детский сад № 368,"368", Дошкольное образовательное учреждение, Детский сад общеразвивающего вида с приоритетным осуществлением деятельности по одному из направлений развития детей, Бюджетное, Юго-Западное окружное управление образования," 117292, г. Москва, ул. Ивана Бабушкина, д.13, корп. 2",(499) 125-01-59, Ivanova1041@yandex.ru,POINT (37.5623049 55.6850083)
148, Государственное бюджетное образовательное учреждение города Москвы детский сад № 1556, ГБОУ детский сад № 1556,"1 556", Дошкольное образовательное учреждение, Детский сад, Бюджетное, Северное окружное управление образования," 125565, г. Москва, Конаковский проезд, 12 ""А""",(495) 452-16-24, detskiysad1556@rambler.ru,POINT (37.4827618 55.8487966)
149, Государственное бюджетное образовательное учреждение города Москвы Детский сад № 1649, ГБОУ детский сад № 1649,"1 649", Дошкольное образовательное учреждение, Детский сад, Бюджетное, Юго-Восточное окружное управление образования," 109428, г.Москва, 2-й Пятигорский проезд, дом 5, корпус 1",(499) 171-29-83, goudetsad1609@mail.ru goy1649@yandex.ru,POINT (37.769763 55.724964)
150, Государственное бюджетное образовательное учреждение города Москвы детский сад № 351, ГБОУ детский сад № 351,"351", Дошкольное образовательное учреждение, Детский сад, Бюджетное, Северное окружное управление образования," ""125413, г. Москва, улица Флотская, д. 27 ""А""",(495) 453-01-92, gou-ds-351@mail.ru,POINT (37.5156615 55.8624816)
151, Государственное бюджетное образовательное учреждение города Москвы центр развития ребенка - детский сад № 2347, ГБОУ ЦРР - детский сад № 2347,"2 347", Дошкольное образовательное учреждение, Центр развития ребенка – детский сад, Бюджетное, Юго-Восточное окружное управление образования," 109431, г. Москва, ул. Генерала Кузнецова, д. 28, к. 2",(495) 704-59-79, 7045979@sad-2347.ru,POINT (37.8503063 55.68329120000001)
163, Государственное бюджетное образовательное учреждение города Москвы детский сад № 1873, ГБОУ детский сад № 1873,"1 873", Дошкольное образовательное учреждение, Детский сад, Бюджетное, Южное окружное управление образования," 115533 г.Москва, ул.Нагатинская, д.13, к.3",(499) 611-04-28, dou1873@sinergi.ru; detsad1873.narod2.ru,POINT (37.6413151 55.68079239999999)
152," Государственное бюджетное образовательное учреждение города Москвы детский сад комбинированного вида № 1117 ""Белочка""", ГБОУ детский сад № 1117 «Белочка»,"1 117", Дошкольное образовательное учреждение, Детский сад комбинированного вида, Бюджетное, Троицкое и новомосковское окружное управление образования," 142793, Москва Город, поселение Десёновское; поселок Ватутинки-1 Населенный пункт, 22",#Н/Д, bel1117@mail.ru,POINT (37.37939590000001 55.4889088)
153, Государственное бюджетное образовательное учреждение города Москвы детский сад компенсирующего вида № 181, ГБОУ детский сад № 181,"181", Дошкольное образовательное учреждение, Детский сад компенсирующего вида, Бюджетное, Северо-Восточное окружное управление образования," 127322, г.Москва, ул.Милашенкова, д.5-А",(495) 610-05-88, dousv-181@mail.ru; dou181@yandex.ru; dou.181@yandex.ru,POINT (37.586449 55.8230522)
154, Государственное бюджетное образовательное учреждение города Москвы детский сад № 2509, ГБОУ детский сад № 2509,"2 509", Дошкольное образовательное учреждение, Детский сад, Бюджетное, Юго-Западное окружное управление образования," 119421, г. Москва, ул. Обручева, дом 15, корпус 2, строение 1",(499) 739-84-89, pavlova-1972@mail.ru,POINT (37.517932 55.65959300000001)
155, Государственное бюджетное образовательное учреждение города Москвы детский сад комбинированного вида № 931, ГБОУ детский сад № 931,"931", Дошкольное образовательное учреждение, Детский сад комбинированного вида, Бюджетное, Юго-Восточное окружное управление образования," 109444, г. Москва, ул. Сормовская, д. 5",(495) 377-33-76, ds931@mail.ru,POINT (37.8128986 55.7098601)
156, Муниципальное бюджетное дошкольное образовательное учреждение городского округа Щербинка в городе Москве детский сад № 7 «Золотая рыбка», МБДОУ детский сад № 7 «Золотая рыбка», 7, Дошкольное образовательное учреждение, Детский сад, Бюджетное, Троицкое и новомосковское окружное управление образования," 142171, Москва Город, Щербинка Город, Чапаева Улица, 3",#Н/Д, z-rybka64@mail.ru,POINT (37.5703291 55.51278749999999)
157, Государственное бюджетное образовательное учреждение города Москвы детский сад компенсирующего вида № 92, ГБОУ детский сад № 92, 92, Дошкольное образовательное учреждение, Детский сад компенсирующего вида, Бюджетное, Северо-Восточное окружное управление образования," 129327, город Москва, улица Ленская, дом 5",(495) 471-37-16, dou92@yandex.ru; goy_92@bk.ru,POINT (37.6713104 55.864736)
158, Государственное бюджетное образовательное учреждение города Москвы детский сад № 2479, ГБОУ детский сад № 2479,"2 479", Дошкольное образовательное учреждение, Детский сад, Бюджетное, Восточное окружное управление образования," 111675, город Москва, улица Медведева, дом 2, дом 4",(499) 721-48-40, detsad2479@yandex.ru,POINT (37.8797129 55.71686829999999)
159, Государственное бюджетное образовательное учреждение города Москвы детский сад комбинированного вида № 2502, ГБОУ детский сад № 2502,"2 502", Дошкольное образовательное учреждение, Детский сад комбинированного вида, Бюджетное, Южное окружное управление образования," 115211 г. Москва, Борисовские пруды ул. д. 11,к.2",(495) 340-35-49, dou2502@sinergi.ru; dou2502@rambler.ru,POINT (37.7174256 55.6371933)
160, Государственное бюджетное образовательное учреждение города Москвы Центр развития ребенка - детский сад № 1786, ГБОУ ЦРР - детский сад № 1786,"1 786", Дошкольное образовательное учреждение, Центр развития ребенка – детский сад, Бюджетное, Центральное окружное управление образования," 123022 г. Москва, Б. Трехгорный пер., д.8",(499) 256-29-39, 1786ds@mail.ru,POINT (37.56526849999999 55.7610514)
161, Государственное бюджетное образовательное учреждение города Москвы детский сад общеразвивающего вида № 515, ГБОУ детский сад № 515,"515", Дошкольное образовательное учреждение, Детский сад общеразвивающего вида с приоритетным осуществлением деятельности по одному из направлений развития детей, Бюджетное, Юго-Западное окружное управление образования," 117393, г.Москва, улица Гарибальди, дом 10А","132-20-22", gou515@mosuzedu.ru,POINT (37.5372932 55.6726861)
162, Государственное бюджетное образовательное учреждение города Москвы детский сад общеразвивающего вида № 835, ГБОУ детский сад № 835,"835", Дошкольное образовательное учреждение, Детский сад общеразвивающего вида с приоритетным осуществлением деятельности по одному из направлений развития детей, Бюджетное, Южное окружное управление образования," 117535 г. Москва, ул. Дорожная,д.7,корп.4",(495) 382-81-94, dou835@sinergi.ru,POINT (37.6236861 55.6016124)
164, Государственное бюджетное образовательное учреждение города Москвы детский сад комбинированного вида № 2104, ГБОУ детский сад № 2104,"2 104", Дошкольное образовательное учреждение, Детский сад комбинированного вида, Бюджетное, Северное окружное управление образования," 127591, г. Москва, ул. 800-летия Москвы, дом 28, корп. 2",(499) 900-02-09, detsad2104@mail.ru,POINT (37.562486 55.878573)
165, Государственное бюджетное образовательное учреждение города Москвы детский сад общеразвивающего вида № 925, ГБОУ детский сад № 925,"925", Дошкольное образовательное учреждение, Детский сад общеразвивающего вида с приоритетным осуществлением деятельности по одному из направлений развития детей, Бюджетное, Северо-Восточное окружное управление образования," 129336, город Москва, улица Стартовая, дом 29",(495) 475-33-97, Sadik925@mail.ru,POINT (37.6908488 55.8850992)
166, Государственное бюджетное образовательное учреждение города Москвы детский сад компенсирующего вида № 2309, ГБОУ детский сад № 2309,"2 309", Дошкольное образовательное учреждение, Детский сад компенсирующего вида, Бюджетное, Юго-Западное окружное управление образования," 117624, город Москва, улица Веневская, дом 13","716-19-63", dou2309@ou.mosuzedu.ru,POINT (37.549928 55.54494039999999)
167, Государственное бюджетное образовательное учреждение города Москвы детский сад комбинированного вида № 9, ГБОУ детский сад № 9, 9, Дошкольное образовательное учреждение, Детский сад комбинированного вида, Бюджетное, Северо-Западное окружное управление образования," 123423 г. Москва, Карамышевская набережная, д. 26, корп. 2",(499) 728-31-97,  dou9@szouo.ru,POINT (37.477476 55.770463)
168, Государственное бюджетное образовательное учреждение города Москвы детский сад комбинированного вида № 2201, ГБОУ детский сад № 2201,"2 201", Дошкольное образовательное учреждение, Детский сад комбинированного вида, Бюджетное, Северное окружное управление образования," 127591, г. Москва, ул. 800- летия Москвы, дом 28, корп.3",(499) 900-08-72, www.detsad2201@yandex.ru,POINT (37.5612393 55.8787536)
169, Государственное бюджетное образовательное учреждение города Москвы детский сад комбинированного вида № 1986, ГБОУ детский сад №1986,"1 986", Дошкольное образовательное учреждение, Детский сад комбинированного вида, Бюджетное, Юго-Западное окружное управление образования," 117593, г. Москва, ул. Рокотова, дом 8, корпус 3","8 (495) 426-77-33", d.s.1986@mail.ru; detsad1986@mail.ru,POINT (37.547821 55.61197499999999)
170, Государственное бюджетное образовательное учреждение города Москвы детский сад №1690, ГБОУ детский сад № 1690,"1 690", Дошкольное образовательное учреждение, Детский сад комбинированного вида, Бюджетное, Восточное окружное управление образования," 111672,г.Москва,ул. Городецкая д.10А",(495) 701-24-70, ds_1690@list.ru,POINT (37.8652522 55.73862829999999)
171, Государственное бюджетное образовательное учреждение города Москвы детский сад № 2686, ГБОУ детский сад № 2686,"2 686", Дошкольное образовательное учреждение, Детский сад, Бюджетное, Юго-Западное окружное управление образования," 117148, г.Москва, ул.Маршала Савицкого, д.14",(499) 232-04-18, dou2686@ou.mosuzedu.ru,POINT (37.5848412 55.503441)
172, Государственное бюджетное образовательное учреждение города Москвы детский сад комбинированного вида № 644, ГБОУ детский сад № 644,"644", Дошкольное образовательное учреждение, Детский сад комбинированного вида, Бюджетное, Центральное окружное управление образования," 109147 г.Москва, Тихий тупик, д. 2",(495) 912-25-59, gouds644@yandex.ru,POINT (37.6654607 55.7380497)
173, Государственное бюджетное образовательное учреждение города Москвы центр развития ребенка - детский сад № 837, ГБОУ ЦРР - детский сад № 837,"837", Дошкольное образовательное учреждение, Центр развития ребенка – детский сад, Бюджетное, Восточное окружное управление образования," 105264, г. Москва, ул. Верхняя Первомайская, д. 23",(499) 164-67-03, crr837@mail.ru,POINT (37.785115 55.79993899999999)
174, Государственное бюджетное образовательное учреждение города Москвы детский сад комбинированного вида № 623, ГБОУ детский сад № 623,"623", Дошкольное образовательное учреждение, Детский сад комбинированного вида, Бюджетное, Южное окружное управление образования," 115470 г. Москва, ул. Новинки, д.15,к.2",(499) 615-64-08, dou623@sinergi.ru,POINT (37.672488 55.678126)
175, Государственное бюджетное образовательное учреждение города Москвы детский сад № 411, ГБОУ детский сад № 411,"411", Дошкольное образовательное учреждение, Детский сад, Бюджетное, Западное окружное управление образования," 121248 г.Москва, Кутузовский проспект, д. 7/4 корпус 1",(499) 243-10-70, sad1128@mail.ru,POINT (37.5633825 55.74896159999999)
176, Государственное бюджетное образовательное учреждение города Москвы детский сад № 2055, ГБОУ детский сад № 2055,"2 055", Дошкольное образовательное учреждение, Детский сад, Бюджетное, Юго-Западное окружное управление образования," 117628, г.Москва, улица Ратная, дом 7А","84957111672", telegina.09@mail.ru; ztamara2055@yandex.ru,POINT (37.5761719 55.576336)
177, Государственное бюджетное образовательное учреждение города Москвы детский сад компенсирующего вида № 2308, ГБОУ детский сад № 2308,"2 308", Дошкольное образовательное учреждение, Детский сад компенсирующего вида, Бюджетное, Юго-Западное окружное управление образования," 117624, город Москва, улица Веневская, дом 11","716-19-90", dou2308@mosuzedu.ru,POINT (37.549862 55.545466)
178, Государственное бюджетное образовательное учреждение города Москвы детский сад № 1477, ГБОУ детский сад № 1477,"1 477", Дошкольное образовательное учреждение, Детский сад, Бюджетное, Северо-Восточное окружное управление образования," 129075, город Москва, 2-ая Новоостанкинская, д. 14А",(495) 602-49-28, dou-1477@yandex.ru,POINT (37.6280676 55.81652829999999)
179, Государственное бюджетное образовательное учреждение города Москвы детский сад № 328, ГБОУ детский сад № 328,"328", Дошкольное образовательное учреждение, Детский сад, Бюджетное, Северное окружное управление образования," 125183, г. Москва, улица Большая Академическая, дом № 63 а",(499) 154-74-81, detsad328-k@mail.ru,POINT (37.546534 55.841134)
180, Государственное бюджетное образовательное учреждение города Москвы детский сад компенсирующего вида № 2230, ГБОУ детский сад № 2230,"2 230", Дошкольное образовательное учреждение, Детский сад компенсирующего вида, Бюджетное, Северное окружное управление образования," 125475, г. Москва, улица Зеленоградская, дом 37 А",(495) 455-94-41, ds2230@list.ru; http://dskvp2230.mskobr.ru/,POINT (37.4872693 55.8767797)
181, Государственное бюджетное образовательное учреждение города Москвы детский сад компенсирующего вида № 861, ГБОУ детский сад № 861,"861", Дошкольное образовательное учреждение, Детский сад компенсирующего вида, Бюджетное, Восточное окружное управление образования," 140130, Московская обл.Раменский район, пос. Кратово, ул. Старомосковская, д.12",#Н/Д, 861ds@mail.ru,POINT (38.1369119 55.6055976)
182, Государственное бюджетное образовательное учреждение города Москвы детский сад № 395, ГБОУ детский сад № 395,"395", Дошкольное образовательное учреждение, Детский сад, Бюджетное, Юго-Восточное окружное управление образования," 109202, город Москва, улица Басовская, дом 3",(499) 673-39-35, detskijsad.395@yandex.ru,POINT (37.7381476 55.7390246)
183, Государственное бюджетное образовательное учреждение города Москвы детский сад комбинированного вида № 610, ГБОУ детский сад № 610,"610", Дошкольное образовательное учреждение, Детский сад комбинированного вида, Бюджетное, Северо-Восточное окружное управление образования," 127204, город Москва, улица 3-я Северная линия, дом 15",(499) 767-86-44, gou610@yandex.ru,POINT (37.5539105 55.9406577)
184, Государственное бюджетное образовательное учреждение города Москвы детский сад № 1501, ГБОУ детский сад № 1501,"1 501", Дошкольное образовательное учреждение, Детский сад общеразвивающего вида с приоритетным осуществлением деятельности по одному из направлений развития детей, Бюджетное, Северное окружное управление образования," 127422, г. Москва, улица Костякова д.8",(499) 976-40-69, luba591@rambler.ru,POINT (37.5722053 55.8129189)
185, Государственное бюджетное образовательное учреждение города Москвы детский сад компенсирующего вида № 1472, ГБОУ детский сад № 1472,"1 472", Дошкольное образовательное учреждение, Детский сад компенсирующего вида, Бюджетное, Центральное окружное управление образования," 119146 г. Москва, ул. 1-я Фрунзенская. д.6 А",(499) 766-41-53, de1472@mail.ru,POINT (37.5873319 55.7281021)
186," Государственное бюджетное образовательное учреждение города Москвы детский сад комбинированного вида № 1088 ""Жар-птица""", ГБОУ детский сад № 1088 «Жар-птица»,"1 088", Дошкольное образовательное учреждение, Детский сад комбинированного вида, Бюджетное, Троицкое и новомосковское окружное управление образования," 105318, Москва Город, Семеновская Площадь, 4",#Н/Д, firebird-22@mail.ru,POINT (37.7210321 55.7813321)
187, Государственное бюджетное образовательное учреждение города Москвы детский сад № 1089, ГБОУ детский сад № 1089,"1 089", Дошкольное образовательное учреждение, Детский сад, Бюджетное, Центральное окружное управление образования," 119435 г. Москва, ул. Б. Пироговская, д. 53/55",(499) 246-78-44, detskis1089@yandex.ru,POINT (37.561282 55.7273601)
188, Государственное бюджетное образовательное учреждение города Москвы детский сад комбинированного вида № 919, ГБОУ детский сад № 919,"919", Дошкольное образовательное учреждение, Детский сад комбинированного вида, Бюджетное, Южное окружное управление образования," 115583 г.Москва, ул.Елецкая, д.21",(495) 398-50-39, dou919@sinergi.ru,POINT (37.7355019 55.60577)
189, Государственное бюджетное образовательное учреждение города Москвы детский сад комбинированного вида № 1038, ГБОУ детский сад № 1038,"1 038", Дошкольное образовательное учреждение, Детский сад комбинированного вида, Бюджетное, Восточное окружное управление образования," 111531, г. Москва, ш. Энтузиастов, д.94 б",(095) 300-24-40, sad1038@mail.ru,POINT (37.8259815 55.77082679999999)
190, Государственное бюджетное образовательное учреждение города Москвы детский сад комбинированного вида № 525, ГБОУ детский сад № 525,"525", Дошкольное образовательное учреждение, Детский сад комбинированного вида, Бюджетное, Северное окружное управление образования," 127083, г. Москва, Мирской переулок, дом 9",(495) 612-71-91, 525ds@mail.ru,POINT (37.5648545 55.7965695)
191, Государственное бюджетное образовательное учреждение города Москвы детский сад компенсирующего вида № 2168, ГБОУ детский сад № 2168,"2 168", Дошкольное образовательное учреждение, Детский сад компенсирующего вида, Бюджетное, Юго-Западное окружное управление образования," 117593, город Москва, Новоясеневский проспект, дом 21, корпус 2","4251908", Gou2168@mosuzedu.ru,POINT (37.55175699999999 55.6040602)
192, Государственное бюджетное образовательное учреждение города Москвы детский сад комбинированного вида № 669, ГБОУ детский сад № 669,"669", Дошкольное образовательное учреждение, Детский сад комбинированного вида, Бюджетное, Центральное окружное управление образования," 119121 г.Москва, 7-ой Ростовский пер.,д.16",(499) 248-17-75, zinaidagluxix2009@rambler.ru,POINT (37.5748588 55.741437)
193, Государственное бюджетное образовательное учреждение города Москвы детский сад комбинированного вида № 585, ГБОУ детский сад № 585,"585", Дошкольное образовательное учреждение, Детский сад, Бюджетное, Центральное окружное управление образования," 123022, г. Москва, ул. 1905 года, д. 4, стр. 1",(499) 253-35-41, 585ds@mail.ru,POINT (37.561468 55.7652745)
194, Государственное бюджетное образовательное учреждение города Москвы детский сад комбинированного вида № 2712, ГБОУ детский сад № 2712,"2 712", Дошкольное образовательное учреждение, Детский сад комбинированного вида, Бюджетное, Юго-Восточное окружное управление образования," 111674, Москва, 2-я Вольская улица, дом 4",(499) 211-20-07, detsad2712@gmail.com,POINT (37.918734 55.6854182)
195, Государственное бюджетное образовательное учреждение города Москвы детский сад комбинированного вида № 1944, ГБОУ детский сад № 1944,"1 944", Дошкольное образовательное учреждение, Детский сад комбинированного вида, Бюджетное, Юго-Западное окружное управление образования," 119331, г. Москва, ул. Марии Ульяновой, дом 25Б",+7 (499) 138-5979, gou1944@mosuzedu.ru,POINT (37.5202444 55.6815627)
196, Государственное бюджетное образовательное учреждение города Москвы детский сад № 1550, ГБОУ детский сад № 1550,"1 550", Дошкольное образовательное учреждение, Детский сад, Бюджетное, Юго-Восточное окружное управление образования," 109548, г. Москва, ул. Полбина, дом 28",(495) 354-66-61, ds1550@list.ru,POINT (37.7285025 55.6859275)
197, Государственное бюджетное образовательное учреждение города Москвы детский сад комбинированного вида № 1882, ГБОУ детский сад № 1882,"1 882", Дошкольное образовательное учреждение, Детский сад комбинированного вида, Бюджетное, Северное окружное управление образования," 125502, г. Москва, улица Петрозаводская, д. 7А",(495) 455-42-24, dou1882@rambler.ru,POINT (37.4965529 55.86438339999999)
198, Государственное бюджетное образовательное учреждение города Москвы детский сад № 2653, ГБОУ детский сад № 2653,"2 653", Дошкольное образовательное учреждение, Детский сад, Бюджетное, Западное окружное управление образования," 119634, г. Москва, ул. Лукинская, д. 14, корп. 2",(499) 739-09-26, dou2652@mail.ru,POINT (37.3396812 55.6473996)
199, Государственное бюджетное образовательное учреждение города Москвы детский сад № 1799, ГБОУ детский сад № 1799,"1 799", Дошкольное образовательное учреждение, Детский сад, Бюджетное, Юго-Восточное окружное управление образования," 109144, г. Москва, ул.Батайский проезд д. 39",(499) 356-73-92, ds1799@yandex.ru,POINT (37.7330779 55.6444197)
200, Государственное бюджетное образовательное учреждение города Москвы детский сад комбинированного вида № 1680, ГБОУ детский сад № 1680,"1 680", Дошкольное образовательное учреждение, Детский сад комбинированного вида, Бюджетное, Южное окружное управление образования," 115597 г. Москва, Гурьевский пр-д, д.21, к.2",(495) 397-90-64, dou1680@sinergi.ru,POINT (37.750695 55.6079727)
201, Государственное бюджетное образовательное учреждение города Москвы центр развития ребенка - детский сад № 1647, ГБОУ ЦРР - детский сад № 1647,"1 647", Дошкольное образовательное учреждение, Центр развития ребенка – детский сад, Бюджетное, Юго-Западное окружное управление образования," 117647, г.Москва, ул. Академика Капицы, дом 10","420-37-11", dou1647@ou.mosuzedu.ru,POINT (37.52277369999999 55.6301249)
202, Государственное бюджетное образовательное учреждение города Москвы детский сад компенсирующего вида № 425, ГБОУ детский сад № 425,"425", Дошкольное образовательное учреждение, Детский сад компенсирующего вида, Бюджетное, Северо-Восточное окружное управление образования," 127254 г. Москва, улица Гончарова, д. 13-А",(495) 618-15-49, AYAKS425@yandex.ru; dou.425@yandex.ru,POINT (37.5864316 55.8154354)
203, Государственное бюджетное образовательное учреждение города Москвы центр развития ребенка - детский сад № 703, ГБОУ ЦРР - детский сад № 703,"703", Дошкольное образовательное учреждение, Центр развития ребенка – детский сад, Бюджетное, Северное окружное управление образования," 127411, г. Москва, улица Софьи Ковалевской, д. 6 А",(495) 484-90-74, sad703@ya.ru,POINT (37.5348425 55.8818377)
204, Государственное бюджетное образовательное учреждение города Москвы детский сад комбинированного вида № 2248, ГБОУ детский сад № 2248,"2 248", Дошкольное образовательное учреждение, Детский сад комбинированного вида, Бюджетное, Южное окружное управление образования," 115407 г. Москва, Затонная ул. д.7,к.2",(499) 616-52-66, dou2248@sinergi.ru,POINT (37.6862982 55.68054230000001)
205, Государственное бюджетное образовательное учреждение города Москвы детский сад компенсирующего вида № 1889, ГБОУ детский сад № 1889,"1 889", Дошкольное образовательное учреждение, Детский сад компенсирующего вида, Бюджетное, Северо-Западное окружное управление образования," 123154, г. Москва, бульвар Генерала Карбышева, д. 24, корп. 2",(499) 197-57-11,  dou1889@szouo.ru,POINT (37.47467839999999 55.7823237)
206, Государственное бюджетное образовательное учреждение города Москвы детский сад № 1130, ГБОУ детский сад № 1130,"1 130", Дошкольное образовательное учреждение, Детский сад, Бюджетное, Юго-Восточное окружное управление образования," 109429, г. Москва, Капотня, 4 квартал, дом 5",(495) 355-74-74, GOU-1130@yandex.ru.,POINT (37.7943972 55.6342356)
207, Государственное бюджетное образовательное учреждение города Москвы детский сад № 2464, ГБОУ детский сад № 2464,"2 464", Дошкольное образовательное учреждение, Детский сад, Бюджетное, Юго-Западное окружное управление образования," 117198, город Москва, ул. Саморы Машела, дом 6, корпус 1","735-11-00", ds2464@mosuzedu.ru,POINT (37.4973351 55.6467885)
208, Государственное бюджетное образовательное учреждение города Москвы детский сад № 401, ГБОУ детский сад № 401,"401", Дошкольное образовательное учреждение, Детский сад, Бюджетное, Юго-Западное окружное управление образования," 119296, г.Москва, Ломоносовский проспект, дом 14","8-495-930-23-82", dou1123@mosuzedu.ru,POINT (37.5410406 55.6898694)
209, Государственное бюджетное образовательное учреждение города Москвы детский сад общеразвивающего вида № 748, ГБОУ детский сад № 748,"748", Дошкольное образовательное учреждение, Детский сад общеразвивающего вида с приоритетным осуществлением деятельности по одному из направлений развития детей, Бюджетное, Южное окружное управление образования," 117535 г. Москва, 3-й Дорожный проездд, 6Б",(495) 382-88-68, dou748@sinergi.ru,POINT (37.6129539 55.60049840000001)
210," Государственное бюджетное образовательное учреждение города Москвы детский сад № 2713 ""Винни-Пух"""," ГБОУ детский сад № 2713 ""Винни-Пух""","2 713", Дошкольное образовательное учреждение, Детский сад, Бюджетное, Северо-Западное окружное управление образования," 123298, г. Москва, Тепличный переулок, д. 5, к.1",(499) 728-01-30,  dou2713@szouo.ru,POINT (37.4948399 55.79030179999999)
211, Государственное бюджетное образовательное учреждение города Москвы центр развития ребенка - детский сад № 1780, ГБОУ ЦРР - детский сад № 1780,"1 780", Дошкольное образовательное учреждение, Центр развития ребенка – детский сад, Бюджетное, Южное окружное управление образования," 117639 г. Москва, Балаклавский пр-т, 3-б",(495) 310-37-27, dou1780@sinergi.ru,POINT (37.6126145 55.6392067)
212, Государственное бюджетное образовательное учреждение города Москвы детский сад № 1394, ГБОУ детский сад № 1394,"1 394", Дошкольное образовательное учреждение, Детский сад, Бюджетное, Западное окружное управление образования," 121108, г.Москва, ул.Кастанаевская, д. 64",(499) 144-46-68, dou1394@inbox.ru,POINT (37.4581404 55.7323652)
213," Государственное бюджетное образовательное учреждение города Москвы детский сад № 586 ""Обыкновенное чудо"""," ГБОУ детский сад № 586 ""Обыкновенное чудо""","586", Дошкольное образовательное учреждение, Детский сад, Бюджетное, Северо-Западное окружное управление образования," 123585, г. Москва, ул. Генерала Глаголева, д. 28, к.2",(495) 947-06-80, dou586@szouo.ru,POINT (37.4682419 55.787675)
214, Государственное бюджетное образовательное учреждение города Москвы детский сад общеразвивающего вида № 1119, ГБОУ детский сад № 1119,"1 119", Дошкольное образовательное учреждение, Детский сад общеразвивающего вида с приоритетным осуществлением деятельности по одному из направлений развития детей, Бюджетное, Троицкое и новомосковское окружное управление образования," 105318, Москва Город, Семеновская Площадь, 4",#Н/Д, detskijsad1119@yandex.ru,POINT (37.7210321 55.7813321)
215, Государственное бюджетное образовательное учреждение города Москвы детский сад № 2539, ГБОУ детский сад № 2539,"2 539", Дошкольное образовательное учреждение, Детский сад, Бюджетное, Восточное окружное управление образования," 107564,г.Москва, 3-я Богатырская ул., д.5",(499) 748-35-02, DS2539@yandex.ru,POINT (37.6950843 55.817837)
216, Государственное бюджетное образовательное учреждение города Москвы детский сад № 333, ГБОУ детский сад № 333,"333", Дошкольное образовательное учреждение, Детский сад, Бюджетное, Западное окружное управление образования," 119590, г.Москва, ул. Довженко, д. 8",(499) 147-91-03, dou333@bk.ru,POINT (37.5124051 55.72138349999999)
217, Государственное бюджетное образовательное учреждение города Москвы детский сад общеразвивающего вида № 2209, ГБОУ детский сад № 2209,"2 209", Дошкольное образовательное учреждение, Детский сад общеразвивающего вида с приоритетным осуществлением деятельности по одному из направлений развития детей, Бюджетное, Юго-Восточное окружное управление образования," 109369, г. Москва, ул. Люблинская, д.114",(495) 349-12-61, detsad2209@mail.ru,POINT (37.7397483 55.6492252)
218, Государственное бюджетное образовательное учреждение города Москвы детский сад общеразвивающего вида № 1257, ГБОУ детский сад № 1257,"1 257", Дошкольное образовательное учреждение, Детский сад общеразвивающего вида с приоритетным осуществлением деятельности по одному из направлений развития детей, Бюджетное, Центральное окружное управление образования," 123022 Москва, Звенигородское шоссе, д.3А, стр.1",(499) 253-12-45, 1257ds@mail.ru,POINT (37.5565437 55.7635592)
219, Государственное бюджетное образовательное учреждение города Москвы детский сад № 1374, ГБОУ детский сад № 1374,"1 374", Дошкольное образовательное учреждение, Детский сад, Бюджетное, Центральное окружное управление образования," 105094 г. Москва, Гольяновская улица дом 1А",(495) 360-16-68, detsad1374@yandex.ru,POINT (37.705926 55.77741)
220," Государственное бюджетное образовательное учреждение города Москвы центр развития ребенка - детский сад № 1203 ""Росинка""", ГБОУ ЦРР – детский сад № 1203 «Росинка»,"1 203", Дошкольное образовательное учреждение, Центр развития ребенка – детский сад, Бюджетное, Троицкое и новомосковское окружное управление образования," 105318, Москва Город, Семеновская Площадь, 4",#Н/Д, detsad27rosinka@nextmail.ru,POINT (37.7210321 55.7813321)
221, Государственное бюджетное образовательное учреждение города Москвы детский сад № 2619, ГБОУ детский сад № 2619,"2 619", Дошкольное образовательное учреждение, Детский сад, Бюджетное, Центральное окружное управление образования," 119121 г.Москва, Ружейный пер., д.3",(916) 122-45-80, dou2619@mail.ru,POINT (37.5822065 55.7430795)
222, Государственное бюджетное образовательное учреждение города Москвы детский сад комбинированного вида № 1761, ГБОУ детский сад № 1761,"1 761", Дошкольное образовательное учреждение, Детский сад комбинированного вида, Бюджетное, Восточное окружное управление образования," 111531, г. Москва, шоссе Энтузиастов, д. 96 Б, стр. 1",(495) 307-40-88, detsad1761@mail.ru,POINT (37.8295744 55.7713694)
223, Государственное бюджетное образовательное учреждение города Москвы детский сад № 771, ГБОУ детский сад № 771,"771", Дошкольное образовательное учреждение, Детский сад, Бюджетное, Северное окружное управление образования," ""123308, г. Москва, Хорошевское шоссе, дом 43 ""Б""",(499) 195-10-83, dss771@yandex.ru и detsad1779@yandex.ru,POINT (37.5096912 55.7768771)
224, Государственное бюджетное образовательное учреждение города Москвы детский сад комбинированного вида № 1806, ГБОУ детский сад № 1806,"1 806", Дошкольное образовательное учреждение, Детский сад комбинированного вида, Бюджетное, Северное окружное управление образования," 125499, г. Москва, Кронштадтский бульвар, дом 43б",(495) 454-24-11, d-s1806@yandex.ru,POINT (37.5069803 55.85197489999999)
225, Государственное бюджетное образовательное учреждение города Москвы детский сад № 249, ГБОУ детский сад № 249,"249", Дошкольное образовательное учреждение, Детский сад общеразвивающего вида с приоритетным осуществлением деятельности по одному из направлений развития детей, Бюджетное, Северное окружное управление образования," 123308, г. Москва, улица Зорге, дом 8",(499) 943-11-21, detskiysad249@rambler.ru,POINT (37.5127202 55.7811382)
226, Государственное бюджетное образовательное учреждение города Москвы детский сад компенсирующего вида № 1592, ГБОУ детский сад № 1592,"1 592", Дошкольное образовательное учреждение, Детский сад компенсирующего вида, Бюджетное, Северо-Восточное окружное управление образования," 127572, г.Москва, ул. Угличская, дом 14",(499) 908-89-55, detsad1592@post.ru; detsad1592svao@yandex.ru,POINT (37.568955 55.901965)
227, Государственное бюджетное образовательное учреждение города Москвы детский сад комбинированного вида № 1602, ГБОУ детский сад № 1602,"1 602", Дошкольное образовательное учреждение, Детский сад комбинированного вида, Бюджетное, Восточное окружное управление образования," 111555, Москва, улица Молостовых, д.9 Б",(495) 307-61-38, detsad1602@yandex.ru,POINT (37.835695 55.75843570000001)
228, Государственное бюджетное образовательное учреждение города Москвы детский сад компенсирующего вида № 724, ГБОУ детский сад № 724,"724", Дошкольное образовательное учреждение, Детский сад компенсирующего вида, Бюджетное, Восточное окружное управление образования," 111401, г. Москва, ул. Металлургов, д. 16",(495) 304-03-00, gou724@newmail.ru,POINT (37.7858162 55.7567935)
229, Государственное бюджетное образовательное учреждение города Москвы детский сад компенсирующего вида № 1298, ГБОУ детский сад № 1298,"1 298", Дошкольное образовательное учреждение, Детский сад компенсирующего вида, Бюджетное, Западное окружное управление образования," 121552 г.Москва, ул. Рублевское шоссе, д. 115",(499) 140-35-73, gou1298@mail.ru,POINT (37.4141206 55.74665479999999)
230, Государственное бюджетное образовательное учреждение города Москвы детский сад № 2210, ГБОУ детский сад № 2210,"2 210", Дошкольное образовательное учреждение, Детский сад, Бюджетное, Юго-Восточное окружное управление образования," 109044, Москва, Сосинская ул., д.4",(495) 676-03-34, detsad2210@mail.ru,POINT (37.6714118 55.7301049)
231, Государственное бюджетное образовательное учреждение города Москвы детский сад с этнокультурным (русским) компонентом образования № 633, ГБОУ детский сад № 633,"633", Дошкольное образовательное учреждение, Детский сад с этнокультурным (национальным) компонентом образования, Бюджетное, Северное окружное управление образования," 127486, г. Москва, улица Ивана Сусанина, дом 4А",(499) 488-34-92, dou633@mail.ru,POINT (37.5294433 55.8663458)
232, Государственное бюджетное образовательное учреждение города Москвы детский сад компенсирующего вида № 763, ГБОУ детский сад № 763,"763", Дошкольное образовательное учреждение, Детский сад компенсирующего вида, Бюджетное, Юго-Восточное окружное управление образования," 111024, Москва, улица Авиамоторная, д.45",(495) 362-23-17, ds763@mail.ru,POINT (37.7188649 55.7507512)
233, Государственное бюджетное образовательное учреждение города Москвы детский сад комбинированного вида № 531, ГБОУ детский сад № 531,"531", Дошкольное образовательное учреждение, Детский сад комбинированного вида, Бюджетное, Западное окружное управление образования," 119297 г.Москва, ул. Родниковая, д. 10, корп. 1",(495) 435-08-80, GOU531@yandex.ru,POINT (37.3787431 55.6375053)
234, Государственное бюджетное образовательное учреждение города Москвы детский сад комбинированного вида № 1697, ГБОУ детский сад № 1697,"1 697", Дошкольное образовательное учреждение, Детский сад комбинированного вида, Бюджетное, Восточное окружное управление образования," 111672, г. Москва, ул. Салтыковская, д. 21 А",(495) 702-03-87, detsad1697@rambler.ru,POINT (37.86989519999999 55.7395805)
235, Государственное бюджетное образовательное учреждение города Москвы детский сад № 2079, ГБОУ детский сад № 2079,"2 079", Дошкольное образовательное учреждение, Детский сад, Бюджетное, Северное окружное управление образования," 125130, г. Москва, ул. Нарвская, д. 8",(495) 450-45-33, detsad2079@yandex.ru,POINT (37.5066269 55.834979)
236, Государственное бюджетное образовательное учреждение города Москвы детский сад № 2615, ГБОУ детский сад № 2615,"2 615", Дошкольное образовательное учреждение, Детский сад, Бюджетное, Восточное окружное управление образования," 111674, Москва, ул. Лухмановская, д.18А",(499) 797-47-40, eduska@mail.ru,POINT (37.9049355 55.72012609999999)
237, Государственное бюджетное образовательное учреждение города Москвы детский сад № 550, ГБОУ детский сад № 550,"550", Дошкольное образовательное учреждение, Детский сад, Бюджетное, Юго-Восточное окружное управление образования," 109391, г. Москва, Орехово-Зуевский проезд, дом 24",(499) 784-43-40, ds550@mail.ru,POINT (37.7584882 55.7319842)
238, Государственное бюджетное образовательное учреждение города Москвы детский сад комбинированного вида № 428, ГБОУ детский сад № 428,"428", Дошкольное образовательное учреждение, Детский сад комбинированного вида, Бюджетное, Южное окружное управление образования," 115580 г. Москва ул. Шипиловская,58,к.2",(495) 396-83-65, dou1174@sinergi.ru,POINT (37.7454819 55.6212296)
239, Государственное бюджетное образовательное учреждение города Москвы детский сад № 1796, ГБОУ детский сад № 1796,"1 796", Дошкольное образовательное учреждение, Детский сад, Бюджетное, Юго-Западное окружное управление образования," 117623, г.Москва, улица 1-ая Мелитопольская, дом 5 А",(495) 712-71-11, detsad1796@mail.ru,POINT (37.5778141 55.5393158)
240, Государственное бюджетное образовательное учреждение города Москвы детский сад комбинированного вида № 1540, ГБОУ детский сад № 1540,"1 540", Дошкольное образовательное учреждение, Детский сад комбинированного вида, Бюджетное, Восточное окружное управление образования," 111395, г. Москва, ул. Молдагуловой, д.10Б",(499) 374-51-59, vesnyshki@bk.ru,POINT (37.8056193 55.7255206)
241, Государственное бюджетное образовательное учреждение города Москвы детский сад № 2194, ГБОУ детский сад № 2194,"2 194", Дошкольное образовательное учреждение, Детский сад, Бюджетное, Южное окружное управление образования," 117556 г. Москва,Варшавское ш. д.86,к.2",(499) 619-59-59, dou2194@sinergi.ru,POINT (37.6175731 55.6504816)
242, Государственное бюджетное образовательное учреждение города Москвы детский сад № 2629, ГБОУ детский сад № 2629,"2 629", Дошкольное образовательное учреждение, Детский сад, Бюджетное, Южное окружное управление образования," 117639 г. Москва, Варшавское ш., д. 106, к. 1",(499) 794-45-36, dou2629@sinergi.ru; detsad2629@yandex.ru,POINT (37.6173277 55.64354969999999)
243, Государственное бюджетное образовательное учреждение города Москвы детский сад комбинированного вида № 143, ГБОУ детский сад № 143,"143", Дошкольное образовательное учреждение, Детский сад комбинированного вида, Бюджетное, Восточное окружное управление образования," 107370, г. Москва, Открытое шоссе, д.3",(499) 160-02-97, detsadvao143@yandex.ru,POINT (37.7304719 55.81215950000001)
244, Государственное бюджетное образовательное учреждение города Москвы детский сад комбинированного вида № 2379, ГБОУ детский сад № 2379,"2 379", Дошкольное образовательное учреждение, Детский сад комбинированного вида, Бюджетное, Северо-Восточное окружное управление образования," 129346, г.Москва, ул. Норильская, д. 6, корпус 1",(495) 474-29-04, doy2379@rambler.ru; doy2379@mail.ru,POINT (37.697648 55.87799200000001)
245, Государственное бюджетное образовательное учреждение города Москвы детский сад комбинированного вида № 506, ГБОУ детский сад № 506,"506", Дошкольное образовательное учреждение, Детский сад комбинированного вида, Бюджетное, Западное окружное управление образования," 121353, г.Москва, Сколковское шоссе, д. 12",(495) 446-33-35, goy1303@yandex.ru,POINT (37.4004189 55.7093711)
246, Государственное бюджетное образовательное учреждение города Москвы детский сад № 2542, ГБОУ д/с № 2542,"2 542", Дошкольное образовательное учреждение, Детский сад, Бюджетное, Юго-Восточное окружное управление образования," 109125, Москва, улица Окская, дом 5, корпус 2",(495) 225-66-92, DOU2542@mail.ru,POINT (37.7559441 55.714146)
259, Государственное бюджетное образовательное учреждение города Москвы детский сад № 1040, ГБОУ детский сад № 1040,"1 040", Дошкольное образовательное учреждение, Детский сад, Бюджетное, Восточное окружное управление образования," 107150, г. Москва, ул. Ивантеевская, дом 1А",(499) 160-29-80, krasota1040@mail.ru,POINT (37.7171695 55.8227781)
247, Государственное бюджетное образовательное учреждение города Москвы детский сад общеразвивающего вида № 672, ГБОУ детский сад № 672,"672", Дошкольное образовательное учреждение, Детский сад общеразвивающего вида с приоритетным осуществлением деятельности по одному из направлений развития детей, Бюджетное, Западное окружное управление образования," 119501, г.Москва, ул. Матвеевская, д. 4, корп. 4",(495) 441-01-20, dou672@mail.ru,POINT (37.47233 55.705652)
248, Государственное бюджетное образовательное учреждение города Москвы детский сад № 2681, ГБОУ детский сад № 2681,"2 681", Дошкольное образовательное учреждение, Детский сад, Бюджетное, Юго-Западное окружное управление образования," 117624, г.Москва, ул.Изюмская, д.55",(499)793-90-54, dou2681@mosuzedu.ru,POINT (37.5633021 55.5443206)
249, Государственное бюджетное образовательное учреждение города Москвы детский сад № 2604, ГБОУ детский сад № 2604,"2 604", Дошкольное образовательное учреждение, Детский сад, Бюджетное, Западное окружное управление образования," 119618, г.Москва, ул. Главмосстроя, д. 9, корп. 2",(499) 792-47-72, dou2604@mail.ru,POINT (37.4049719 55.65471239999999)
250, Государственное бюджетное образовательное учреждение города Москвы детский сад № 1359, ГБОУ детский сад № 1359,"1 359", Дошкольное образовательное учреждение, Детский сад, Бюджетное, Центральное окружное управление образования," 119146 г. Москва, ул. 3-ья Фрунзенская, д. 3",(499) 242-01-89, samimarina@yandex.ru,POINT (37.5789016 55.7199415)
251, Государственное бюджетное образовательное учреждение города Москвы детский сад № 1684, ГБОУ Детский сад № 1684,"1 684", Дошкольное образовательное учреждение, Детский сад, Бюджетное, Северное окружное управление образования," 125040, г. Москва, 3-я улица Ямского поля, д. 17А",(495) 614-20-11, Pominovaii@mail.ru; ds1684@mail.ru,POINT (37.577527 55.78268)
252," Государственное бюджетное образовательное учреждение города Москвы центр развития ребенка - детский сад № 2695 ""Радость"""," ГБОУ ЦРР - детский сад № 2695 ""Радость""","2 695", Дошкольное образовательное учреждение, Центр развития ребенка – детский сад, Бюджетное, Юго-Западное окружное управление образования," 117209, г.Москва, Перекопская улица, дом 24А","8(495)331-76-11", center2695@mosuzedu.ru,POINT (37.5733283 55.66196009999999)
253, Государственное бюджетное образовательное учреждение города Москвы детский сад компенсирующего вида № 2340, ГБОУ детский сад № 2340,"2 340", Дошкольное образовательное учреждение, Детский сад компенсирующего вида, Бюджетное, Восточное окружное управление образования," 111673, г. Москва, ул. Салтыковская, д. 5Б",(495) 702-80-30, ds2340@rambler.ru; dsad2340@gmail.com; ibmoleva@gmail.com,POINT (37.8596888 55.7336549)
254, Государственное бюджетное образовательное учреждение города Москвы детский сад комбинированного вида № 819, ГБОУ детский сад № 819,"819", Дошкольное образовательное учреждение, Детский сад комбинированного вида, Бюджетное, Западное окружное управление образования," 119501, г.Москва, ул. Веерная, д. 34, корп. 3",(495) 441-93-91, www.dou819@yandex.ru,POINT (37.48404 55.711385)
255, Государственное бюджетное образовательное учреждение города Москвы центр развития ребенка - детский сад № 1678, ГБОУ ЦРР - детский сад № 1678,"1 678", Дошкольное образовательное учреждение, Центр развития ребенка – детский сад, Бюджетное, Центральное окружное управление образования," 129090 г. Москва, пер. Васнецова, д.2",(495) 684-77-17, detsad1678@gmail.com,POINT (37.6257569 55.7760009)
256, Государственное бюджетное образовательное учреждение города Москвы детский сад № 2419, ГБОУ детский сад № 2419,"2 419", Дошкольное образовательное учреждение, Детский сад, Бюджетное, Восточное окружное управление образования," 111558, город Москва Федеративный просп., д. 21 корп.2",(495) 303-06-19, detsad2419@mail.ru,POINT (37.8166266 55.75555199999999)
257, Государственное бюджетное образовательное учреждение города Москвы детский сад № 2587, ГБОУ детский сад № 2587,"2 587", Дошкольное образовательное учреждение, Детский сад, Бюджетное, Юго-Западное окружное управление образования," 117623, г. Москва, улица Старонародная, дом 2, корпус 1",(495) 712-53-72, dou2587@mosuzedu.ru,POINT (37.5755505 55.540901)
258, Государственное бюджетное образовательное учреждение города Москвы детский сад № 67, ГБОУ детский сад № 67, 67, Дошкольное образовательное учреждение, Детский сад, Бюджетное, Северное окружное управление образования," 125167, г. Москва, улица Острякова, дом 6",(499) 157-35-92, gouds67@mail.ru,POINT (37.5266467 55.79998879999999)
260, Государственное бюджетное образовательное учреждение города Москвы детский сад комбинированного вида № 1975, ГБОУ детский сад № 1975,"1 975", Дошкольное образовательное учреждение, Детский сад комбинированного вида, Бюджетное, Центральное окружное управление образования," 105094 г. Москва, ул. Гольяновская, д. 7, стр.6",(495) 360-83-98, dc1975cou@mail.ru; dc1975@yandex.ru,POINT (37.7103851 55.77648000000001)
261, Государственное бюджетное образовательное учреждение города Москвы детский сад комбинированного вида № 894, ГБОУ детский сад № 894,"894", Дошкольное образовательное учреждение, Детский сад комбинированного вида, Бюджетное, Южное окружное управление образования," 115404 г. Москва,Ряжская ул.,д.9",(495) 326-02-01, dou894@sinergi.ru; dou894@mail.ru,POINT (37.6664486 55.5911883)
262, Государственное бюджетное образовательное учреждение города Москвы детский сад № 176, ГБОУ детский сад № 176,"176", Дошкольное образовательное учреждение, Детский сад, Бюджетное, Юго-Восточное окружное управление образования," 109378, г. Москва, ул. Шумилова, дом 2, к. 2",(499) 175-83-43, dc176@mail.ru,POINT (37.770066 55.7083878)
263, Государственное бюджетное образовательное учреждение города Москвы детский сад компенсирующего вида № 372, ГБОУ детский сад № 372,"372", Дошкольное образовательное учреждение, Детский сад компенсирующего вида, Бюджетное, Северо-Восточное окружное управление образования," 127576 город Москва, улица Череповецкая, дом 6а",(499) 908-67-90, goy_ds1059@mail.ru,POINT (37.5667411 55.8971123)
264, Государственное бюджетное образовательное учреждение города Москвы детский сад комбинированного вида № 1132, ГБОУ детский сад № 1132,"1 132", Дошкольное образовательное учреждение, Детский сад комбинированного вида, Бюджетное, Северо-Восточное окружное управление образования," 129075, город Москва, улица Аргуновская, дом 12, корпус 3",(495) 615-64-24, sad_1132@mail.ru,POINT (37.6239047 55.81769749999999)
265, Государственное бюджетное образовательное учреждение города Москвы детский сад комбинированного вида № 693, ГБОУ детский сад № 693,"693", Дошкольное образовательное учреждение, Детский сад комбинированного вида, Бюджетное, Юго-Западное окружное управление образования," 117393, г.Москва, ул. Гарибальди, дом 14, корп.3",(499) 132-15-31, gou1609@mosuzedu.ru,POINT (37.5391003 55.673245)
266, Государственное бюджетное образовательное учреждение города Москвы детский сад комбинированного вида № 1757, ГБОУ детский сад № 1757,"1 757", Дошкольное образовательное учреждение, Детский сад комбинированного вида, Бюджетное, Западное окружное управление образования," 119633, г.Москва, ул. Приречная, д. 9, корп. 1",(495) 731-44-55, sad1757@yandex.ru,POINT (37.3689395 55.6453555)
267, Государственное бюджетное образовательное учреждение города Москвы детский сад № 924, ГБОУ детский сад № 924,"924", Дошкольное образовательное учреждение, Детский сад, Бюджетное, Северо-Восточное окружное управление образования," 129337, город Москва, улица Палехская, дом 2",(499) 182-08-10, ds924@mail.ru,POINT (37.69296 55.86269)
268, Государственное бюджетное образовательное учреждение города Москвы детский сад комбинированного вида № 1054, ГБОУ детский сад № 1054,"1 054", Дошкольное образовательное учреждение, Детский сад комбинированного вида, Бюджетное, Троицкое и новомосковское окружное управление образования," 105318, Москва Город, Семеновская Площадь, 4",#Н/Д, det.sad36kokoshkino@yandex.ru,POINT (37.7210321 55.7813321)
269, Государственное бюджетное образовательное учреждение города Москвы детский сад комбинированного вида № 604, ГБОУ детский сад № 604,"604", Дошкольное образовательное учреждение, Детский сад комбинированного вида, Бюджетное, Южное окружное управление образования," 115598 г. Москва, ул. Лебедянская, д. 22, корп.3",(495) 329-36-64, dou604@sinergi.ru,POINT (37.6839362 55.58460789999999)
270, Государственное бюджетное образовательное учреждение города Москвы детский сад № 413, ГБОУ детский сад № 413,"413", Дошкольное образовательное учреждение, Детский сад, Бюджетное, Восточное окружное управление образования," 107564,г.Москва,ул. 1-я Гражданская д.105",(495) 963-32-55, ds413-vou@mail.ru,POINT (37.7114569 55.8077187)
271, Государственное бюджетное образовательное учреждение города Москвы детский сад комбинированного вида № 558, ГБОУ детский сад № 558,"558", Дошкольное образовательное учреждение, Детский сад комбинированного вида, Бюджетное, Восточное окружное управление образования," 105215, г. Москва, ул. 11-я Парковая, дом 48 А",(499) 464-18-72, detsad558@yandex.ru; http://dskv558.mskobr.ru/,POINT (37.8085292 55.806759)
272, Государственное бюджетное образовательное учреждение города Москвы детский сад компенсирующего вида № 1371, ГБОУ детский сад № 1371,"1 371", Дошкольное образовательное учреждение, Детский сад компенсирующего вида, Бюджетное, Восточное окружное управление образования," 111555, г. Москва, Свободный проспект, дом 9 Б",(495) 300-44-11, Irina1371KV@mail.ru,POINT (37.82377779999999 55.7630717)
273," Муниципальное автономное дошкольное образовательное учреждение Центр развития ребенка Детский сад №5 ""Теремок"""," МАДОУ Детский сад №5 ""Теремок""", 5, Дошкольное образовательное учреждение, Центр развития ребенка – детский сад, Автономное, Троицкое и новомосковское окружное управление образования," 142190, Москва Город, Троицк Город, Лесная Улица, 2",#Н/Д, teremok@trtk.ru,POINT (37.3035116 55.4774969)
274, Государственное бюджетное образовательное учреждение города Москвы детский сад компенсирующего вида № 480, ГБОУ детский сад № 480,"480", Дошкольное образовательное учреждение, Детский сад компенсирующего вида, Бюджетное, Юго-Восточное окружное управление образования," 111033, г. Москва ул. Самокатная, д. 3/8, стр. 23",(495) 362-46-85, sadik480@mail.ru,POINT (37.681697 55.757816)
275, Государственное бюджетное образовательное учреждение города Москвы детский сад комбинированного вида № 187, ГБОУ детский сад № 187,"187", Дошкольное образовательное учреждение, Детский сад комбинированного вида, Бюджетное, Северное окружное управление образования," 125167, г. Москва, улица Степана Супруна, дом 12. корпус 1",(495) 612-62-72, dskv.187@yandex.ru,POINT (37.5452245 55.7981634)
276, Государственное бюджетное образовательное учреждение города Москвы детский сад общеразвивающего вида № 2252, ГБОУ детский сад № 2252,"2 252", Дошкольное образовательное учреждение, Детский сад общеразвивающего вида с приоритетным осуществлением деятельности по одному из направлений развития детей, Бюджетное, Западное окружное управление образования," 119602, г.Москва, ул. Никулинская, д. 7",(495) 232-87-30, detsad2252@mail ru,POINT (37.4544003 55.6658974)
277, Государственное бюджетное образовательное учреждение города Москвы детский сад № 2451, ГБОУ детский сад № 2451,"2 451", Дошкольное образовательное учреждение, Детский сад, Бюджетное, Юго-Западное окружное управление образования," 117198, город Москва, улица Саморы Машела, дом 6 корпус 2","8-495-735-10-66", detsad2451@yandex.ru,POINT (37.496047 55.6467763)
278, Государственное бюджетное образовательное учреждение города Москвы детский сад № 1127, ГБОУ детский сад № 1127,"1 127", Дошкольное образовательное учреждение, Детский сад, Бюджетное, Восточное окружное управление образования," 105264, г.Москва,Измайловский бульвар, д.9; 105037, г. Москва, ул. 1-я Прядильная д.9",(499) 163-00-91, det-sad1127@mail.ru,POINT (37.7798892 55.7947999)
279, Государственное бюджетное образовательное учреждение города Москвы детский сад № 826, ГБОУ детский сад № 826,"826", Дошкольное образовательное учреждение, Детский сад, Бюджетное, Западное окружное управление образования," 121353, г. Москва, ул. Беловежская, д. 51",(495) 447-24-54, 826@inbox.ru,POINT (37.3982947 55.70986970000001)
280, Государственное бюджетное образовательное учреждение города Москвы детский сад комбинированного вида № 1337, ГБОУ детский сад № 1337,"1 337", Дошкольное образовательное учреждение, Детский сад комбинированного вида, Бюджетное, Восточное окружное управление образования," 107014, г. Москва, ул.Русаковская, д.18/20",(499) 264-13-04, dou1337@mail.ru,POINT (37.6764984 55.7853153)
281, Государственное бюджетное образовательное учреждение города Москвы детский сад комбинированного вида № 504, ГБОУ детский сад № 504,"504", Дошкольное образовательное учреждение, Детский сад комбинированного вида, Бюджетное, Северное окружное управление образования," 123007, г. Москва, Хорошевское шоссе, дом 68 - А",(495) 941-24-63, dsad504@rambler.ru; ds1059@rambler.ru,POINT (37.5285781 55.77925889999999)
282, Государственное бюджетное образовательное учреждение города Москвы детский сад комбинированного вида № 2106, ГБОУ детский сад № 2106,"2 106", Дошкольное образовательное учреждение, Детский сад комбинированного вида, Бюджетное, Центральное окружное управление образования," 127055 г. Москва, ул. Новослободская, д. 62, корп. 20",(499) 978-94-37, gou2106@gmail.com,POINT (37.5922144 55.7909219)
363, Государственное бюджетное образовательное учреждение города Москвы детский сад № 885, ГБОУ детский сад № 885,"885", Дошкольное образовательное учреждение, Детский сад, Бюджетное, Юго-Западное окружное управление образования," 117461, г.Москва, ул. Херсонская, д.10, корп.2",(499) 121-60-10, ds885@bk.ru,POINT (37.5735322 55.6510121)
283, Государственное бюджетное образовательное учреждение города Москвы центр развития ребенка - детский сад № 1035, ГБОУ ЦРР - детский сад № 1035,"1 035", Дошкольное образовательное учреждение, Центр развития ребенка – детский сад, Бюджетное, Восточное окружное управление образования," 111555, г.Москва,улица Молостовых, д. 4А",(495) 300-63-01, sad1035@mail.ru,POINT (37.8288241 55.7646094)
284, Государственное бюджетное образовательное учреждение города Москвы детский сад комбинированного вида № 2022, ГБОУ детский сад № 2022,"2 022", Дошкольное образовательное учреждение, Детский сад комбинированного вида, Бюджетное, Центральное окружное управление образования," 115035 г. Москва, Садовническая набережная д.13",(495) 951-50-49, detsad2022@yandex.ru,POINT (37.6303738 55.7464461)
285, Государственное бюджетное образовательное учреждение города Москвы центр развития ребенка - детский сад № 1582, ГБОУ ЦРР - детский сад № 1582,"1 582", Дошкольное образовательное учреждение, Центр развития ребенка – детский сад, Бюджетное, Юго-Восточное окружное управление образования," 109382, г. Москва ул. Краснодонская, д. 37",(495) 358-61-38, GOU1582@YANDEX.RU,POINT (37.7507247 55.6743257)
286, Государственное бюджетное образовательное учреждение города Москвы детский сад комбинированного вида № 1115, ГБОУ детский сад № 1115,"1 115", Дошкольное образовательное учреждение, Детский сад комбинированного вида, Бюджетное, Северо-Восточное окружное управление образования," 127549, город Москва, улица Мурановская, дом 12 б",(499) 207-32-92, GOUDS1115@mail.ru,POINT (37.6059679 55.89609669999999)
287," Государственное бюджетное образовательное учреждение города Москвы центр развития ребенка - детский сад № 1182 ""Журавушка""", ГБОУ ЦРР – детский сад № 1182 «Журавушка»,"1 182", Дошкольное образовательное учреждение, Центр развития ребенка – детский сад, Бюджетное, Троицкое и новомосковское окружное управление образования," 105318, Москва Город, Семеновская Площадь, 4",#Н/Д, —,POINT (37.7210321 55.7813321)
288, Государственное бюджетное образовательное учреждение города Москвы детский сад № 2060, ГБОУ детский сад № 2060,"2 060", Дошкольное образовательное учреждение, Детский сад, Бюджетное, Западное окружное управление образования," 119634, г.Москва, ул. Шолохова, д. 19, корп. 2",(495) 732-71-44, dou2060@mail.ru,POINT (37.3392617 55.6414487)
289, Государственное бюджетное образовательное учреждение города Москвы детский сад № 2625, ГБОУ детский сад №2625,"2 625", Дошкольное образовательное учреждение, Детский сад, Бюджетное, Юго-Западное окружное управление образования," 117148, г.Москва, ул. Брусилова, д. 13, корп. 1",(499) 232-10-76, sad2625@mosuzedu.ru,POINT (37.5798176 55.50207229999999)
290, Государственное бюджетное образовательное учреждение города Москвы детский сад № 361, ГБОУ детский сад № 361,"361", Дошкольное образовательное учреждение, Детский сад, Бюджетное, Западное окружное управление образования," 121059, г.Москва, ул. Большая Дорогомиловская, д. 3",(499) 240-52-63, dou1031@yandex.ru,POINT (37.5615548 55.74532989999999)
291, Государственное бюджетное образовательное учреждение города Москвы детский сад общеразвивающего вида № 1719, ГБОУ детский сад № 1719,"1 719", Дошкольное образовательное учреждение, Детский сад общеразвивающего вида с приоритетным осуществлением деятельности по одному из направлений развития детей, Бюджетное, Южное окружное управление образования," 115597 г. Москва, Гурьевский пр-д, д.9, к.2",(495) 397-64-14, dou1719@sinergi.ru,POINT (37.7431083 55.6004361)
292, Государственное бюджетное образовательное учреждение города Москвы детский сад № 1717, ГБОУ детский сад № 1717,"1 717", Дошкольное образовательное учреждение, Детский сад, Бюджетное, Западное окружное управление образования," 119620, город Москва, улица Авиаторов, дом 18, корпус 1",(495) 934-12-97, detsad1717@yandex.ru,POINT (37.401433 55.645303)
293, Государственное бюджетное образовательное учреждение города Москвы детский сад № 35, ГБОУ детский сад № 35, 35, Дошкольное образовательное учреждение, Детский сад, Бюджетное, Восточное окружное управление образования," 107150, г.Москва, 3-й проезд Подбельского, дом 20",(499) 160-28-00, ds35-vou@mail.ru,POINT (37.7217941 55.8172029)
294, Государственное бюджетное образовательное учреждение города Москвы детский сад компенсирующего вида № 2155, ГБОУ детский сад № 2155,"2 155", Дошкольное образовательное учреждение, Детский сад компенсирующего вида, Бюджетное, Восточное окружное управление образования," 107241,г.Москва,ул.Амурская,д.72",(495) 462-44-61, gou2155@list.ru,POINT (37.794815 55.812257)
295, Государственное бюджетное образовательное учреждение города Москвы детский сад общеразвивающего вида с приоритетным осуществлением художественно-эстетического развития воспитанников № 1482, ГБОУ детский сад № 1482,"1 482", Дошкольное образовательное учреждение, Детский сад общеразвивающего вида с приоритетным осуществлением деятельности по одному из направлений развития детей, Бюджетное, Северо-Западное окружное управление образования," 123181, г. Москва, Неманский проезд, д. 1, корп. 2",(495) 756-08-19, dou1482@szouo.ru; ds1482@yandex.ru,POINT (37.3963735 55.8159696)
296, Государственное бюджетное образовательное учреждение города Москвы детский сад компенсирующего вида № 2314, ГБОУ детский сад № 2314,"2 314", Дошкольное образовательное учреждение, Детский сад компенсирующего вида, Бюджетное, Юго-Восточное окружное управление образования," 109652, г. Москва, Мячковский бульвар, дом 18, корп.2",(495) 658-60-42, ds2314@mail.ru; dou2314@yandex.ru,POINT (37.757364 55.64904310000001)
297, Государственное бюджетное образовательное учреждение города Москвы Центр развития ребенка - детский сад № 1787, ГОУ Центр развития ребенка - детский сад № 1787,"1 787", Дошкольное образовательное учреждение, Центр развития ребенка – детский сад, Бюджетное, Южное окружное управление образования," 115409 г. Москва, Кантемировская ул. д. 20,к.3",(499) 323-08-44, dou1787@sinergi.ru,POINT (37.661109 55.63995)
298, Государственное бюджетное образовательное учреждение города Москвы детский сад № 2061, ГБОУ детский сад № 2061,"2 061", Дошкольное образовательное учреждение, Детский сад, Бюджетное, Западное окружное управление образования," 121433 г.Москва, ул. Минская, д. 15, корп. 4",(499) 144-17-79, detsad2061@rambler.ru,POINT (37.4795722 55.7416394)
299, Государственное бюджетное образовательное учреждение города Москвы детский сад № 87, ГБОУ детский сад № 87, 87, Дошкольное образовательное учреждение, Детский сад, Бюджетное, Южное окружное управление образования," 115230 г.Москва, Каширское ш., д.7к.1",(499) 613-25-26, dou87@sinergi.ru,POINT (37.6289166 55.6692918)
300, Государственное бюджетное образовательное учреждение города Москвы центр развития ребенка - детский сад № 1888, ГБОУ ЦРР-детский сад № 1888,"1 888", Дошкольное образовательное учреждение, Центр развития ребенка – детский сад, Бюджетное, Северо-Восточное окружное управление образования," 127224, г. Москва, ул. Широкая, д. 16Д",(499) 479-83-56, dou1888@yandex.ru; goucrrds_1888@mail.ru,POINT (37.6640598 55.886405)
301, Государственное бюджетное образовательное учреждение города Москвы детский сад № 2573, ГБОУ детский сад № 2573,"2 573", Дошкольное образовательное учреждение, Детский сад, Бюджетное, Западное окружное управление образования," 121596, г.Москва, ул. Толбухина, д. 7, корп. 2",(495) 735-32-25, DOU2573@mail.ru,POINT (37.3988079 55.7203895)
302, Государственное бюджетное образовательное учреждение города Москвы детский сад общеразвивающего вида № 2027, ГБОУ детский сад № 2027,"2 027", Дошкольное образовательное учреждение, Детский сад общеразвивающего вида с приоритетным осуществлением деятельности по одному из направлений развития детей, Бюджетное, Восточное окружное управление образования," 111558, г. Москва, Зеленый проспект, д. 101А, стр.1",(495) 302-33-12, detsad2027@rambler.ru,POINT (37.8288722 55.7513651)
303, Государственное бюджетное образовательное учреждение города Москвы детский сад комбинированного вида № 1209, ГБОУ детский сад № 1209,"1 209", Дошкольное образовательное учреждение, Детский сад комбинированного вида, Бюджетное, Юго-Западное окружное управление образования," 117593, г.Москва, улица Айвазовского, дом 6, корпус 2","495-425-33-33", gou1209@mosuzedu.ru,POINT (37.5399002 55.6172193)
304, Государственное бюджетное образовательное учреждение города Москвы детский сад № 785, ГБОУ детский сад № 785,"785", Дошкольное образовательное учреждение, Детский сад, Бюджетное, Южное окружное управление образования," 115404 г. Москва, ул. Бирюлевская, д.30, к.2",(495) 326-81-33, dou785@sinergi.ru,POINT (37.6623544 55.5932466)
305, Государственное бюджетное образовательное учреждение города Москвы детский сад № 326, ГБОУ детский сад № 326,"326", Дошкольное образовательное учреждение, Детский сад, Бюджетное, Юго-Восточное окружное управление образования," 109507, Москва, Ферганский проезд, дом 5, корп. 1",(495) 372-64-12, detsad 326@mail.ru,POINT (37.8236928 55.6965301)
306, Государственное бюджетное образовательное учреждение города Москвы детский сад комбинированного вида № 848, ГБОУ детский сад № 848,"848", Дошкольное образовательное учреждение, Детский сад комбинированного вида, Бюджетное, Северо-Западное окружное управление образования," 125481, г. Москва, ул. Фомичевой, д. 16, корп. 4",(499) 497-54-56,  dou848@mail.ru,POINT (37.439713 55.8584167)
307, Государственное бюджетное образовательное учреждение города Москвы детский сад компенсирующего вида № 1013, ГБОУ детский сад № 1013,"1 013", Дошкольное образовательное учреждение, Детский сад компенсирующего вида, Бюджетное, Юго-Восточное окружное управление образования," 109387, г. Москва ул. Тихая, д. 3",(495) 350-13-85, ds1013@mail.ru,POINT (37.7389281 55.68551919999999)
308, Государственное бюджетное образовательное учреждение города Москвы центр развития ребенка - детский сад № 2402, ГБОУ ЦРР - детский сад № 2402,"2 402", Дошкольное образовательное учреждение, Центр развития ребенка – детский сад, Бюджетное, Юго-Восточное окружное управление образования," 109542, г. Москва Рязанский пр-т, д. 70, корп. 5",(495) 377-73-90, GOYCRRDS2402@yandex.ru; detsad2402@mail.ru,POINT (37.8092577 55.71164659999999)
309, Государственное бюджетное образовательное учреждение города Москвы детский сад общеразвивающего вида № 121 «Мэрхен»," ГБОУ детский сад № 121 ""Мэрхен""","121", Дошкольное образовательное учреждение, Детский сад общеразвивающего вида с приоритетным осуществлением деятельности по одному из направлений развития детей, Бюджетное, Северо-Восточное окружное управление образования," 127322, город Москва, улица Яблочкова, дом 20 А","610-39-37", dou225@yandex.ru; merchen225@mail.ru,POINT (37.581546 55.82198899999999)
310, Государственное бюджетное образовательное учреждение города Москвы детский сад № 59, ГБОУ детский сад № 59, 59, Дошкольное образовательное учреждение, Детский сад, Бюджетное, Северо-Восточное окружное управление образования," 127018 город Москва, Лазаревский переулок, дом 8",(495) 689-15-56, detsad59@mail.ru,POINT (37.6148 55.7910887)
311, Государственное бюджетное образовательное учреждение города Москвы детский сад общеразвивающего вида № 2059, ГБОУ детский сад № 2059,"2 059", Дошкольное образовательное учреждение, Детский сад общеразвивающего вида с приоритетным осуществлением деятельности по одному из направлений развития детей, Бюджетное, Западное окружное управление образования," 119634, г.Москва, ул. Шолохова, д. 19, корп. 3",(495) 732-99-22, gou2059@.rambler.ru,POINT (37.3384027 55.6409477)
312, Государственное бюджетное образовательное учреждение города Москвы детский сад № 1220, ГБОУ детский сад № 1220,"1 220", Дошкольное образовательное учреждение, Детский сад, Бюджетное, Юго-Западное окружное управление образования," 119313, Москва Город, Гарибальди Улица, 6, 3",#Н/Д, —,POINT (37.5380104 55.67525430000001)
313, Государственное бюджетное образовательное учреждение города Москвы детский сад № 1895, ГБОУ детский сад № 1895,"1 895", Дошкольное образовательное учреждение, Детский сад, Бюджетное, Южное окружное управление образования," 115477 г. Москва,ул. Бехтерева д.21,к.2",(495) 325-29-14, dou1895@sinergi.ru,POINT (37.6522834 55.63031789999999)
314, Государственное бюджетное образовательное учреждение города Москвы детский сад № 955, ГБОУ детский сад № 955,"955", Дошкольное образовательное учреждение, Детский сад, Бюджетное, Северо-Восточное окружное управление образования," 127490, город Москва, Северный бульвар, дом 10 ""А""",(499) 203-31-33, dousv-955@mail.ru,POINT (37.617554 55.8672711)
315, Государственное бюджетное образовательное учреждение города Москвы детский сад № 48, ГБОУ детский сад № 48, 48, Дошкольное образовательное учреждение, Детский сад, Бюджетное, Южное окружное управление образования," 117556 г. Москва,Чонгарский бульвар,д.8 корп.2",(499) 794-48-72, dou48@sinergi.ru,POINT (37.6147328 55.6541893)
316, Государственное бюджетное образовательное учреждение города Москвы детский сад общеразвивающего вида № 41, ГБОУ детский сад № 41, 41, Дошкольное образовательное учреждение, Детский сад общеразвивающего вида с приоритетным осуществлением деятельности по одному из направлений развития детей, Бюджетное, Центральное окружное управление образования," 125090 г.Москва, ул. Тверская, д.28, к.3",(495) 699-46-56, kinder-park@yandex.ru,POINT (37.599686 55.76984299999999)
670, Государственное бюджетное образовательное учреждение города Москвы детский сад № 2675, ГБОУ детский сад № 2675,"2 675", Дошкольное образовательное учреждение, Детский сад, Бюджетное, Восточное окружное управление образования," 111141, Москва, Зеленый проспект, д.10А",(499) 781-19-83, ds2675@mail.ru,POINT (37.7784016 55.7485361)
317, Государственное бюджетное образовательное учреждение города Москвы детский сад комбинированного вида № 2112, ГБОУ детский сад № 2112,"2 112", Дошкольное образовательное учреждение, Детский сад комбинированного вида, Бюджетное, Центральное окружное управление образования," 123317 г.Москва, 2-ой Красногвардейский проезд, д.4""Б""",(499) 256-08-66, ds_2112@mail.ru,POINT (37.5363309 55.75226)
318, Государственное бюджетное образовательное учреждение города Москвы детский сад комбинированного вида № 288, ГБОУ детский сад № 288,"288", Дошкольное образовательное учреждение, Детский сад, Бюджетное, Центральное окружное управление образования," 109544 г. Москва, Ковров пер, д.3",(495) 678-25-32, ds288@yandex.ru,POINT (37.6829419 55.739563)
319, Государственное бюджетное образовательное учреждение города Москвы детский сад № 1965, ГБОУ детский сад № 1965,"1 965", Дошкольное образовательное учреждение, Детский сад комбинированного вида, Бюджетное, Северное окружное управление образования," 127411, г. Москва, улица Учинская дом 4",(495) 778-17-95, dsad1965@mail.ru,POINT (37.5372232 55.8826954)
320, Государственное бюджетное образовательное учреждение города Москвы детский сад комбинированного вида № 999, ГБОУ детский сад № 999,"999", Дошкольное образовательное учреждение, Детский сад комбинированного вида, Бюджетное, Зеленоградское окружное управление образования," 124617. г. Москва, Зеленоград корп. 1452",(499) 717-46-44, d999@zou.ru,POINT (37.1828689 55.9846714)
321, Государственное бюджетное образовательное учреждение города Москвы центр развития ребенка - детский сад № 1952, ГБОУ Центр развития ребенка - детский сад № 1952,"1 952", Дошкольное образовательное учреждение, Центр развития ребенка – детский сад, Бюджетное, Северное окружное управление образования," 127083, г.Москва, Петровско-Разумовская аллея, дом 24",(495) 656-33-01, gou1952@mail.ru,POINT (37.554691 55.7978229)
322, Государственное бюджетное образовательное учреждение города Москвы детский сад комбинированного вида № 385, ГБОУ детский сад № 385,"385", Дошкольное образовательное учреждение, Детский сад комбинированного вида, Бюджетное, Северное окружное управление образования," 125284, г. Москва, улица Беговая, дом 6, строение/корпус 1",(495) 945-61-57, du385@yandex.ru,POINT (37.5556245 55.7761472)
323, Государственное бюджетное образовательное учреждение города Москвы детский сад комбинированного вида № 688, ГБОУ детский сад №688,"688", Дошкольное образовательное учреждение, Детский сад комбинированного вида, Бюджетное, Юго-Западное окружное управление образования," 117342, г. Москва, ул. Бутлерова, д. 26 а","333-41-93", detsad688@mail.ru,POINT (37.5387669 55.6469404)
324, Государственное бюджетное образовательное учреждение города Москвы детский сад общеразвивающего вида № 2351, ГБОУ детский сад № 2351,"2 351", Дошкольное образовательное учреждение, Детский сад общеразвивающего вида с приоритетным осуществлением деятельности по одному из направлений развития детей, Бюджетное, Восточное окружное управление образования," 111672, г.Москва, улица Николая Старостина, дом 13-а",(495) 702-84-70, ds2351@yandex.ru,POINT (37.8568433 55.7314058)
325, Государственное бюджетное образовательное учреждение города Москвы центр развития ребенка - детский сад № 1699, ГБОУ ЦРР-детский сад № 1699,"1 699", Дошкольное образовательное учреждение, Центр развития ребенка – детский сад, Бюджетное, Юго-Западное окружное управление образования," 117593, г.Москва, Литовский бульвар, д.15, корп.3","8(495)426-49-00", gou1699@mosuzedu.ru; ds1699@mail.ru,POINT (37.5503192 55.6083519)
326, Государственное бюджетное образовательное учреждение города Москвы детский сад общеразвивающего вида № 2345, ГБОУ детский сад № 2345,"2 345", Дошкольное образовательное учреждение, Детский сад общеразвивающего вида с приоритетным осуществлением деятельности по одному из направлений развития детей, Бюджетное, Юго-Западное окружное управление образования," 117042, г.Москва, ул. Южнобутовская, дом № 89","8-495-715-27-36", dou2345@mosuzedu.ru,POINT (37.5228676 55.5337852)
327, Государственное бюджетное образовательное учреждение города Москвы детский сад № 390, ГБОУ детский сад № 390,"390", Дошкольное образовательное учреждение, Детский сад, Бюджетное, Северо-Восточное окружное управление образования," 127410, город Москва, улица Стандартная, дом 33",(499) 766-60-13, dou390@yandex.ru,POINT (37.5727901 55.8814989)
328, Государственное бюджетное образовательное учреждение города Москвы детский сад комбинированного вида № 1037, ГБОУ детский сад № 1037,"1 037", Дошкольное образовательное учреждение, Детский сад комбинированного вида, Бюджетное, Троицкое и новомосковское окружное управление образования," 143340, Москва Город, Яковлевское Деревня",#Н/Д, —,POINT (36.9414087 55.4654985)
329, Государственное бюджетное образовательное учреждение города Москвы детский сад № 1057, ГБОУ детский сад № 1057,"1 057", Дошкольное образовательное учреждение, Детский сад, Бюджетное, Северо-Восточное окружное управление образования," ""127490 город Москва, улица Мусоргского, дом 3 ""А""",(499) 203-53-46, dc1057@yandex.ru; dou1057@yandex.ru,POINT (37.618896 55.864089)
330, Государственное бюджетное образовательное учреждение города Москвы детский сад № 2531, ГБОУ детский сад № 2531,"2 531", Дошкольное образовательное учреждение, Детский сад, Бюджетное, Северо-Восточное окружное управление образования," 129329, город Москва, Тенистый проезд, дом 4",(499) 180-11-50, alussa@mail.ru; dou2531@yandex.ru,POINT (37.6366869 55.8593518)
331, Государственное бюджетное образовательное учреждение города Москвы детский сад № 499, ГБОУ детский сад № 499,"499", Дошкольное образовательное учреждение, Детский сад, Бюджетное, Юго-Восточное окружное управление образования," 109129, Москва, 8-я ул. Текстильщиков, д. 14, корп 2",(499) 179-59-20, detsad499@yandex.ru,POINT (37.7436508 55.704834)
332, Государственное бюджетное образовательное учреждение города Москвы детский сад № 779, ГБОУ детский сад № 779,"779", Дошкольное образовательное учреждение, Детский сад, Бюджетное, Юго-Восточное окружное управление образования," 109378, г. Москва, улица Федора Полетаева, дом 19, корпус 3",(495) 371-60-78, detsad779@mail.ru,POINT (37.78800700000001 55.709683)
333, Государственное бюджетное образовательное учреждение города Москвы центр развития ребенка - детский сад № 255, ГБОУ ЦРР - детский сад № 255,"255", Дошкольное образовательное учреждение, Центр развития ребенка – детский сад, Бюджетное, Центральное окружное управление образования," 123100 г. Москва, Глубокий пер, д.3",(499) 252-12-72, gou1833@yandex.ru; crr255@yandex.ru,POINT (37.5699681 55.7546042)
334, Государственное бюджетное образовательное учреждение города Москвы детский сад № 1673, ГБОУ детский сад № 1673,"1 673", Дошкольное образовательное учреждение, Детский сад, Бюджетное, Юго-Западное окружное управление образования," 117647, г. Москва, ул. Академика Капицы, 24 А",(495) 420-37-33, gou1673@mosuzedu.ru,POINT (37.5226391 55.6261322)
335, Государственное бюджетное образовательное учреждение города Москвы детский сад № 244, ГБОУ детский сад № 244,"244", Дошкольное образовательное учреждение, Детский сад общеразвивающего вида с приоритетным осуществлением деятельности по одному из направлений развития детей, Бюджетное, Северное окружное управление образования," 127411, г. Москва, Карельский бульвар, дом 24 А",(495) 485-75-45, goud-s244@mail.ru,POINT (37.5388622 55.8963816)
336, Государственное бюджетное образовательное учреждение города Москвы детский сад № 2147, ГБОУ детский сад № 2147,"2 147", Дошкольное образовательное учреждение, Детский сад, Бюджетное, Северо-Восточное окружное управление образования," 127642, город Москва, проезд Шокальского, дом 34А",(499) 479-37-91, dou2147@yandex.ru,POINT (37.654034 55.8802804)
337, Государственное бюджетное образовательное учреждение города Москвы детский сад комбинированного вида № 492, ГБОУ Детский сад комбинированного вида № 492,"492", Дошкольное образовательное учреждение, Детский сад комбинированного вида, Бюджетное, Центральное окружное управление образования," 115172 г.Москва, Крестьянская площадь, д.2А, стр.1",(495) 911-01-57, sad492-k@yandex.ru,POINT (37.65643 55.732763)
338, Государственное бюджетное образовательное учреждение города Москвы детский сад № 1516, ГБОУ детский сад № 1516,"1 516", Дошкольное образовательное учреждение, Детский сад, Бюджетное, Южное окружное управление образования," 115516 г. Москва, ул. Севанская, д.48, к.2",(495) 325-39-11, dou1516@sinergi.ru,POINT (37.653683 55.625266)
339," Государственное бюджетное образовательное учреждение города Москвы центр развития ребенка - детский сад № 2312 ""ОАЗИС"""," ГБОУ ЦРР-детский сад № 2312 ""ОАЗИС""","2 312", Дошкольное образовательное учреждение, Центр развития ребенка – детский сад, Бюджетное, Западное окружное управление образования," 119330, г.Москва, Университетский проспект, д. 21, стр. 5",(499) 143-77-98, oazis2312@yandex.ru,POINT (37.5145384 55.7141193)
340, Государственное бюджетное образовательное учреждение города Москвы детский сад общеразвивающего вида № 375, ГБОУ детский сад № 375,"375", Дошкольное образовательное учреждение, Детский сад общеразвивающего вида с приоритетным осуществлением деятельности по одному из направлений развития детей, Бюджетное, Юго-Западное окружное управление образования," 119421, г.Москва, ул.Новаторов, д.20, корп. 4",(499) 432-18-07, dou375@mail.ru; dou375@ou.mosuzedu.ru,POINT (37.5225276 55.66470469999999)
341, Государственное бюджетное образовательное учреждение города Москвы детский сад № 2567, ГБОУ детский сад № 2567,"2 567", Дошкольное образовательное учреждение, Детский сад, Бюджетное, Восточное окружное управление образования," 111625, г. Москва, ул. Святоозерская, д. 20",(499) 721-74-03, farida_burkanova@inbox.ru; dobroshkola@yandex.ru,POINT (37.8911027 55.7116132)
342, Государственное бюджетное образовательное учреждение города Москвы детский сад компенсирующего вида № 2377, ГБОУ детский сад № 2377,"2 377", Дошкольное образовательное учреждение, Детский сад компенсирующего вида, Бюджетное, Юго-Восточное окружное управление образования," 109153, город Москва, улица Генерала Кузнецова, дом 27, корпус 3",(495) 704-30-00, gou2377@yandex.ru,POINT (37.8531684 55.6804208)
343, Государственное бюджетное образовательное учреждение города Москвы детский сад общеразвивающего вида № 591, ГБОУ детский сад № 591,"591", Дошкольное образовательное учреждение, Детский сад общеразвивающего вида с приоритетным осуществлением деятельности по одному из направлений развития детей, Бюджетное, Южное окружное управление образования," 115516 г. Москва,ул. Бехтерева,д.35,к.4",(495) 325-21-08, dou591@sinergi.ru,POINT (37.651095 55.62120900000001)
344, Государственное бюджетное образовательное учреждение города Москвы детский сад комбинированного вида № 290, ГБОУ детский сад № 290,"290", Дошкольное образовательное учреждение, Детский сад комбинированного вида, Бюджетное, Северо-Восточное окружное управление образования," 127276, город Москва, улица Академика Комарова, дом 3,корпус 1",(495) 619-84-94, dou290@yandex.ru,POINT (37.5971179 55.828453)
345, Государственное бюджетное образовательное учреждение города Москвы детский сад общеразвивающего вида № 980, ГБОУ детский сад № 980,"980", Дошкольное образовательное учреждение, Детский сад общеразвивающего вида с приоритетным осуществлением деятельности по одному из направлений развития детей, Бюджетное, Юго-Западное окружное управление образования," 117133, г.Москва, ул. Тёплый Стан, дом 12А",(495) 339-32-00, dou980@ou.mosuzedu.ru; detisad980@mail.ru,POINT (37.4894166 55.6302536)
346, Государственное бюджетное образовательное учреждение города Москвы центр развития ребенка - детский сад № 272, ГБОУ ЦРР - детский сад № 272,"272", Дошкольное образовательное учреждение, Центр развития ребенка – детский сад, Бюджетное, Западное окружное управление образования," 119454, город Москва, Проспект Вернадского, дом 48",(499) 431-19-95, ds272sao@mail.ru,POINT (37.4968593 55.6754596)
347, Государственное бюджетное образовательное учреждение города Москвы детский сад № 39, ГБОУ детский сад № 39, 39, Дошкольное образовательное учреждение, Детский сад, Бюджетное, Северо-Восточное окружное управление образования," 127576, г.Москва, ул.Угличская, д.8",(499) 200-77-01, ds_7@mail.ru,POINT (37.568947 55.896909)
348, Государственное бюджетное образовательное учреждение города Москвы детский сад комбинированного вида № 2559, ГБОУ детский сад № 2559,"2 559", Дошкольное образовательное учреждение, Детский сад комбинированного вида, Бюджетное, Восточное окружное управление образования," 107065,г.Москва, ул.Уральская, д.23",(499) 780-13-76, detsad2559@rambler.ru,POINT (37.8053554 55.8234228)
349, Государственное бюджетное образовательное учреждение города Москвы детский сад № 1739, ГБОУ детский сад № 1739,"1 739", Дошкольное образовательное учреждение, Детский сад, Бюджетное, Северо-Восточное окружное управление образования," 127560 г. Москва, ул. Плещеева, д. 10А",(499) 205-64-43, detsad1739@yandex.ru; dou1739@yandex.ru,POINT (37.6105 55.884656)
350, Государственное бюджетное образовательное учреждение города Москвы детский сад № 1412, ГБОУ детский сад № 1412,"1 412", Дошкольное образовательное учреждение, Детский сад, Бюджетное, Западное окружное управление образования," 119602, г.Москва, ул. Академика Анохина, д . 28, корп. 2",(495) 437-72-34, dou1412@mail.ru,POINT (37.47087399999999 55.659992)
351, Государственное бюджетное образовательное учреждение города Москвы детский сад комбинированного вида № 2483, ГБОУ детский сад № 2483,"2 483", Дошкольное образовательное учреждение, Детский сад комбинированного вида, Бюджетное, Юго-Западное окружное управление образования," 117342, г.Москва, улица Островитянова, дом 53, корпус 5","420-90-01", dou2483@ou.mosuzedu.ru; detsad2483@yandex.ru,POINT (37.5389207 55.6374898)
352, Государственное бюджетное образовательное учреждение города Москвы детский сад № 1403, ГБОУ детский сад № 1403,"1 403", Дошкольное образовательное учреждение, Детский сад, Бюджетное, Юго-Западное окружное управление образования," 117638, г.Москва, улица Фруктовая, дом 13",(499) 317-16-54, ds1403@yandex.ru,POINT (37.606409 55.661916)
353, Государственное бюджетное образовательное учреждение города Москвы детский сад № 2389, ГБОУ детский сад № 2389,"2 389", Дошкольное образовательное учреждение, Детский сад, Бюджетное, Северо-Восточное окружное управление образования," 129345, город Москва, Тайнинская улица, дом 15, корпус 2",(499) 185-16-01, detsad-2389@inbox.ru,POINT (37.6834802 55.8836318)
354, Государственное бюджетное образовательное учреждение города Москвы детский сад № 2652, ГБОУ детский сад № 2652,"2 652", Дошкольное образовательное учреждение, Детский сад, Бюджетное, Западное окружное управление образования," 119634 г.Москва, ул. Лукинская, д. 16, корп. 2",(499) 749-44-67, dou2652@mail.ru,POINT (37.337466 55.646327)
355, Государственное бюджетное образовательное учреждение города Москвы детский сад № 432, ГБОУ детский сад № 432,"432", Дошкольное образовательное учреждение, Детский сад, Бюджетное, Юго-Западное окружное управление образования," 117574, город Москва, улица Вильнюсская, дом 7, корпус 4","423-54-22", dou1207@ou.mosuzedu.ru; gou1207@mosuzedu.ru,POINT (37.522919 55.60178999999999)
356, Государственное бюджетное образовательное учреждение города Москвы детский сад № 313, ГБОУ детский сад №313,"313", Дошкольное образовательное учреждение, Детский сад, Бюджетное, Юго-Западное окружное управление образования," 117303, г.Москва, ул. Каховка, дом 5","8-495-318-98-09", gou313@mosuzedu.ru,POINT (37.5925479 55.6516944)
357, Государственное бюджетное образовательное учреждение города Москвы детский сад № 2684, ГБОУ детский сад № 2684,"2 684", Дошкольное образовательное учреждение, Детский сад, Бюджетное, Юго-Западное окружное управление образования," 117148, г.Москва, ул. Захарьинские дворики, д. 3, корп. 2",(499)232-23-54, dou2684@ou.mosuzedu.ru; detsad2684@yandex.ru,POINT (37.5771919 55.502038)
358, Государственное бюджетное образовательное учреждение города Москвы детский сад комбинированного вида № 1524, ГБОУ детский сад № 1524,"1 524", Дошкольное образовательное учреждение, Детский сад комбинированного вида, Бюджетное, Северо-Восточное окружное управление образования," ""127562, г. Москва, Алтуфьевское ш., д. 24 ""Б""",(499) 201-60-88, detsad.1524@yandex.ru,POINT (37.5875937 55.8627944)
359, Государственное бюджетное образовательное учреждение города Москвы детский сад комбинированного вида № 337, ГБОУ детский сад № 337,"337", Дошкольное образовательное учреждение, Детский сад комбинированного вида, Бюджетное, Восточное окружное управление образования," 105264,г.Москва, 5-я Парковая улица, дом 50 А",(499) 463-67-81, det-sad988@mail.ru,POINT (37.7893324 55.8015369)
360, Государственное бюджетное образовательное учреждение города Москвы детский сад общеразвивающего вида № 1675, ГБОУ детский сад № 1675,"1 675", Дошкольное образовательное учреждение, Детский сад общеразвивающего вида с приоритетным осуществлением деятельности по одному из направлений развития детей, Бюджетное, Южное окружное управление образования," 115597 г. Москва, ул. Воронежская, дом 44, корп.2",(495) 398-42-33, dou1675@sinergi.ru,POINT (37.7481068 55.6099411)
361, Государственное бюджетное образовательное учреждение города Москвы центр развития ребенка - детский сад №225, ГБОУ ЦРР - детский сад №225,"225", Дошкольное образовательное учреждение, Центр развития ребенка – детский сад, Бюджетное, Восточное окружное управление образования," 107207, г. Москва, улица Алтайская, д. 2А",(495) 466-67-74, detsad225@mail.ru,POINT (37.8004385 55.8186315)
362, Государственное бюджетное образовательное учреждение города Москвы детский сад № 1492, ГБОУ детский сад № 1492,"1 492", Дошкольное образовательное учреждение, Детский сад, Бюджетное, Юго-Западное окружное управление образования," 117513, г. Москва, ул. Академика Бакулева, д.14",(495)438-50-01, Shuvalovagp11@rambler.ru,POINT (37.48334699999999 55.6416358)
364, Государственное бюджетное образовательное учреждение города Москвы детский сад № 219, ГБОУ детский сад №219,"219", Дошкольное образовательное учреждение, Детский сад, Бюджетное, Юго-Западное окружное управление образования," 119334, г.Москва, Проспект 60-летия Октября, д.3, корп.3",#Н/Д, dou219@ou.mosuzedu.ru,POINT (37.582531 55.705628)
365, Государственное бюджетное образовательное учреждение города Москвы детский сад общеразвивающего вида с приоритетным осуществлением деятельности по художественно-эстетическому развитию детей № 698, ГБОУ детский сад общеразвивающего вида № 698,"698", Дошкольное образовательное учреждение, Детский сад общеразвивающего вида с приоритетным осуществлением деятельности по одному из направлений развития детей, Бюджетное, Южное окружное управление образования," 117525 г. Москва, ул. Чертановская, 13 А",(495) 311-70-18, dou698@sinergi.ru,POINT (37.6001514 55.6274051)
366, Государственное бюджетное образовательное учреждение города Москвы детский сад комбинированного вида № 1428, ГБОУ детский сад № 1428,"1 428", Дошкольное образовательное учреждение, Детский сад комбинированного вида, Бюджетное, Западное окружное управление образования," 119620, г.Москва, ул.Академика Анохина, д. 12, корп. 5",(495) 430-07-38, dou1428@mail.ru,POINT (37.468304 55.667798)
367, Государственное бюджетное образовательное учреждение города Москвы детский сад № 738, ГБОУ детский сад № 738,"738", Дошкольное образовательное учреждение, Детский сад, Бюджетное, Южное окружное управление образования," 115470 г. Москва, Нагатинская наб., д.46, к.1",(499) 616-53-44, dou738@sinergi.ru,POINT (37.6768999 55.6865926)
368, Государственное бюджетное образовательное учреждение города Москвы детский сад комбинированного вида № 1134, ГБОУ детский сад № 1134,"1 134", Дошкольное образовательное учреждение, Детский сад комбинированного вида, Бюджетное, Южное окружное управление образования," 115563 г. Москва, Борисовский пр-д, 46 корп.3",(495) 394-19-00, dou1134@sinergi.ru,POINT (37.726608 55.61418699999999)
369, Государственное бюджетное образовательное учреждение города Москвы детский сад № 1284, ГБОУ детский сад № 1284,"1 284", Дошкольное образовательное учреждение, Детский сад, Бюджетное, Западное окружное управление образования," 121374, г.Москва, ул. Ращупкина, д. 5, корп. 2",(495) 440-11-00, dc1284@rambler.ru,POINT (37.441076 55.724246)
370, Государственное бюджетное образовательное учреждение города Москвы детский сад комбинированного вида № 1259, ГБОУ детский сад № 1259,"1 259", Дошкольное образовательное учреждение, Детский сад комбинированного вида, Бюджетное, Северо-Западное окружное управление образования," 123181, г. Москва, ул. Маршала Катукова, д. 25, корп. 2",(495) 750-06-54,  dou1259@szouo.ru; ds1259@yandex.ru,POINT (37.413554 55.806679)
371, Государственное бюджетное образовательное учреждение города Москвы детский сад № 2354, ГБОУ детский сад № 2354,"2 354", Дошкольное образовательное учреждение, Детский сад, Бюджетное, Восточное окружное управление образования," 111524,Москва, ул.Мастеровая, д.13 А",(499) 785-77-51, ds2354@rambler.ru,POINT (37.7561555 55.7437584)
372, Государственное бюджетное образовательное учреждение города Москвы центр развития ребенка - детский сад №2336, ГБОУ ЦРР - детский сад №2336,"2 336", Дошкольное образовательное учреждение, Центр развития ребенка – детский сад, Бюджетное, Центральное окружное управление образования," 115093 г. Москва, 1-й Люсиновский пер., д.5",(495) 959-88-42, inpavlenko2336@rambler.ru,POINT (37.6208913 55.7271149)
373, Государственное бюджетное образовательное учреждение города Москвы центр развития ребенка - детский сад № 1150, ГБОУ ЦРР - детский сад № 1150,"1 150", Дошкольное образовательное учреждение, Центр развития ребенка – детский сад, Бюджетное, Восточное окружное управление образования," 111538, г. Москва, ул. Молдагуловой, д.30А",(495) 375-70-02, crr1150@mail.ru,POINT (37.8267278 55.7194063)
374, Государственное бюджетное образовательное учреждение города Москвы детский сад комбинированного вида № 277, ГБОУ детский сад № 277,"277", Дошкольное образовательное учреждение, Детский сад комбинированного вида, Бюджетное, Восточное окружное управление образования," 105523, г.Москва,ул.15 Парковая, дом 40","468-82-16", ds277@mail.ru,POINT (37.8191969 55.8051263)
422, Государственное бюджетное образовательное учреждение города Москвы детский сад № 2513, ГБОУ детский сад № 2513,"2 513", Дошкольное образовательное учреждение, Детский сад, Бюджетное, Юго-Западное окружное управление образования," 117216, г.Москва, ул.Грина, дом 1, корпус 9",(499) 744-26-54, gou2513@mosuzedu.ru,POINT (37.586397 55.5603697)
375, Государственное бюджетное образовательное учреждение города Москвы детский сад комбинированного вида №1879, ГБОУ детский сад № 1879,"1 879", Дошкольное образовательное учреждение, Детский сад комбинированного вида, Бюджетное, Северо-Восточное окружное управление образования," 127566 г. Москва, ул. Бестужевых, д. 27-Б",(499) 404-22-00, Gou1879@yandex.ru,POINT (37.61274090000001 55.8696336)
376, Государственное бюджетное образовательное учреждение города Москвы центр развития ребенка - детский сад № 1688, ГБОУ ЦРР - детский сад № 1688,"1 688", Дошкольное образовательное учреждение, Центр развития ребенка – детский сад, Бюджетное, Восточное окружное управление образования," 111672, г. Москва, ул. Суздальская, д. 40А, 38",(495) 701-10-00, crr1688@mail.ru,POINT (37.8735207 55.74478999999999)
377, Государственное бюджетное образовательное учреждение города Москвы детский сад комбинированного вида № 1043, ГБОУ детский сад № 1043,"1 043", Дошкольное образовательное учреждение, Детский сад комбинированного вида, Бюджетное, Южное окружное управление образования," 117208 г. Москва, Сумской пр-д, 4 б",(495) 312-16-20, dou1043@sinergi.ru,POINT (37.6131955 55.63787869999999)
378, Государственное бюджетное образовательное учреждение города Москвы детский сад № 792, ГБОУ детский сад №792,"792", Дошкольное образовательное учреждение, Детский сад, Бюджетное, Юго-Западное окружное управление образования," 117321, г. Москва, ул. Профсоюзная, дом 140 Б",(495) 338-66-11, dou792@mosuzedu.ru,POINT (37.5067539 55.6277463)
379, Государственное бюджетное образовательное учреждение города Москвы детский сад № 2742, ГБОУ детский сад № 2742,"2 742", Дошкольное образовательное учреждение, Детский сад, Бюджетное, Северное окружное управление образования," 125008,г. Москва, улица Михалковская, дом 20 А Ул.Михалковская д13Б",(499) 154-14-01, ds@soudo.ru; Polskaya.i@yandex.ru; detsad626@yandex.ru,POINT (37.5305717 55.8400426)
380, Государственное бюджетное образовательное учреждение города Москвы детский сад № 1025, ГБОУ детский сад № 1025,"1 025", Дошкольное образовательное учреждение, Детский сад, Бюджетное, Западное окружное управление образования," 121596, г.Москва, ул. Барвихинская, д. 14",(495) 448-87-35, ds1025@mail.ru,POINT (37.3885313 55.7183619)
381, Государственное бюджетное образовательное учреждение города Москвы детский сад № 2663, ГБОУ детский сад № 2663,"2 663", Дошкольное образовательное учреждение, Детский сад, Бюджетное, Центральное окружное управление образования," 105005 г.Москва, ул.Бакунинская, д.11, стр.1",(499) 263-05-10, elelineva@yandex.ru; luchik2663@gmail.com,POINT (37.6799419 55.774743)
382, Государственное бюджетное образовательное учреждение города Москвы детский сад комбинированного вида № 58, ГБОУ детский сад № 58, 58, Дошкольное образовательное учреждение, Детский сад комбинированного вида, Бюджетное, Северо-Восточное окружное управление образования," 129337, город Москва, Ярославское шоссе, дом 8, корпус 3",(499) 183-08-92, gou-k58@mail.ru,POINT (37.6865695 55.851858)
383, Государственное бюджетное образовательное учреждение города Москвы детский сад компенсирующего вида № 735, ГБОУ детский сад № 735,"735", Дошкольное образовательное учреждение, Детский сад компенсирующего вида, Бюджетное, Северное окружное управление образования," 127540, г. Москва, улица Дубнинская, дом 10 А",(499) 904-80-11, detsad735@yandex.ru,POINT (37.5706564 55.8629192)
384, Государственное бюджетное образовательное учреждение города Москвы детский сад компенсирующего вида № 2316, ГБОУ детский сад № 2316,"2 316", Дошкольное образовательное учреждение, Детский сад компенсирующего вида, Бюджетное, Юго-Восточное окружное управление образования," 109156, г.Москва, Жулебинский бульвар, дом 28, корпус 2",(495) 704-51-11, gou2316@rambler.ru,POINT (37.855835 55.689705)
385, Государственное бюджетное образовательное учреждение города Москвы детский сад № 719, ГБОУ детский сад № 719,"719", Дошкольное образовательное учреждение, Детский сад, Бюджетное, Западное окружное управление образования," 119571, г.Москва, пр-т Вернадского, д. 115",(495) 433-51-05, dou719@mail.ru,POINT (37.4841513 55.65897)
386, Государственное бюджетное образовательное учреждение города Москвы детский сад комбинированного вида № 89, ГБОУ детский сад № 89, 89, Дошкольное образовательное учреждение, Детский сад комбинированного вида, Бюджетное, Юго-Западное окружное управление образования," 117485, г.Москва, ул. Академика Волгина, д. 5 А","8(495)336-77-88", detsadik89@gmail.com,POINT (37.5217106 55.6526894)
387, Государственное бюджетное образовательное учреждение города Москвы детский сад общеразвивающего вида № 791, ГБОУ детский сад № 791,"791", Дошкольное образовательное учреждение, Детский сад общеразвивающего вида с приоритетным осуществлением деятельности по одному из направлений развития детей, Бюджетное, Юго-Западное окружное управление образования," 117321, Москва, ул.Профсоюзная, д.130 А","8(495)338-70-55", dou791@ou.mosuzedu.ru; gou791@gmail.com,POINT (37.5130698 55.6311535)
388, Государственное бюджетное образовательное учреждение города Москвы детский сад комбинированного вида № 1281, ГБОУ детский сад № 1281,"1 281", Дошкольное образовательное учреждение, Детский сад комбинированного вида, Бюджетное, Южное окружное управление образования," 117648 г.Москва, Северное Чертаново, к.811",(495) 319-48-45, dou1281@sinergi.ru,POINT (37.5961887 55.6383327)
389, Государственное бюджетное образовательное учреждение города Москвы детский сад компенсирующего вида № 420, ГБОУ детский сад № 420,"420", Дошкольное образовательное учреждение, Детский сад компенсирующего вида, Бюджетное, Центральное окружное управление образования," 123056 г.Москва, ул. Зоологическая, д.17",(499) 254-60-21, ds420@yandex.ru,POINT (37.586765 55.76696099999999)
390, Государственное бюджетное образовательное учреждение города Москвы центр развития ребенка - детский сад № 32, ГБОУ ЦРР - детский сад № 32, 32, Дошкольное образовательное учреждение, Центр развития ребенка – детский сад, Бюджетное, Южное окружное управление образования," 115573 г. Москва, ул. Шипиловская, д. 50 к.4",(495) 393-30-47, dou32@sinergi.ru,POINT (37.738308 55.619393)
391, Государственное бюджетное образовательное учреждение города Москвы детский сад комбинированного вида № 2272, ГБОУ детский сад № 2272,"2 272", Дошкольное образовательное учреждение, Детский сад комбинированного вида, Бюджетное, Южное окружное управление образования," 115407 г.Москва, Нагатинская наб., д.58, к.3",(499) 617-64-27, dou2272@sinergi.ru,POINT (37.68634890000001 55.68747)
392, Государственное бюджетное образовательное учреждение города Москвы детский сад № 2393, ГБОУ детский сад № 2393,"2 393", Дошкольное образовательное учреждение, Детский сад, Бюджетное, Юго-Западное окружное управление образования," 117042, г. Москва, ул. Южнобутовская, д.72, корпус 4","715-46-59", dou2393@ou.mosuzedu.ru,POINT (37.5196676 55.5357645)
393, Государственное бюджетное образовательное учреждение города Москвы детский сад компенсирующего вида № 224, ГБОУ детский сад № 224,"224", Дошкольное образовательное учреждение, Детский сад компенсирующего вида, Бюджетное, Центральное окружное управление образования," 127051 г. Москва, Большой Каретный пер, д.22, стр.5",(495) 699-94-80, detsad224@list.ru,POINT (37.6175298 55.772375)
394, Государственное бюджетное образовательное учреждение города Москвы детский сад комбинированного вида № 1009, ГБОУ детский сад № 1009,"1 009", Дошкольное образовательное учреждение, Детский сад комбинированного вида, Бюджетное, Восточное окружное управление образования," 111402, г.Москва, ул.Кетчерская, д.8 Б",(495) 370-56-10, detsad1009@rambler.ru,POINT (37.8248959 55.7414539)
395, Государственное бюджетное образовательное учреждение города Москвы детский сад № 93, ГБОУ детский сад № 93, 93, Дошкольное образовательное учреждение, Детский сад, Бюджетное, Восточное окружное управление образования," 105118,г.Москва, Проспект Будённого, д.20А",(495) 366-08-38, DOU93@list.ru,POINT (37.7294535 55.7662597)
396, Государственное бюджетное образовательное учреждение города Москвы детский сад № 489, ГБОУ детский сад № 489,"489", Дошкольное образовательное учреждение, Детский сад, Бюджетное, Юго-Западное окружное управление образования," 117303, г. Москва, улица Каховка, дом 13, корпус 10","495-318-53-90", dou489@mosuzedu.ru,POINT (37.5814949 55.649313)
397, Государственное бюджетное образовательное учреждение города Москвы детский сад общеразвивающего вида № 1696, ГБОУ детский сад № 1696,"1 696", Дошкольное образовательное учреждение, Детский сад общеразвивающего вида с приоритетным осуществлением деятельности по одному из направлений развития детей, Бюджетное, Южное окружное управление образования," 115682 г. Москва, ул Кустанайская, д.9, к.2",(495) 395-91-70, dou1696@sinergi.ru,POINT (37.7548504 55.6174367)
398, Государственное бюджетное образовательное учреждение города Москвы детский сад № 2101, ГБОУ детский сад № 2101,"2 101", Дошкольное образовательное учреждение, Детский сад, Бюджетное, Юго-Восточное окружное управление образования," 109144, г.Москва, Батайский проезд, д.57",(495) 348-99-98, ds2101@mail.ru,POINT (37.7403831 55.6446494)
399, Государственное бюджетное образовательное учреждение города Москвы детский сад общеразвивающего вида № 817, ГБОУ детский сад № 817,"817", Дошкольное образовательное учреждение, Детский сад общеразвивающего вида с приоритетным осуществлением деятельности по одному из направлений развития детей, Бюджетное, Юго-Восточное окружное управление образования," 109457, г. Москва, улица Окская, дом 46, корпус 2",(495) 379-70-96, gou817@yandex.ru,POINT (37.7781486 55.71691360000001)
400, Государственное бюджетное образовательное учреждение города Москвы детский сад компенсирующего вида № 1266, ГБОУ детский сад № 1266,"1 266", Дошкольное образовательное учреждение, Детский сад компенсирующего вида, Бюджетное, Северо-Восточное окружное управление образования," ""127490, город Москва, улица Пестеля, дом 8 ""Д""",(499) 203-93-88, 1266@mail.ru,POINT (37.6144046 55.8661128)
401, Государственное бюджетное образовательное учреждение города Москвы детский сад комбинированного вида № 2506, ГБОУ детский сад № 2506,"2 506", Дошкольное образовательное учреждение, Детский сад комбинированного вида, Бюджетное, Северное окружное управление образования," 125413, г. Москва, ул. Флотская, дом 84А",(495) 453-01-85, gou-ds-2506@mail.ru; http://ds2506.mskobr.ru/,POINT (37.5161752 55.860825)
402, Государственное бюджетное образовательное учреждение города Москвы детский сад № 2118, ГБОУ детский сад № 2118,"2 118", Дошкольное образовательное учреждение, Детский сад, Бюджетное, Юго-Восточное окружное управление образования," 109472, Москва, Самаркандский бульвар, дом 32, корпус 2",(495) 372-14-90, DC2118@yandex.ru,POINT (37.8124245 55.6984702)
403, Государственное бюджетное образовательное учреждение города Москвы детский сад компенсирующего вида № 2408, ГБОУ детский сад № 2408,"2 408", Дошкольное образовательное учреждение, Детский сад компенсирующего вида, Бюджетное, Юго-Восточное окружное управление образования," 109559, г.Москва, ул. Цимлянская, д. 18",(495) 359-77-11, gou 2408@yandex.ru,POINT (37.7708605 55.6715135)
404, Государственное бюджетное образовательное учреждение города Москвы детский сад комбинированного вида № 1813, ГБОУ детский сад № 1813,"1 813", Дошкольное образовательное учреждение, Детский сад комбинированного вида, Бюджетное, Восточное окружное управление образования," 107113, г. Москва, Поперечный просек, д.1Д",(499) 268-18-91, ds1813@bk.ru,POINT (37.656208 55.793685)
405, Государственное бюджетное образовательное учреждение города Москвы детский сад № 1963, ГБОУ детский сад № 1963,"1 963", Дошкольное образовательное учреждение, Детский сад, Бюджетное, Северо-Восточное окружное управление образования," 129345, город Москва, улица Осташковская, дом 7,корпус 6",(499) 185-06-90, GOU1963@rambler.ru,POINT (37.6775765 55.8768201)
406, Государственное бюджетное образовательное учреждение города Москвы детский сад № 350, ГБОУ детский сад № 350,"350", Дошкольное образовательное учреждение, Детский сад, Бюджетное, Юго-Восточное окружное управление образования," 109052, Москва, ул. Нижегородская, дом 80, корпус 1, корпус 2",(495) 678-42-34, ds350@list.ru,POINT (37.7158431 55.7316435)
407, Государственное бюджетное образовательное учреждение города Москвы детский сад комбинированного вида № 750, ГБОУ детский сад № 750,"750", Дошкольное образовательное учреждение, Детский сад комбинированного вида, Бюджетное, Юго-Западное окружное управление образования," 117209, г. Москва, Болотниковская ул., дом 52А",(499) 121-54-10, dou750@ou.mosuzedu.ru; kinder750@mail.ru,POINT (37.5827968 55.66354399999999)
408, Государственное бюджетное образовательное учреждение города Москвы детский сад комбинированного вида № 271, ГБОУ детский сад № 271,"271", Дошкольное образовательное учреждение, Детский сад комбинированного вида, Бюджетное, Северо-Восточное окружное управление образования," 129366 город Москва, улица Кибальчича, дом 3а",(495) 683-01-52, ds271@mail.ru,POINT (37.64288 55.816921)
409, Государственное бюджетное образовательное учреждение города Москвы детский сад комбинированного вида № 1481, ГБОУ детский сад № 1481,"1 481", Дошкольное образовательное учреждение, Детский сад комбинированного вида, Бюджетное, Южное окружное управление образования," 115372 г. Москва, ул. Бирюлевская, д.47 корп.2",(495) 328-53-11, dou1481@sinergi.ru,POINT (37.67017 55.584804)
423, Государственное образовательное учреждение детский сад № 84, ГОУ детский сад № 84, 84, Дошкольное образовательное учреждение, Детский сад, Бюджетное, Юго-Восточное окружное управление образования," 109052, Москва, Смирновская улица, д.3/5",(495) 361-00-20, —,POINT (37.7067921 55.7376211)
410, Государственное бюджетное образовательное учреждение города Москвы детский сад присмотра и оздоровления № 2142, ГБОУ детский сад № 2142,"2 142", Дошкольное образовательное учреждение, Детский сад присмотра и оздоровления, Бюджетное, Северо-Восточное окружное управление образования," 129366, город Москва, улица Ярославская, дом 19, корпус 1",(495) 683-18-54, dou2142@mail.ru,POINT (37.6493731 55.8234345)
411, Государственное бюджетное образовательное учреждение города Москвы детский сад № 2018, ГБОУ детский сад № 2018,"2 018", Дошкольное образовательное учреждение, Детский сад, Бюджетное, Юго-Западное окружное управление образования," 117461, г.Москва, улица Каховка, дом 23, корпус 3","8(499)122-40-24", dou2018@ou.mosuzedu.ru; gou 2018@mail.ru; gou 2018@mail.ru,POINT (37.5734298 55.653473)
412, Государственное бюджетное образовательное учреждение города Москвы детский сад комбинированного вида № 1851, ГБОУ детский сад № 1851,"1 851", Дошкольное образовательное учреждение, Детский сад комбинированного вида, Бюджетное, Северное окружное управление образования," 127411, г. Москва, улица Долгопрудная, дом 6,корпус 3",(495) 485-29-55, 1851@bk.ru; detsad1851.ru,POINT (37.540966 55.89501)
413, Государственное бюджетное образовательное учреждение города Москвы детский сад № 720, ГБОУ детский сад № 720,"720", Дошкольное образовательное учреждение, Детский сад, Бюджетное, Северо-Восточное окружное управление образования," 129336 город Москва, Анадырский проезд, дом 59",(495) 474-21-00, ds720@mail.ru,POINT (37.7065097 55.88045880000001)
414, Государственное бюджетное образовательное учреждение города Москвы детский сад № 732, ГБОУ д/с № 732,"732", Дошкольное образовательное учреждение, Детский сад, Бюджетное, Центральное окружное управление образования," 119049 г.Москва, Мароновский пер.,д.15, стр.1",(499) 238-23-89, katryn-75@mail.ru,POINT (37.6094703 55.732549)
415, Государственное бюджетное образовательное учреждение города Москвы детский сад № 1341, ГБОУ детский сад № 1341,"1 341", Дошкольное образовательное учреждение, Детский сад, Бюджетное, Северо-Восточное окружное управление образования," 129347, город Москва, улица Холмогорская, дом 4",(495) 182-99-97, dou1341@yandex.ru,POINT (37.7189175 55.8817979)
416, Государственное бюджетное образовательное учреждение города Москвы детский сад общеразвивающего вида № 2021, ГБОУ детский сад общеразвивающего вида № 2021,"2 021", Дошкольное образовательное учреждение, Детский сад, Бюджетное, Южное окружное управление образования," 115419 г. Москва, ул. Лестева, д.13",(495) 952-25-60, dou2021@sinergi.ru,POINT (37.6119721 55.7144129)
417, Государственное бюджетное образовательное учреждение города Москвы детский сад комбинированного вида № 1805, ГБОУ детский сад № 1805,"1 805", Дошкольное образовательное учреждение, Детский сад комбинированного вида, Бюджетное, Западное окружное управление образования," 119634, г.Москва, ул. Скульптора Мухиной, д. 9",(495) 733-02-49, ds1805@mail.ru,POINT (37.34144 55.637957)
418, Государственное бюджетное образовательное учреждение города Москвы детский сад № 718, ГБОУ детский сад № 718,"718", Дошкольное образовательное учреждение, Детский сад, Бюджетное, Северо-Восточное окружное управление образования," 129085, город Москва, Проспект Мира, дом 81",(495) 687-26-30, detcad718@yandex.ru,POINT (37.6381979 55.79841589999999)
419, Государственное бюджетное образовательное учреждение города Москвы детский сад комбинированного вида № 2639, ГБОУ детский сад № 2639,"2 639", Дошкольное образовательное учреждение, Детский сад комбинированного вида, Бюджетное, Центральное окружное управление образования," 109029 г.Москва, ул.Большая Калитниковская, д.32",(495) 670-17-60, GOU2639@mail.ru,POINT (37.6827722 55.73669659999999)
420, Государственное бюджетное образовательное учреждение города Москвы детский сад комбинированного вида № 1067, ГБОУ детский сад № 1067,"1 067", Дошкольное образовательное учреждение, Детский сад комбинированного вида, Бюджетное, Северо-Восточное окружное управление образования," 127572, город Москва, улица Новгородская, дом 28",(499) 200-23-00, 1067detsad@rambler.ru; dou1067@mail.ru,POINT (37.580873 55.9023909)
421, Государственное бюджетное образовательное учреждение города Москвы детский сад № 533, ГБОУ детский сад № 533,"533", Дошкольное образовательное учреждение, Детский сад, Бюджетное, Северное окружное управление образования," 125008, г. Москва, бульвар Матроса Железняка, дом 4",(499) 154-00-39, ds-533@yandex.ru,POINT (37.5275453 55.826572)
424, Государственное бюджетное образовательное учреждение города Москвы детский сад №85, ГБОУ детский сад №85, 85, Дошкольное образовательное учреждение, Детский сад, Бюджетное, Восточное окружное управление образования," 111621, г.Москва, ул.Большая Косинская,дом 18, корпус 1",(495) 700-25-13, goyds50@yandex.ru,POINT (37.858449 55.711215)
425, Государственное бюджетное образовательное учреждение города Москвы детский сад комбинированного вида № 1157, ГБОУ детский сад № 1157,"1 157", Дошкольное образовательное учреждение, Детский сад комбинированного вида, Бюджетное, Восточное окружное управление образования," 107497, г. Москва, ул. Чусовская, д.6",(495) 468-95-79, detsad1157@rambler.ru; detsad1157@yandex.ru,POINT (37.8150647 55.8132007)
426, Государственное бюджетное образовательное учреждение города Москвы детский сад № 2295, ГБОУ детский сад № 2295,"2 295", Дошкольное образовательное учреждение, Детский сад, Бюджетное, Юго-Западное окружное управление образования," 117042, г.Москва, Бульвар Адмирала Ушакова, 16","8-495-716-32-36,", gou2295@.mosuzedu.ru,POINT (37.5482006 55.5490466)
427, Государственное бюджетное образовательное учреждение города Москвы детский сад № 1977, ГБОУ детский сад № 1977,"1 977", Дошкольное образовательное учреждение, Детский сад, Бюджетное, Северо-Восточное окружное управление образования," 129626 город Москва, Кулаков переулок, дом 7, корпус 1",(495) 687-69-76, dou1977@yandex.ru,POINT (37.63892939999999 55.80446689999999)
428, Государственное бюджетное образовательное учреждение города Москвы детский сад № 1967, ГБОУ детский сад № 1967,"1 967", Дошкольное образовательное учреждение, Детский сад, Бюджетное, Южное окружное управление образования," 115201 г. Москва, Каширское ш., д.16",(499) 612-03-39, dou1967@sinergi.ru,POINT (37.63076179999999 55.6621523)
429, Государственное бюджетное образовательное учреждение города Москвы детский сад № 1297, ГБОУ детский сад № 1297,"1 297", Дошкольное образовательное учреждение, Детский сад, Бюджетное, Западное окружное управление образования," 119602, г. Москва, Мичуринский проспект, Олимпийская деревня, д.20, корп. 2",(495) 735-66-08, goy1297@mail.ru,POINT (37.462393 55.670353)
430," Государственное бюджетное образовательное учреждение города Москвы центр развития ребенка - детский сад № 1124 ""Воскресеночка""", ГБОУ ЦРР – детский сад № 1124 «Воскресеночка»,"1 124", Дошкольное образовательное учреждение, Центр развития ребенка – детский сад, Бюджетное, Троицкое и новомосковское окружное управление образования," 105318, Москва Город, Семеновская Площадь, 4",#Н/Д, sadvosk35@mail.ru,POINT (37.7210321 55.7813321)
431, Государственное бюджетное образовательное учреждение города Москвы детский сад комбинированного вида № 1275, ГБОУ детский сад № 1275,"1 275", Дошкольное образовательное учреждение, Детский сад комбинированного вида, Бюджетное, Южное окружное управление образования," 115571 г.Москва, ул.Ясеневая, д.23, корп. 2",(495) 399-40-41, dou1275@sinergi.ru,POINT (37.7320924 55.6050519)
432, Государственное бюджетное образовательное учреждение города Москвы детский сад комбинированного вида № 998, ГБОУ детский сад № 998,"998", Дошкольное образовательное учреждение, Детский сад комбинированного вида, Бюджетное, Северо-Восточное окружное управление образования," 129221 Москва, улица Полярная, дом 32, корпус 1",(499) 476-50-01, detsad998@yandex.ru,POINT (37.642998 55.881266)
433, Государственное бюджетное образовательное учреждение города Москвы центр развития ребенка - детский сад № 1129, ГБОУ ЦРР - детский сад № 1129,"1 129", Дошкольное образовательное учреждение, Центр развития ребенка – детский сад, Бюджетное, Южное окружное управление образования," 115533 г. Москва,Нагатинская наб.,28,к.2",(499) 616-43-88, dou1129@sinergi.ru,POINT (37.6596721 55.6815917)
434, Государственное бюджетное образовательное учреждение города Москвы детский сад комбинированного вида № 937, ГБОУ детский сад № 937,"937", Дошкольное образовательное учреждение, Детский сад комбинированного вида, Бюджетное, Северо-Восточное окружное управление образования," 127560, город Москва, улица Плещеева, дом 11 Б",(499) 206-92-66, ds937@rambler.ru,POINT (37.612916 55.889764)
435, Государственное бюджетное образовательное учреждение города Москвы детский сад комбинированного вида № 1872, ГБОУ детский сад № 1872,"1 872", Дошкольное образовательное учреждение, Детский сад комбинированного вида, Бюджетное, Восточное окружное управление образования," 107143, город Москва, улица Открытое шоссе дом 27",(499) 167-31-36, 1872dc@mail.ru,POINT (37.7573114 55.8268753)
436, Государственное бюджетное образовательное учреждение города Москвы детский сад общеразвивающего вида № 1682, ГБОУ детский сад общеразвивающего вида № 1682,"1 682", Дошкольное образовательное учреждение, Детский сад общеразвивающего вида с приоритетным осуществлением деятельности по одному из направлений развития детей, Бюджетное, Западное окружное управление образования," 119620, г.Москва, ул. Авиаторов, д. 10, корп. 2",(495) 934-12-37, dou1682@mail.ru,POINT (37.398326 55.6463121)
437, Государственное бюджетное образовательное учреждение города Москвы детский сад комбинированного вида № 1420, ГБОУ детский сад № 1420,"1 420", Дошкольное образовательное учреждение, Детский сад комбинированного вида, Бюджетное, Центральное окружное управление образования," 119180 г. Москва, ул. Б. Полянка, д. 30, корп. 2",(499) 238-63-10, ds1420@yandex.ru,POINT (37.617461 55.7338572)
438, Государственное бюджетное образовательное учреждение города Москвы детский сад № 666, ГБОУ детский сад № 666,"666", Дошкольное образовательное учреждение, Детский сад, Бюджетное, Западное окружное управление образования," 119501, г.Москва, ул. Матвеевская, д. 4, корп. 3",(495) 441-90-88, detsad666@mail.ru,POINT (37.47399 55.70563)
439, Государственное бюджетное образовательное учреждение города Москвы детский сад общеразвивающего вида с приоритетным осуществлением деятельности по художественно-эстетическому развитию детей № 1431, ГБОУ детский сад № 1431,"1 431", Дошкольное образовательное учреждение, Детский сад общеразвивающего вида с приоритетным осуществлением деятельности по одному из направлений развития детей, Бюджетное, Юго-Западное окружное управление образования," 119313, г. Москва, Ленинский проспект, дом 88А","138-03-32", dou1431@mosuzedu.ru,POINT (37.5235695 55.6773572)
440, Государственное бюджетное образовательное учреждение города Москвы детский сад комбинированного вида № 343, ГБОУ детский сад № 343,"343", Дошкольное образовательное учреждение, Детский сад комбинированного вида, Бюджетное, Северное окружное управление образования," 125212, г. Москва, Ленинградское шоссе 50А",(499) 159-72-61, gouds343@rambler.ru; gouds343@rambler.ru,POINT (37.4866935 55.8359609)
441, Государственное бюджетное образовательное учреждение города Москвы детский сад № 2144, ГБОУ детский сад № 2144,"2 144", Дошкольное образовательное учреждение, Детский сад, Бюджетное, Северо-Восточное окружное управление образования," 129594, город Москва, Шереметьевская улица, дом 14",(495) 689-00-08, dou-2144@yandex.ru,POINT (37.6170798 55.7988922)
442," Государственное автономное образовательное учреждение города Москвы центр развития ребенка - детский сад №726 ""Дошколенок"""," ГАОУ ЦРР - детский сад №726 ""Дошколенок""","726", Дошкольное образовательное учреждение, Детский сад, Автономное, Юго-Западное окружное управление образования," 117447, Москва Город, Черемушкинская Б. Улица, 15а","8-499-170-24-42", doshkolenok2007@yandex.ru,POINT (37.6711921 55.6749437)
443, Государственное бюджетное образовательное учреждение города Москвы детский сад комбинированного вида № 2035, ГБОУ детский сад № 2035,"2 035", Дошкольное образовательное учреждение, Детский сад комбинированного вида, Бюджетное, Северо-Восточное окружное управление образования," 127081 город Москва, проезд Дежнёва, дом 25, корпус 5",(499) 186-54-44, gou2035@mail.ru,POINT (37.6328481 55.8685188)
444, Государственное бюджетное образовательное учреждение города Москвы детский сад № 1870, ГБОУ детский сад № 1870,"1 870", Дошкольное образовательное учреждение, Детский сад, Бюджетное, Северо-Восточное окружное управление образования," 129327, город Москва, улица Ленская, дом 26, корус2",(499) 186-78-15, detsad1870@yandex.ru,POINT (37.65876 55.86865299999999)
445, Государственное бюджетное образовательное учреждение города Москвы детский сад компенсирующего вида № 1125, ГБОУ детский сад № 1125,"1 125", Дошкольное образовательное учреждение, Детский сад компенсирующего вида, Бюджетное, Восточное окружное управление образования," 111395,г. Москва, ул. Молдагуловой, дом 20",(495) 374-28-20, voronina1125@gmail.com; Detcad1125@mail.ru,POINT (37.82124779999999 55.7222107)
446, Государственное бюджетное образовательное учреждение города Москвы детский сад комбинированного вида № 1177, ГБОУ детский сад № 1177,"1 177", Дошкольное образовательное учреждение, Детский сад компенсирующего вида, Бюджетное, Южное окружное управление образования," 115533 г. Москва, Нагатинская наб., д.16, к.2",(499) 617-95-82, dou1177@sinergi.ru; olehcka1177@mail.ru,POINT (37.6534429 55.6808051)
447, Государственное бюджетное образовательное учреждение города Москвы детский сад компенсирующего вида № 1230, ГБОУ детский сад № 1230,"1 230", Дошкольное образовательное учреждение, Детский сад компенсирующего вида, Бюджетное, Северное окружное управление образования," 127591, г. Москва, улица Дубнинская, дом 34-А",(495) 485-36-32, sun1230@mail.ru,POINT (37.5587731 55.8847575)
448, Государственное бюджетное образовательное учреждение города Москвы детский сад № 657, ГБОУ детский сад № 657,"657", Дошкольное образовательное учреждение, Детский сад, Бюджетное, Западное окружное управление образования," 121354, г.Москва, ул. Кубинка, д. 20, кор. 2",(495) 416-51-74, dou657@mail.ru,POINT (37.4097793 55.72381069999999)
449, Государственное бюджетное образовательное учреждение города Москвы детский сад № 2537, ГБОУ детский сад № 2537,"2 537", Дошкольное образовательное учреждение, Детский сад, Бюджетное, Восточное окружное управление образования," 111621, г. Москва, ул. Медведева, дом 8.",(499) 721-48-50, det.sad.2537@mail.ru,POINT (37.8879762 55.7182521)
450, Государственное бюджетное образовательное учреждение города Москвы детский сад компенсирующего вида № 605, ГБОУ детский сад № 605,"605", Дошкольное образовательное учреждение, Детский сад компенсирующего вида, Бюджетное, Восточное окружное управление образования," 107143. Москва, улица Николая Химушина, дом 17 А",(499) 966-33-75, ds605@yandex.ru,POINT (37.763494 55.824479)
451, Государственное бюджетное образовательное учреждение города Москвы детский сад №1434, ГБОУ детский сад № 1434,"1 434", Дошкольное образовательное учреждение, Детский сад, Бюджетное, Северо-Восточное окружное управление образования," 129323, г.Москва, улица Снежная, дом 10",(499) 180-02-80, detsad1434@mail.ru,POINT (37.6440176 55.8489774)
452, Государственное бюджетное образовательное учреждение города Москвы детский сад № 762, ГБОУ детский сад № 762,"762", Дошкольное образовательное учреждение, Детский сад, Бюджетное, Восточное окружное управление образования," 111402, г.Москва, Вешняковская улица , д. 3А",(495) 375-61-21, detskii_sad762@mail.ru,POINT (37.8207202 55.7395702)
453, Государственное бюджетное образовательное учреждение города Москвы детский сад № 1970, ГБОУ детский сад № 1970,"1 970", Дошкольное образовательное учреждение, Детский сад, Бюджетное, Южное окружное управление образования," 115477 г. Москва, Бехтерева ул. д.13 к.2",(495) 325-49-61, dou1970@sinergi.ru,POINT (37.652282 55.63325099999999)
454, Государственное бюджетное образовательное учреждение города Москвы детский сад № 2551, ГБОУ детский сад № 2551,"2 551", Дошкольное образовательное учреждение, Детский сад, Бюджетное, Восточное окружное управление образования," 111625, г. Москва, ул. Святозерская, д.6.",(499) 721-49-80, sad2551@rambler.ru,POINT (37.8832765 55.7129305)
455, Государственное бюджетное образовательное учреждение города Москвы детский сад комбинированного вида № 585, ГБОУ детский сад № 585,"585", Дошкольное образовательное учреждение, Детский сад комбинированного вида, Бюджетное, Восточное окружное управление образования," 105523, г. Москва, Щелковское шоссе, д. 90Б",(499) 748-84-96, sad585@yandex.ru,POINT (37.8219897 55.81055550000001)
456, Государственное бюджетное образовательное учреждение города Москвы детский сад № 1976, ГБОУ детский сад № 1976,"1 976", Дошкольное образовательное учреждение, Детский сад, Бюджетное, Центральное окружное управление образования," 105082 г.Москва, ул. Б.Почтовая, д.4/6",(499) 261-71-91, GOU.DS1976@yandex.ru,POINT (37.689504 55.773279)
457, Государственное бюджетное образовательное учреждение города Москвы детский сад комбинированного вида № 1983, ГБОУ детский сад № 1983,"1 983", Дошкольное образовательное учреждение, Детский сад комбинированного вида, Бюджетное, Центральное окружное управление образования," 109028 г. Москва, Казарменный пер., д. 6, стр. 5",(495) 916-09-81, DOU-1983@yandex.ru,POINT (37.6503948 55.7557369)
458, Государственное бюджетное образовательное учреждение города Москвы детский сад № 433, ГБОУ детский сад № 433,"433", Дошкольное образовательное учреждение, Детский сад, Бюджетное, Юго-Западное окружное управление образования," 117449, г. Москва, ул. Винокурова, дом 3А",(499)126-32-38, detsad1216@mail.ru,POINT (37.58372 55.690013)
459, Государственное бюджетное образовательное учреждение города Москвы детский сад комбинированного вида № 582, ГБОУ детский сад № 582,"582", Дошкольное образовательное учреждение, Детский сад комбинированного вида, Бюджетное, Западное окружное управление образования," 119501, г.Москвы, ул. Веерная, д. 34, корп. 1",(495) 441-10-61, detsad582@yandex.ru,POINT (37.482767 55.711806)
460, Государственное бюджетное образовательное учреждение города Москвы детский сад общеразвивающего вида № 1350, ГБОУ детский сад № 1350,"1 350", Дошкольное образовательное учреждение, Детский сад общеразвивающего вида с приоритетным осуществлением деятельности по одному из направлений развития детей, Бюджетное, Северо-Восточное окружное управление образования," 127566, город Москва, улица Бестужевых, дом 23А",(499) 204-17-00, detsad_1350@mail.ru,POINT (37.6083755 55.8730398)
461, Государственное бюджетное образовательное учреждение города Москвы детский сад общеразвивающего вида № 1640, ГБОУ детский сад № 1640,"1 640", Дошкольное образовательное учреждение, Детский сад общеразвивающего вида с приоритетным осуществлением деятельности по одному из направлений развития детей, Бюджетное, Северо-Восточное окружное управление образования," 127560 город Москва, ул.Коненкова, дом 23А",(499) 207-96-52, dou1640@yandex.ru,POINT (37.6094017 55.8950739)
462, Государственное бюджетное образовательное учреждение города Москвы детский сад № 2514, ГБОУ детский сад № 2514,"2 514", Дошкольное образовательное учреждение, Детский сад, Бюджетное, Юго-Западное окружное управление образования," 117303, г.Москва, улица Одесская, дом 16, корпус 1","499 794-37-18", ds2514@mosuzedu.ru,POINT (37.5883069 55.6560275)
463, Государственное бюджетное образовательное учреждение города Москвы детский сад № 2427, ГБОУ детский сад № 2427,"2 427", Дошкольное образовательное учреждение, Детский сад, Бюджетное, Юго-Восточное окружное управление образования," 109469, г. Москва, Перервинский б-р, д. 21, к. 4",(495) 346-94-21, dc2427@yandex.ru,POINT (37.7751236 55.6586863)
464, Государственное бюджетное образовательное учреждение города Москвы детский сад № 358, ГБОУ детский сад № 358,"358", Дошкольное образовательное учреждение, Детский сад, Бюджетное, Южное окружное управление образования," 115551 г. Москва, ул. Домодедовская, д. 7 к.4",(495) 391-99-44, dou358@sinergi.ru,POINT (37.710863 55.6132076)
465, Государственное бюджетное образовательное учреждение города Москвы детский сад комбинированного вида № 2296, ГБОУ детский сад № 2296,"2 296", Дошкольное образовательное учреждение, Детский сад комбинированного вида, Бюджетное, Северное окружное управление образования," 127083, г. Москва ул. Верхняя Масловка, дом 3",(495) 613-30-90, ds2296@mail.ru,POINT (37.567423 55.792011)
466, Государственное бюджетное образовательное учреждение города Москвы детский сад комбинированного вида № 2466, ГБОУ детский сад № 2466,"2 466", Дошкольное образовательное учреждение, Детский сад комбинированного вида, Бюджетное, Юго-Восточное окружное управление образования," 109451, Москва, ул. Белореченская, д.41, к.3",(495) 658-49-90, dc_2466@mail.ru,POINT (37.774826 55.664115)
467, Государственное бюджетное образовательное учреждение города Москвы детский сад общеразвивающего вида № 808, ГБОУ детский сад № 808,"808", Дошкольное образовательное учреждение, Детский сад общеразвивающего вида с приоритетным осуществлением деятельности по одному из направлений развития детей, Бюджетное, Северо-Восточное окружное управление образования," 127576, город Москва, улица Илимская, дом 10, корпус 1",(499) 409-14-40, dou1817@yandex.ru,POINT (37.5837167 55.8904358)
468, Государственное бюджетное образовательное учреждение города Москвы детский сад общеразвивающего вида № 1485, ГБОУ детский сад № 1485,"1 485", Дошкольное образовательное учреждение, Детский сад общеразвивающего вида с приоритетным осуществлением деятельности по одному из направлений развития детей, Бюджетное, Северное окружное управление образования," 127644, г. Москва, улица Клязьминская, дом 21 А",(495) 483-01-61, ds1485@mail.ru,POINT (37.5270941 55.8938967)
469, Государственное бюджетное образовательное учреждение города Москвы детский сад № 2694, ГОУ детский сад № 2694,"2 694", Дошкольное образовательное учреждение, Детский сад, Бюджетное, Юго-Западное окружное управление образования," 117335, г.Москва, улица Архитектора Власова, дом 11, корп.3",(499) 128-08-95, dou2694@ou.mosuzedu.ru,POINT (37.5550023 55.6784099)
470, Государственное бюджетное образовательное учреждение города Москвы детский сад общеразвивающего вида с приоритетным осуществлением деятельности по художественно-эстетическому развитию детей №177, ГБОУ детский сад № 177,"177", Дошкольное образовательное учреждение, Детский сад общеразвивающего вида с приоритетным осуществлением деятельности по одному из направлений развития детей, Бюджетное, Юго-Восточное окружное управление образования," 109383, г. Москва, ул. Шоссейная, дом 53",(495) 354-32-91, ds177@uvuo.ru,POINT (37.7232767 55.6730882)
471, Государственное бюджетное образовательное учреждение города Москвы детский сад присмотра и оздоровления № 2564, ГБОУ детский сад №2564,"2 564", Дошкольное образовательное учреждение, Детский сад присмотра и оздоровления, Бюджетное, Восточное окружное управление образования," 105568, г.Москва, ул. Чечулина,д.24,стр.1",(499) 308-60-28, earmart@mail.ru; solyanka2564@mail.ru,POINT (37.833844 55.780725)
472, Государственное бюджетное образовательное учреждение города Москвы детский сад № 2586, ГБОУ детский сад № 2586,"2 586", Дошкольное образовательное учреждение, Детский сад, Бюджетное, Юго-Западное окружное управление образования," 117042, г.Москва, Чечёрский проезд, дом 14, корпус 2",(499)793-12-63, dou2586@ou.mosuzedu.ru; beloborodova17@mail.ru,POINT (37.5440184 55.54086270000001)
473, Государственное бюджетное образовательное учреждение города Москвы центр развития ребенка - детский сад № 183, ГБОУ ЦРР - детский сад № 183,"183", Дошкольное образовательное учреждение, Центр развития ребенка – детский сад, Бюджетное, Юго-Восточное окружное управление образования," 109462, г. Москва Волжский бульвар, д. 23, корп. 1",(499) 176-74-00, neskuchniy-sad@yandex.ru; ds183-bux@mail.ru; neskuchniy-sad@mail.ru,POINT (37.7516091 55.7052388)
474, Государственное бюджетное образовательное учреждение города Москвы центр развития ребенка - детский сад № 136, ГБОУ ЦРР - детский сад № 136,"136", Дошкольное образовательное учреждение, Центр развития ребенка – детский сад, Бюджетное, Юго-Западное окружное управление образования," 117279, г. Москва, ул. Миклухо-Маклая, д. 53",(495)334-25-29, crr289@yandex.ru,POINT (37.5303465 55.6418629)
475, Государственное бюджетное образовательное учреждение города Москвы детский сад комбинированного вида №1290, ГБОУ детский сад № 1290,"1 290", Дошкольное образовательное учреждение, Детский сад комбинированного вида, Бюджетное, Восточное окружное управление образования," 111396, Москва, улица Фрязевская, д.11 а",(495) 302-34-74, cad1290@mail.ru; Luda1290@mail.ru,POINT (37.8238945 55.7481269)
476, Государственное бюджетное образовательное учреждение города Москвы детский сад № 427, ГБОУ детский сад № 427,"427", Дошкольное образовательное учреждение, Детский сад, Бюджетное, Северное окружное управление образования," 125171, г. Москва, 5-ый Войковский проезд, дом 14 б",(499) 150-05-03, detsad_1167@mail.ru; detsad_1167@mail.ru,POINT (37.4898159 55.81828429999999)
477, Государственное бюджетное образовательное учреждение города Москвы центр развития ребенка - детский сад № 1039, ГБОУ ЦРР - детский сад № 1039,"1 039", Дошкольное образовательное учреждение, Центр развития ребенка – детский сад, Бюджетное, Восточное окружное управление образования," 111402,город Москва,ул.Кетчерская, дом 6Б",(495) 375-51-10, 1039_sad@list.ru,POINT (37.8234668 55.7419773)
478, Государственное бюджетное образовательное учреждение города Москвы детский сад № 2063, ГБОУ детский сад № 2063,"2 063", Дошкольное образовательное учреждение, Детский сад, Бюджетное, Юго-Западное окружное управление образования," 117321, город Москва, улица Профсоюзная, дом 140 А","424-11-62", detsad2063@mail.ru; dou2063@mosuzedu.ru,POINT (37.50830740000001 55.6271005)
479, Государственное бюджетное образовательное учреждение города Москвы центр развития ребенка - детский сад № 2357, ГБОУ ЦРР - детский сад № 2357,"2 357", Дошкольное образовательное учреждение, Центр развития ребенка – детский сад, Бюджетное, Юго-Восточное окружное управление образования," 109156, г. Москва ул. Привольная, д. 47, корп. 1",(495) 704-09-76, elena-k2357@yandex.ru,POINT (37.845217 55.686983)
480, Государственное бюджетное образовательное учреждение города Москвы детский сад № 2163, ГБОУ детский сад № 2163,"2 163", Дошкольное образовательное учреждение, Детский сад, Бюджетное, Юго-Восточное окружное управление образования," 109369, г. Москва Люблинская улица, д. 106",(495) 349-20-00, gou-2163@mail.ru,POINT (37.7391435 55.651568)
481, Государственное бюджетное образовательное учреждение города Москвы детский сад комбинированного вида № 2145, ГБОУ детский сад № 2145,"2 145", Дошкольное образовательное учреждение, Детский сад комбинированного вида, Бюджетное, Северо-Восточное окружное управление образования," 127221, город Москва, улица Молодцова, дом 5A",(499) 477-02-33, gou2145@mail.ru; gou2145@mail.ru,POINT (37.64163610000001 55.8768307)
482, Государственное бюджетное образовательное учреждение города Москвы детский сад № 1939, ГБОУ Детский сад № 1939,"1 939", Дошкольное образовательное учреждение, Детский сад, Бюджетное, Центральное окружное управление образования," 109544 г. Москва, ул. Вековая, д.10.",(495) 678-25-13, dsad1939@mail.ru,POINT (37.6834426 55.7427789)
483, Государственное бюджетное образовательное учреждение города Москвы детский сад компенсирующего вида № 1333, ГБОУ детский сад № 1333,"1 333", Дошкольное образовательное учреждение, Детский сад компенсирующего вида, Бюджетное, Юго-Восточное окружное управление образования," 109378, город Москва, ул. Академика Скрябина, д.28, кор.3",(495) 379-08-67, sadik1333@mail.ru,POINT (37.790038 55.705336)
484, Государственное бюджетное образовательное учреждение города Москвы детский сад № 2661, ГБОУ детский сад № 2661,"2 661", Дошкольное образовательное учреждение, Детский сад, Бюджетное, Центральное окружное управление образования," 119048 г.Москва, Хамовнический вал, д. 36, стр.2",(499) 242-34-51, ds2661@bk.ru,POINT (37.556989 55.72315099999999)
485, Государственное бюджетное образовательное учреждение города Москвы детский сад № 2552, ГБОУ детский сад № 2552,"2 552", Дошкольное образовательное учреждение, Детский сад, Бюджетное, Восточное окружное управление образования," 111625, г. Москва, ул. Татьяны Макаровой, д. 12",(499) 721-63-60, sad2552@yandex.ru,POINT (37.8874453 55.7122167)
486, Государственное бюджетное образовательное учреждение города Москвы детский сад комбинированного вида № 822, ГБОУ детский сад,"822", Дошкольное образовательное учреждение, Детский сад комбинированного вида, Бюджетное, Северное окружное управление образования," 127247, г. Москва, ул. Дубнинская, дом 63, корпус 6; Бескудниковский проезд, дом 2А",(499) 488-53-20, detsad822@mail.ru;,POINT (37.5562256 55.87738179999999)
487, Государственное бюджетное образовательное учреждение города Москвы детский сад № 2688, ГБОУ детский сад № 2688,"2 688", Дошкольное образовательное учреждение, Детский сад, Бюджетное, Юго-Западное окружное управление образования," 117303, г.Москва, ул. Керченская, дом 9, корп. 1",(495)318-64-65, ds2688@bk.ru,POINT (37.580242 55.64920679999999)
488, Государственное бюджетное образовательное учреждение города Москвы детский сад общеразвивающего вида № 407, ГБОУ детский сад № 407,"407", Дошкольное образовательное учреждение, Детский сад общеразвивающего вида с приоритетным осуществлением деятельности по одному из направлений развития детей, Бюджетное, Юго-Западное окружное управление образования," 119421, г.Москва, ул. Новаторов, дом 36, корп.11","935-64-61", hohlova2009@yandex.ru,POINT (37.5182401 55.6614707)
489, Государственное бюджетное образовательное учреждение города Москвы детский сад общеразвивающего вида с приоритетным осуществлением деятельности по физическому развитию детей № 1141, ГБОУ детский сад № 1141,"1 141", Дошкольное образовательное учреждение, Детский сад общеразвивающего вида с приоритетным осуществлением деятельности по одному из направлений развития детей, Бюджетное, Юго-Западное окружное управление образования," 117574, г. Москва, ул. Голубинская, дом 13, корпус 2","423-44-11", gou1141@mosuzedu.ru,POINT (37.51742710000001 55.6029683)
490, Государственное бюджетное образовательное учреждение города Москвы детский сад № 976, ГБОУ детский сад № 976,"976", Дошкольное образовательное учреждение, Детский сад, Бюджетное, Западное окружное управление образования," 119634, г.Москва, ул. Шолохова, д. 30, корп. 1",(495) 733-14-67, dou2172@mail.ru,POINT (37.34454119999999 55.6446497)
491, Государственное бюджетное образовательное учреждение города Москвы детский сад № 2219, ГБОУ детский сад № 2219,"2 219", Дошкольное образовательное учреждение, Детский сад, Бюджетное, Западное окружное управление образования," 121471, г.Москва, ул. Гродненская, д. 15","443-66-21", нет,POINT (37.43532 55.71691420000001)
492," Муниципальное автономное дошкольное образовательное учреждение Центр развития ребенка Детский сад №8 ""Улыбка"""," МАДОУ Детский сад №8 ""Улыбка""", 8, Дошкольное образовательное учреждение, Центр развития ребенка – детский сад, Автономное, Троицкое и новомосковское окружное управление образования," 142191, Москва Город, Троицк Город, В Микрорайон, 28",#Н/Д, —,POINT (37.3032108 55.4903205)
493, Государственное бюджетное образовательное учреждение города Москвы детский сад общеразвивающего вида с приоритетным осуществлением деятельности по познавательно - речевому развитию детей № 2214, ГБОУ детский сад № 2214,"2 214", Дошкольное образовательное учреждение, Детский сад общеразвивающего вида с приоритетным осуществлением деятельности по одному из направлений развития детей, Бюджетное, Зеленоградское окружное управление образования," 124617, г. Москва, Зеленоград, корп. 1467",(499) 733-95-76, d2214@zou.ru,POINT (37.1828689 55.9846714)
494, Государственное бюджетное образовательное учреждение города Москвы детский сад комбинированного вида № 1165, ГБОУ детский сад № 1165,"1 165", Дошкольное образовательное учреждение, Детский сад комбинированного вида, Бюджетное, Юго-Западное окружное управление образования," 117335, г. Москва, ул. Профсоюзная, дом 38, корп. 2",#Н/Д, dou1165@ou.mosuzedu.ru,POINT (37.557804 55.6763135)
495, Муниципальное бюджетное дошкольное образовательное учреждение городского округа Щербинка в городе Москве детский сад № 5 «Ягодка»., МБДОУ детский сад № 5 «Ягодка», 5, Дошкольное образовательное учреждение, Детский сад, Бюджетное, Троицкое и новомосковское окружное управление образования," 142172, Москва Город, Щербинка Город, Березовая Улица, 2",#Н/Д, baktyozina_olga@mail.ru,POINT (37.528545 55.511515)
496, Государственное бюджетное образовательное учреждение города Москвы детский сад общеразвивающего вида № 2729, ГБОУ детский сад № 2729,"2 729", Дошкольное образовательное учреждение, Детский сад, Бюджетное, Северное окружное управление образования," 125493, г. Москва, ул. Пулковская, д. 19, кор. 4",(495) 452-41-38, detskyi.sad2729@mail.ru,POINT (37.487504 55.846594)
497, Государственное бюджетное образовательное учреждение города Москвы центр развития ребенка - детский сад № 1537, ГБОУ ЦРР-детский сад № 1537,"1 537", Дошкольное образовательное учреждение, Центр развития ребенка – детский сад, Бюджетное, Северо-Восточное окружное управление образования," 127562 Москва, улица Декабристов, дом 8, корпус 2",(499) 907-20-00, detkiy_sad1537@mail.ru; dou1537@yandex.ru,POINT (37.5960251 55.8645921)
498, Государственное бюджетное образовательное учреждение города Москвы детский сад № 2456, ГБОУ детский сад № 2456,"2 456", Дошкольное образовательное учреждение, Детский сад, Бюджетное, Юго-Западное окружное управление образования," 117041, г. Москва, ул. Адмирала Лазарева, дом 40, корпус 1","495-714-26-66", dou2456@mosuzedu.ru; dou2456@ou.mosuzedu.ru,POINT (37.5222731 55.5456259)
499, Государственное бюджетное образовательное учреждение города Москвы детский сад комбинированного вида № 1541, ГБОУ детский сад № 1541,"1 541", Дошкольное образовательное учреждение, Детский сад комбинированного вида, Бюджетное, Северо-Восточное окружное управление образования," 127224, город Москва, улица Осташковская, дом 28, корпус 4",(495) 475-96-06, detsad1541@mail.ru; http://dskv1541.umihost.info,POINT (37.6751288 55.8908473)
500, Государственное бюджетное образовательное учреждение города Москвы детский сад №2518, ГБОУ детский сад № 2518,"2 518", Дошкольное образовательное учреждение, Детский сад, Бюджетное, Восточное окружное управление образования," 107061 2-я Пугачевская улица, д. 12",(499) 161-51-52, sadik_2518@mail.ru,POINT (37.7273497 55.793588)
501, Государственное бюджетное образовательное учреждение города Москвы детский сад компенсирующего вида № 63, ГБОУ детский сад компенсирующего вида № 63, 63, Дошкольное образовательное учреждение, Детский сад компенсирующего вида, Бюджетное, Северное окружное управление образования," 125171, г. Москва, 1-й Войковский проезд, дом 4, корпус 2",(499) 150-49-13, gouds63@gmail.com,POINT (37.4964115 55.81610939999999)
502, Государственное бюджетное образовательное учреждение города Москвы детский сад № 1909, ГБОУ детский сад № 1909,"1 909", Дошкольное образовательное учреждение, Детский сад, Бюджетное, Восточное окружное управление образования," 111396,город Москва, Союзный проспект, дом 3","302-63-37", ds1909@mail.ru; ds1909@mskobr.ru,POINT (37.8040029 55.7514485)
503, Государственное бюджетное образовательное учреждение города Москвы детский сад комбинированного вида № 1547, ГБОУ детский сад № 1547,"1 547", Дошкольное образовательное учреждение, Детский сад комбинированного вида, Бюджетное, Восточное окружное управление образования," 111401,город Москва, 2-я Владимирская улица, дом 24",(495) 368-94-14, ds1547@mail.ru,POINT (37.780713 55.755018)
504, Государственное бюджетное образовательное учреждение города Москвы детский сад общеразвивающего вида № 387, ГБОУ детский сад № 387,"387", Дошкольное образовательное учреждение, Детский сад общеразвивающего вида с приоритетным осуществлением деятельности по одному из направлений развития детей, Бюджетное, Северо-Восточное окружное управление образования," 127560 город Москва, улица Коненкова , дом 12Б",(499) 207-96-77, dou1108@yandex.ru,POINT (37.6131817 55.8930532)
505, Государственное бюджетное образовательное учреждение города Москвы детский сад № 2690, ГБОУ детский сад № 2690,"2 690", Дошкольное образовательное учреждение, Детский сад, Бюджетное, Юго-Западное окружное управление образования," 117449, г.Москва, ул. Дмитрия Ульянова, дом 25, корпус 2",(499) 789-01-54, dou2690@ou.mosuzedu.ru; detsad2690@mail.ru,POINT (37.5796843 55.6862438)
506, Государственное бюджетное образовательное учреждение города Москвы детский сад № 676, ГБОУ детский сад № 676,"676", Дошкольное образовательное учреждение, Детский сад, Бюджетное, Центральное окружное управление образования," 119048 г. Москва, ул. Кооперативная, д. 2, корп. 13, ул.Хамовнический вал д.28 стр.2",(499) 245-49-45, det.sad-676@mail.ru; сайт ds676.mskobr.ru,POINT (37.567548 55.72045)
507, Государственное бюджетное образовательное учреждение города Москвы детский сад комбинированного вида № 1192, ГБОУ детский сад № 1192,"1 192", Дошкольное образовательное учреждение, Детский сад комбинированного вида, Бюджетное, Центральное окружное управление образования," 127473 Москва, Самотечная улица, дом 17а",(495) 684-40-54, detsad1192@gmail.com,POINT (37.6156982 55.779957)
508, Государственное бюджетное образовательное учреждение города Москвы детский сад комбинированного вида № 1355, ГБОУ детский сад № 1355,"1 355", Дошкольное образовательное учреждение, Детский сад комбинированного вида, Бюджетное, Восточное окружное управление образования," 107065, г. Москва, ул. Камчатская, д. 2А",(495) 467-22-31, detsad1355@yandex.ru,POINT (37.810495 55.826065)
509, Государственное бюджетное образовательное учреждение города Москвы детский сад комбинированного вида № 1273, ГБОУ детский сад № 1273,"1 273", Дошкольное образовательное учреждение, Детский сад комбинированного вида, Бюджетное, Юго-Западное окружное управление образования," 117463, г.Москва, проезд Карамзина, дом 7, корпус 2","422-15-11", taped@rambler.ru,POINT (37.5376771 55.5921631)
510, Государственное бюджетное образовательное учреждение города Москвы детский сад № 1128, ГБОУ детский сад № 1128,"1 128", Дошкольное образовательное учреждение, Детский сад, Бюджетное, Северо-Восточное окружное управление образования," 127490, город Москва, улица Пестеля, дом 2Б",(499) 204-84-46, gou.detsad1128@mail.ru,POINT (37.616555 55.863574)
511, Государственное бюджетное образовательное учреждение города Москвы детский сад комбинированного вида № 2468, ГБОУ детский сад № 2468,"2 468", Дошкольное образовательное учреждение, Детский сад комбинированного вида, Бюджетное, Юго-Восточное окружное управление образования," 109469, г. Москва, ул. Белореченская, дом 47, корп.3",(495) 654-98-82, dou2468@yandex.ru; dou2468@rambler.ru,POINT (37.777949 55.663415)
512, Государственное бюджетное образовательное учреждение города Москвы детский сад № 2172, ГБОУ детский сад № 2172,"2 172", Дошкольное образовательное учреждение, Детский сад, Бюджетное, Центральное окружное управление образования," 119270 г. Москва, ул. 3-я Фрунзенская, дом 9",(499) 242-50-98, 1108-09@mail.ru,POINT (37.57654400000001 55.7213315)
513, Государственное бюджетное образовательное учреждение города Москвы детский сад № 920, ГБОУ детский сад № 920,"920", Дошкольное образовательное учреждение, Детский сад, Бюджетное, Юго-Западное окружное управление образования," 117465, город Москва, улица Теплый Стан, дом 11 А","8(495)3378352", dou920@mail.ru,POINT (37.4935523 55.6222872)
514, Государственное бюджетное образовательное учреждение города Москвы детский сад № 1131, ГБОУ детский сад № 1131,"1 131", Дошкольное образовательное учреждение, Детский сад, Бюджетное, Центральное окружное управление образования," 129110 г. Москва, Трифоновская ул., д.34-2",(495) 681-87-39, berendey1131@yandex.ru,POINT (37.6242194 55.7868777)
515, Государственное бюджетное образовательное учреждение города Москвы детский сад № 210, ГБОУ детский сад № 210,"210", Дошкольное образовательное учреждение, Детский сад, Бюджетное, Восточное окружное управление образования," 105118,г.Москва,ул.Вольная д.5Б",(495) 365-45-51, detsad.210@yandex.ru,POINT (37.726278 55.77686)
516, Государственное бюджетное образовательное учреждение города Москвы детский сад № 2251, ГБОУ детский сад № 2251,"2 251", Дошкольное образовательное учреждение, Детский сад, Бюджетное, Восточное окружное управление образования," 105043, г. Москва, улица Первомайская, д. 73",(495) 465-28-11, blv2251@gmail.com,POINT (37.7981427 55.7937045)
517, Государственное бюджетное образовательное учреждение города Москвы детский сад № 1366, ГБОУ детский сад № 1366,"1 366", Дошкольное образовательное учреждение, Детский сад, Бюджетное, Западное окружное управление образования," 119192 г. Москва, ул. Винницкая, д. 17, корпус 1",(495) 931-53-55, det1366@yandex.ru; www.ds1366.mskobr.ru,POINT (37.489054 55.697989)
518, Государственное бюджетное образовательное учреждение города Москвы детский сад № 1807, ГБОУ детский сад № 1807,"1 807", Дошкольное образовательное учреждение, Детский сад, Бюджетное, Западное окружное управление образования," 119415, Москва, ул. Удальцова, д. 12 стр.1",(499) 131-66-44, dou1807@mail.ru,POINT (37.5133856 55.6757179)
519, Государственное бюджетное образовательное учреждение города Москвы центр развития ребенка - детский сад № 2366, ГБОУ ЦРР - детский сад № 2366,"2 366", Дошкольное образовательное учреждение, Центр развития ребенка – детский сад, Бюджетное, Зеленоградское окружное управление образования," 124365, Москва, Зеленоград, корп. 1648",(499) 733-05-50, d2366@zou.ru,POINT (37.1828689 55.9846714)
520, Государственное бюджетное образовательное учреждение города Москвы детский сад № 240, ГБОУ детский сад № 240,"240", Дошкольное образовательное учреждение, Детский сад, Бюджетное, Восточное окружное управление образования," 105264,Москва,ул.Верхняя Первомайская,д.57А",(495) 465-66-33, i.Markova75@mail.ru,POINT (37.8021427 55.800614)
521, Государственное бюджетное образовательное учреждение города Москвы детский сад № 2445, ГБОУ детский сад № 2445,"2 445", Дошкольное образовательное учреждение, Детский сад, Бюджетное, Северное окружное управление образования," 127591, г. Москва, улица 800-летия Москвы, дом 3, корпус 4",(499) 480-45-48, detsad_2445@mail.ru,POINT (37.5508915 55.88052450000001)
522, Государственное бюджетное образовательное учреждение города Москвы детский сад № 2449, ГБОУ детский сад № 2449,"2 449", Дошкольное образовательное учреждение, Детский сад, Бюджетное, Юго-Восточное окружное управление образования," 115193, г. Москва, 5-я Кожуховская ул. д.31",(495) 677-37-72, kondrateva2449@mail.ru; gou.ds.2449@yandex.ru,POINT (37.680127 55.705894)
523, Государственное бюджетное образовательное учреждение города Москвы детский сад комбинированного вида № 1635, ГБОУ детский сад № 1635,"1 635", Дошкольное образовательное учреждение, Детский сад, Бюджетное, Южное окружное управление образования," 115569 г. Москва,ул. Шипиловская 11,к.2",(495) 391-01-11, dou1635@sinergi.ru,POINT (37.704109 55.61972)
524, Государственное бюджетное образовательное учреждение города Москвы детский сад компенсирующего вида № 2180, ГБОУ детский сад № 2180,"2 180", Дошкольное образовательное учреждение, Детский сад компенсирующего вида, Бюджетное, Северо-Западное окружное управление образования," 123154, г. Москва, ул. Генерала Глаголева, д. 4",(499) 199-15-03,  dou2180@szouo.ru,POINT (37.4619033 55.7791539)
525, Государственное бюджетное образовательное учреждение города Москвы детский сад № 768, ГБОУ детский сад № 768,"768", Дошкольное образовательное учреждение, Детский сад, Бюджетное, Юго-Западное окружное управление образования," 117452, г. Москва, ул. Азовская, дом 27",(499) 619-66-47, detsad768@mail.ru,POINT (37.59957259999999 55.6509582)
526, Государственное бюджетное образовательное учреждение города Москвы детский сад общеразвивающего вида № 1046, ГБОУ детский сад № 1046,"1 046", Дошкольное образовательное учреждение, Детский сад общеразвивающего вида с приоритетным осуществлением деятельности по одному из направлений развития детей, Бюджетное, Северо-Восточное окружное управление образования," ""127349, город Москва, Шенкурский проезд, дом 6 ""а""",(499) 206-51-38, gou1046@mail.ru,POINT (37.5929417 55.892727)
527, Государственное бюджетное образовательное учреждение города Москвы детский сад № 2705, ГБОУ детский сад № 2705,"2 705", Дошкольное образовательное учреждение, Детский сад, Бюджетное, Северо-Восточное окружное управление образования," 129345, город Москва, улица Тайнинская, дом 22, корпус 2",(495) 474-26-65, dou.2705@yandex.ru; doy2705@rambler.ru,POINT (37.6870775 55.8830489)
528," Государственное бюджетное образовательное учреждение города Москвы детский сад комбинированного вида № 1147 ""Сказка""", ГБОУ детский сад № 1147 «Сказка»,"1 147", Дошкольное образовательное учреждение, Детский сад комбинированного вида, Бюджетное, Троицкое и новомосковское окружное управление образования," 105318, Москва Город, Семеновская Площадь, 4",#Н/Д, mdou24skazka@bk.ru,POINT (37.7210321 55.7813321)
529, Государственное бюджетное образовательное учреждение города Москвы детский сад комбинированного вида № 2034, ГБОУ детский сад № 2034,"2 034", Дошкольное образовательное учреждение, Детский сад комбинированного вида, Бюджетное, Западное окружное управление образования," 119634, г.Москва, ул. Чоботовская, д. 7",(495) 731-99-30, dou2034@mail.ru,POINT (37.352546 55.6431149)
530, Государственное бюджетное образовательное учреждение города Москвы детский сад № 359, ГБОУ детский сад № 359,"359", Дошкольное образовательное учреждение, Детский сад, Бюджетное, Южное окружное управление образования," 115201 г.Москва, Каширский пр-д., д.1/1",(499) 613-96-96, dou359@sinergi.ru,POINT (37.6258903 55.6623034)
531, Государственное бюджетное образовательное учреждение города Москвы детский сад комбинированного вида № 1345, ГБОУ детский сад № 1345,"1 345", Дошкольное образовательное учреждение, Детский сад комбинированного вида, Бюджетное, Юго-Западное окружное управление образования," 117463, Москва, улица Голубинская, дом 31, корпус 2","421-59-22", romanova1345@yandex.ru,POINT (37.5430135 55.5971381)
532, Государственное бюджетное образовательное учреждение города Москвы детский сад № 1204, ГБОУ детский сад № 1204,"1 204", Дошкольное образовательное учреждение, Детский сад, Бюджетное, Юго-Западное окружное управление образования," 117036, Москва, улица Кедрова, дом 13, корпус 1","125-19-25", detsad1204@mail.ru,POINT (37.572838 55.68374)
533, Государственное бюджетное образовательное учреждение города Москвы детский сад комбинированного вида № 994, ГБОУ детский сад № 994,"994", Дошкольное образовательное учреждение, Детский сад комбинированного вида, Бюджетное, Северное окружное управление образования," 125315, Москва, Ленинградский проспект, д.78, к.4",(499) 151-74-07, goudetsad1606@mail.ru; gou1971@mail.ru; gboudetsad994@mail.ru,POINT (37.514834 55.806933)
534, Государственное бюджетное образовательное учреждение города Москвы детский сад № 1712, ГБОУ детский сад № 1712,"1 712", Дошкольное образовательное учреждение, Детский сад, Бюджетное, Южное окружное управление образования," 117556 г. Москва, Фруктовая ул., д.8, к.4",(495) 710-20-00, dou1712@sinergi.ru,POINT (37.616238 55.66089100000001)
535, Государственное бюджетное образовательное учреждение города Москвы детский сад № 1122, ГБОУ детский сад № 1122,"1 122", Дошкольное образовательное учреждение, Детский сад, Бюджетное, Центральное окружное управление образования," 123557 г. Москва, Большой Тишинский пер., д.26/13",(499) 253-79-92, detsad1122@mail.ru,POINT (37.574244 55.769675)
536, Государственное бюджетное образовательное учреждение города Москвы детский сад комбинированного вида № 2246, ГБОУ детский сад № 2246,"2 246", Дошкольное образовательное учреждение, Детский сад комбинированного вида, Бюджетное, Северное окружное управление образования," 125412, г. Москва, Коровинское шоссе, дом 20 А",(495) 485-57-31, detsad2246@yandex.ru,POINT (37.5232719 55.88079639999999)
537, Государственное бюджетное образовательное учреждение города Москвы детский сад компенсирующего вида № 1570, ГБОУ детский сад № 1570,"1 570", Дошкольное образовательное учреждение, Детский сад компенсирующего вида, Бюджетное, Южное окружное управление образования," 115582 г. Москва, Каширское шоссе, д. 110 кор. 3",(495) 391-80-03, dou1570@sinergi.ru,POINT (37.7144959 55.608058)
538, Государственное бюджетное образовательное учреждение города Москвы детский сад компенсирующего вида № 242, ГБОУ детский сад № 242,"242", Дошкольное образовательное учреждение, Детский сад компенсирующего вида, Бюджетное, Западное окружное управление образования," 121352 г.Москва, Давыдковская улица, д. 8, корпус 2",(499) 445-30-45, dsad669@inbox.ru,POINT (37.474448 55.723275)
539, Государственное бюджетное образовательное учреждение города Москвы детский сад комбинированного вида № 1598, ГБОУ детский сад № 1598,"1 598", Дошкольное образовательное учреждение, Детский сад комбинированного вида, Бюджетное, Северное окружное управление образования," 125130, г. Москва, улица Зои и Александра Космодемьянских, дом 18, корп. 2",(499) 156-42-35, gou1598@mail.ru,POINT (37.51471960000001 55.8208169)
540, Государственное бюджетное образовательное учреждение города Москвы детский сад компенсирующего вида № 637, ГБОУ детский сад № 637,"637", Дошкольное образовательное учреждение, Детский сад компенсирующего вида, Бюджетное, Северо-Западное окружное управление образования," 123154, г. Москва, ул. Генерала Глаголева, д. 28, корп. 1",(499) 199-19-73,  dou637@szouo.ru,POINT (37.466665 55.78760699999999)
541, Государственное бюджетное образовательное учреждение города Москвы детский сад общеразвивающего вида №2504, ГБОУ детский сад №2504,"2 504", Дошкольное образовательное учреждение, Детский сад общеразвивающего вида с приоритетным осуществлением деятельности по одному из направлений развития детей, Бюджетное, Восточное окружное управление образования," 111625, город Москва,ул.Рудневка ,д.6",(499) 721-59-97, dou2504@rambler.ru,POINT (37.8877908 55.71518020000001)
542, Государственное бюджетное образовательное учреждение города Москвы детский сад комбинированного вида № 1245, ГБОУ детский сад № 1245,"1 245", Дошкольное образовательное учреждение, Детский сад комбинированного вида, Бюджетное, Северо-Восточное окружное управление образования," 127560, г.Москва, ул.Плещеева, дом 3 Б",(499) 207-71-00, gou1245@mail.ru,POINT (37.60645710000001 55.8868849)
543, Государственное бюджетное образовательное учреждение города Москвы детский сад № 1069, ГБОУ детский сад № 1069,"1 069", Дошкольное образовательное учреждение, Детский сад, Бюджетное, Троицкое и новомосковское окружное управление образования," 105318, Москва Город, Семеновская Площадь, 4",#Н/Д, pervomaisk58@mail.ru,POINT (37.7210321 55.7813321)
544, Государственное бюджетное образовательное учреждение города Москвы детский сад комбинированного вида № 1186, ГБОУ детский сад № 1186,"1 186", Дошкольное образовательное учреждение, Детский сад комбинированного вида, Бюджетное, Центральное окружное управление образования," 109316, г. Москва,Волгоградский проспект, д.11, корп. 2",(495) 676-30-51, tinaym@mail.ru,POINT (37.675816 55.731386)
545, Государственное бюджетное образовательное учреждение города Москвы детский сад комбинированного вида № 697, ГБОУ детский сад № 697,"697", Дошкольное образовательное учреждение, Детский сад комбинированного вида, Бюджетное, Северо-Восточное окружное управление образования," 129301, город Москва, улица Космонавтов, дом 14, корпус 4",(495) 683-10-38, dou697@yandex.ru,POINT (37.6546549 55.8198646)
546, Государственное бюджетное образовательное учреждение города Москвы детский сад № 309, ГБОУ детский сад № 309,"309", Дошкольное образовательное учреждение, Детский сад общеразвивающего вида с приоритетным осуществлением деятельности по одному из направлений развития детей, Бюджетное, Северное окружное управление образования," 125008, г. Москва, ул. Большая Академическая, д. 47А",(499) 154-43-14, detsad-309@yandex.ru,POINT (37.5339416 55.83584579999999)
547, Муниципальное бюджетное дошкольное образовательное учреждение городского округа Щербинка в городе Москве детский сад № 2 «Солнышко», МБДОУ детский сад № 2 «Солнышко», 2, Дошкольное образовательное учреждение, Детский сад, Бюджетное, Троицкое и новомосковское окружное управление образования," 142171, Москва Город, Щербинка Город, Спортивная Улица, 3А",#Н/Д, sun256@mail.ru,POINT (37.5660433 55.5018596)
548, Государственное бюджетное образовательное учреждение города Москвы детский сад компенсирующего вида № 1935, ГБОУ детский сад № 1935,"1 935", Дошкольное образовательное учреждение, Детский сад компенсирующего вида, Бюджетное, Западное окружное управление образования," 121596, г.Москва, ул. Запорожская, д. 3",(495) 735-34-15, ds1935@mail.ru,POINT (37.4035362 55.7227223)
549, Государственное бюджетное образовательное учреждение города Москвы детский сад с этнокультурным (русским) компонентом образования № 1823, ГБОУ детский сад № 1823,"1 823", Дошкольное образовательное учреждение, Детский сад с этнокультурным (национальным) компонентом образования, Бюджетное, Северное окружное управление образования," ""127540, г. Москва, ул. Дубнинская, дом 16 к.""А""",(499) 481-24-95, novokhairina@yandex.ru,POINT (37.562098 55.86965739999999)
550, Государственное бюджетное образовательное учреждение города Москвы детский сад комбинированного вида № 1812, ГБОУ детский сад № 1812,"1 812", Дошкольное образовательное учреждение, Детский сад комбинированного вида, Бюджетное, Восточное окружное управление образования," 107392, г. Москва, Зельев переулок, д.3 А",(499) 162-00-87, detsad1812@bk.ru,POINT (37.7183651 55.8012739)
551, Государственное бюджетное образовательное учреждение города Москвы центр развития ребенка - детский сад № 2350, ГБОУ ЦРР - детский сад № 2350,"2 350", Дошкольное образовательное учреждение, Центр развития ребенка – детский сад, Бюджетное, Восточное окружное управление образования," 111673,г. Москва, ул. Суздальская, д.10 А",(495) 702-03-00, ds2350@gmail.com,POINT (37.8485514 55.73618519999999)
552, Государственное бюджетное образовательное учреждение города Москвы детский сад №1277, ГБОУ детский сад № 1277,"1 277", Дошкольное образовательное учреждение, Детский сад, Бюджетное, Центральное окружное управление образования," 129090 г. Москва, ул. Мещанская, д. 13",(495) 681-53-46, detsad-1277@mail.ru,POINT (37.6274934 55.77687109999999)
553, Государственное бюджетное образовательное учреждение города Москвы центр развития ребенка - детский сад № 856, ГБОУ ЦРР - детский сад № 856,"856", Дошкольное образовательное учреждение, Центр развития ребенка – детский сад, Бюджетное, Восточное окружное управление образования," 111538, г. Москва, ул. Молдагуловой , д. 13 Б",(495) 375-73-64, ds-856@mail.ru,POINT (37.830078 55.72217029999999)
554, Государственное бюджетное образовательное учреждение города Москвы детский сад № 1107, ГБОУ детский сад № 1107,"1 107", Дошкольное образовательное учреждение, Детский сад, Бюджетное, Восточное окружное управление образования," 105187,г. Москва, улица Щербаковская, д. 58А",(499) 166-83-34, ds_1107@mail.ru,POINT (37.741166 55.78259300000001)
555, Государственное бюджетное образовательное учреждение города Москвы детский сад № 2149, ГБОУ детский сад № 2149,"2 149", Дошкольное образовательное учреждение, Детский сад, Бюджетное, Северо-Восточное окружное управление образования," 127322, город Москва, улица Яблочкова, дом 29, корпус 5",(495) 610-03-28, detsad-2149@rambler.ru,POINT (37.5768902 55.8229433)
556, Государственное бюджетное образовательное учреждение города Москвы детский сад компенсирующего вида № 226, ГБОУ детский сад № 226,"226", Дошкольное образовательное учреждение, Детский сад компенсирующего вида, Бюджетное, Северное окружное управление образования," 125315, г. Москва, улица Самеда Вургуна, дом 9",(499) 151-58-41, dou226@gmail.com,POINT (37.5256617 55.8083828)
557, Государственное бюджетное образовательное учреждение города Москвы детский сад № 1845, ГБОУ детский сад № 1845,"1 845", Дошкольное образовательное учреждение, Детский сад, Бюджетное, Северное окружное управление образования," 125080, г. Москва, улица Левитана, дом 5А",(499) 198-16-12, dou1845-sokolenok@mail.ru,POINT (37.4991328 55.8012416)
558, Государственное бюджетное образовательное учреждение города Москвы детский сад комбинированного вида № 772, ГБОУ детский сад № 772,"772", Дошкольное образовательное учреждение, Детский сад комбинированного вида, Бюджетное, Северное окружное управление образования," 125414, г. Москва, улица Флотская, дом 25 Б",(495) 453-14-51, bazileva2@bk.ru,POINT (37.5113663 55.8611856)
559, Государственное бюджетное образовательное учреждение города Москвы детский сад компенсирующего вида № 523, ГБОУ детский сад № 523,"523", Дошкольное образовательное учреждение, Детский сад компенсирующего вида, Бюджетное, Юго-Западное окружное управление образования," 117485, г. Москва, улица Бутлерова, дом 10А","8(495)336-66-44", gou523@gmail.com,POINT (37.524222 55.6511076)
560, Государственное бюджетное образовательное учреждение города Москвы детский сад комбинированного вида № 1814, ГОУ детский сад № 1814,"1 814", Дошкольное образовательное учреждение, Детский сад комбинированного вида, Бюджетное, Западное окружное управление образования," 119634 г. Москва, ул. Шолохова, д.19, к.1",(495) 731-05-10, snegiri_1814@mail.ru,POINT (37.3403595 55.6421108)
561," Государственное бюджетное образовательное учреждение города Москвы Центр развития ребенка - детский сад № 2484 ""Жемчужинка"""," ГОУ ЦРР - детский сад № 2484 ""Жемчужинка""","2 484", Дошкольное образовательное учреждение, Центр развития ребенка – детский сад, Бюджетное, Юго-Западное окружное управление образования," 117042, г. Москва, улица Адмирала Лазарева, дом 61, корп.1",(499) 743-72-94, dou2484@ou.mosuzedu.ru; ds2484@mosuzedu.ru,POINT (37.508837 55.537705)
562, Государственное бюджетное образовательное учреждение города Москвы детский сад общеразвивающего вида № 1956, ГБОУ детский сад № 1956,"1 956", Дошкольное образовательное учреждение, Детский сад общеразвивающего вида с приоритетным осуществлением деятельности по одному из направлений развития детей, Бюджетное, Северо-Восточное окружное управление образования," 129515 г.Москва, ул. Академика Королева, д.4, к.3",(495) 616-48-29, detsad739@bk.ru; dou1956@yandex.ru; dsovp1956.mskobr.ru,POINT (37.6285412 55.8223004)
574, Государственное бюджетное образовательное учреждение города Москвы центр развития ребенка - детский сад № 1777, ГБОУ ЦРР - детский сад № 1777,"1 777", Дошкольное образовательное учреждение, Центр развития ребенка – детский сад, Бюджетное, Центральное окружное управление образования," 109544 г. Москва, ул. Библиотечная, д.19",(495) 670-17-27, crr1777@mail.ru; sad1777@mail.ru,POINT (37.6742798 55.7448674)
563, Государственное бюджетное образовательное учреждение города Москвы детский сад общеразвивающего вида № 1934, ГБОУ детский сад № 1934,"1 934", Дошкольное образовательное учреждение, Детский сад общеразвивающего вида с приоритетным осуществлением деятельности по одному из направлений развития детей, Бюджетное, Западное окружное управление образования," 121353, г.Москва, ул. Беловежская, д. 87",(495) 446-02-25, dou1934@MAIL.ru,POINT (37.40093 55.7063034)
564, Государственное бюджетное образовательное учреждение города Москвы центр развития ребенка-детский сад № 1617, ГБОУ ЦРР - детский сад № 1617,"1 617", Дошкольное образовательное учреждение, Центр развития ребенка – детский сад, Бюджетное, Восточное окружное управление образования," 111397, г. Москва, ул. Утренняя, д.1",(495) 306-69-37, crr1617@rambler.ru; crr1617@yandex.ru,POINT (37.7884162 55.74756410000001)
565, Государственное бюджетное образовательное учреждение города Москвы детский сад общеразвивающего вида с приоритетным осуществлением деятельности по художественно-эстетическому развитию детей № 2370, ГОУ детский сад № 2370,"2 370", Дошкольное образовательное учреждение, Детский сад общеразвивающего вида с приоритетным осуществлением деятельности по одному из направлений развития детей, Бюджетное, Юго-Восточное окружное управление образования," 109451, Москва, улица Братиславская, дом 18, корпус 4",(495) 345-98-00, ds-2370@yandex.ru,POINT (37.7583789 55.6561411)
566, Государственное бюджетное образовательное учреждение города Москвы детский сад № 571, ГБОУ детский сад № 571,"571", Дошкольное образовательное учреждение, Детский сад, Бюджетное, Северное окружное управление образования," 123007, г. Москва, Хорошевское шоссе, д.82, корп. 10",(499) 195-31-43, dskhor1406@soudo.ru; zmejka55@yandex.ru,POINT (37.521608 55.778835)
567, Государственное бюджетное образовательное учреждение города Москвы детский сад № 447, ГБОУ детский сад № 447,"447", Дошкольное образовательное учреждение, Детский сад, Бюджетное, Северное окружное управление образования," 125171, г. Москва, ул. Зои и Александра Космодемьянских, дом 6",(499) 150-06-44, dou447@mail.ru,POINT (37.5049739 55.8189216)
568, Государственное бюджетное образовательное учреждение города Москвы детский сад № 1774, ГБОУ детский сад № 1774,"1 774", Дошкольное образовательное учреждение, Детский сад, Бюджетное, Юго-Западное окружное управление образования," 117311, г.Москва, улица Кравченко, дом 12","138-56-89", dou1774@ou.mosuzedu.ru,POINT (37.5164195 55.677643)
569, Государственное бюджетное образовательное учреждение города Москвы детский сад компенсирующего вида № 1093, ГБОУ детский сад № 1093,"1 093", Дошкольное образовательное учреждение, Детский сад компенсирующего вида, Бюджетное, Центральное окружное управление образования," 119270 г. Москва, Комсомольский проспект, д.41",(499) 242-05-96, detsad1093@mail.ru,POINT (37.5749026 55.7210687)
570, Государственное бюджетное образовательное учреждение города Москвы детский сад № 1577, ГБОУ детский сад № 1577,"1 577", Дошкольное образовательное учреждение, Детский сад, Бюджетное, Южное окружное управление образования," 115612 г. Москва, ул. Братеевская, 23 корп.3",(495) 342-98-37, dou1577@sinergi.ru,POINT (37.7556136 55.6342749)
571, Государственное бюджетное образовательное учреждение города Москвы детский сад № 379, ГБОУ детский сад № 379,"379", Дошкольное образовательное учреждение, Детский сад, Бюджетное, Юго-Западное окружное управление образования," 117463, г.Москва, ул. Паустовского, д.8, корп.4","8 ( 495) 421-53-77", dou1071@ou.mosuzedu.ru; goyds1071@mail.ru,POINT (37.5349549 55.5991423)
572, Государственное бюджетное образовательное учреждение города Москвы детский сад компенсирующего вида № 1158, ГБОУ детский сад № 1158,"1 158", Дошкольное образовательное учреждение, Детский сад компенсирующего вида, Бюджетное, Южное окружное управление образования," 117587 г. Москва,ул. Кировоградская,д.8 Б",(495) 312-93-36, dou1158@sinergi.ru,POINT (37.6082598 55.6278634)
573, Государственное бюджетное образовательное учреждение города Москвы детский сад № 2566, ГБОУ детский сад № 2566,"2 566", Дошкольное образовательное учреждение, Детский сад, Бюджетное, Восточное окружное управление образования," 105275,город Москва, проспект Буденного, дом 27 А",(495) 366-83-44, sokolinkadetsad2566@rambler.ru,POINT (37.7304388 55.76924529999999)
575, Государственное бюджетное образовательное учреждение города Москвы детский сад № 1460, ГБОУ детский сад № 1460,"1 460", Дошкольное образовательное учреждение, Детский сад, Бюджетное, Юго-Восточное окружное управление образования," 109280, г.Москва, ул.Велозаводская, д.9а","675-60-34", —,POINT (37.6684921 55.7122578)
576, Государственное бюджетное образовательное учреждение города Москвы детский сад комбинированного вида № 827, ГБОУ детский сад № 827,"827", Дошкольное образовательное учреждение, Детский сад комбинированного вида, Бюджетное, Западное окружное управление образования," 121351 г.Москва, ул. Ярцевская, д. 11, корпус 4",(499) 141-04-00, D-S827@yandex.ru,POINT (37.4053418 55.7374504)
577, Государственное бюджетное образовательное учреждение города Москвы детский сад № 2669, ГБОУ детский сад № 2669,"2 669", Дошкольное образовательное учреждение, Детский сад, Бюджетное, Восточное окружное управление образования," 107143, Москва, улица Николая Химушина, дом 13",(499) 780-70-29, DS2669 @yandex.ru,POINT (37.7617052 55.8234627)
578, Государственное бюджетное образовательное учреждение города Москвы детский сад комбинированного вида № 755, ГБОУ детский сад № 755,"755", Дошкольное образовательное учреждение, Детский сад комбинированного вида, Бюджетное, Юго-Восточное окружное управление образования," 109377, г. Москва, ул. Зеленодольская, д. 9 корп. 4",(495) 379-65-26, ds755@uvuo.ru; oregano40@yandex.ru; gou755@yandex.ru,POINT (37.7854 55.71276)
579, Государственное бюджетное образовательное учреждение города Москвы детский сад общеразвивающего вида с приоритетным осуществлением деятельности по художественно-эстетическому развитию детей № 1878, ГОУ детский сад общеразвивающего вида № 1878,"1 878", Дошкольное образовательное учреждение, Детский сад общеразвивающего вида с приоритетным осуществлением деятельности по одному из направлений развития детей, Бюджетное, Южное окружное управление образования," 115407 г.Москва, ул.Затонная, д.2,к.3",(499) 616-04-39, dou1878@sinergi.ru,POINT (37.6810478 55.6803326)
580, Государственное бюджетное образовательное учреждение города Москвы детский сад № 1933, ГБОУ детский сад № 1933,"1 933", Дошкольное образовательное учреждение, Детский сад, Бюджетное, Западное окружное управление образования," 121352, г.Москва, ул. Давыдковская, д. 12,кор.6",(499) 445-18-06, dou1933@mail.ru,POINT (37.4707908 55.7225835)
581, Государственное бюджетное образовательное учреждение города Москвы детский сад № 2649, ГБОУ детский сад № 2649,"2 649", Дошкольное образовательное учреждение, Детский сад, Бюджетное, Южное окружное управление образования," 117519 г. Москва, ул. Красного Маяка, д. 3б",(495) 389-29-27, dou2649@sinergi.ru,POINT (37.5948371 55.6105092)
582, Государственное бюджетное образовательное учреждение города Москвы Детский сад компенсирующего вида № 2107, ГБОУ детский сад № 2107,"2 107", Дошкольное образовательное учреждение, Детский сад компенсирующего вида, Бюджетное, Центральное окружное управление образования," ""119270 г.Москва, улица Комсомольский пр. д.47 ""А""",(499) 242-16-20, detskisad2107@rambler.ru,POINT (37.5738276 55.7188793)
583, Государственное бюджетное образовательное учреждение города Москвы детский сад № 588, ГБОУ детский сад № 588,"588", Дошкольное образовательное учреждение, Детский сад, Бюджетное, Северо-Восточное окружное управление образования," 129344, город Москва, улица Радужная, дом 5",(499) 184-81-19, raduga1431@yandex.ru,POINT (37.6708822 55.8599131)
584, Государственное бюджетное образовательное учреждение города Москвы центр развития ребенка - детский сад № 1090, ГБОУ ЦРР – детский сад № 1090,"1 090", Дошкольное образовательное учреждение, Центр развития ребенка – детский сад, Бюджетное, Троицкое и новомосковское окружное управление образования," 142784, Москва Город, Московский Город, 1-й Микрорайон, 55",#Н/Д, mdoucrr23@mail.ru,POINT (37.367187 55.5915927)
585, Государственное бюджетное образовательное учреждение города Москвы детский сад № 433, ГБОУ детский сад № 433,"433", Дошкольное образовательное учреждение, Детский сад, Бюджетное, Юго-Восточное окружное управление образования," 109518, г. Москва, Грайвороново, квартал 90а, кор. 15",(499) 177-52-77, cad433@bk.ru; zavxoz433@bk.ru,POINT (37.6424039 55.7011844)
586, Государственное бюджетное образовательное учреждение города Москвы детский сад № 129, ГБОУ детский сад № 129,"129", Дошкольное образовательное учреждение, Детский сад, Бюджетное, Южное окружное управление образования," 115230 г. Москва, Каширское ш., д.8, к. 5",(499) 613-82-22, dou129@sinergi.ru,POINT (37.625094 55.667203)
587, Государственное бюджетное образовательное учреждение города Москвы детский сад № 2090, ГБОУ детский сад № 2090,"2 090", Дошкольное образовательное учреждение, Детский сад, Бюджетное, Восточное окружное управление образования," 105275, г.Москва, 8-я ул. Соколиной Горы, 11А",(495) 365-05-55, detskiysad2090@yandex.ru,POINT (37.734447 55.769009)
588, Государственное бюджетное образовательное учреждение города Москвы детский сад комбинированного вида № 1001, ГБОУ детский сад № 1001,"1 001", Дошкольное образовательное учреждение, Детский сад комбинированного вида, Бюджетное, Северо-Восточное окружное управление образования," ""127349, город Москва, улица Лескова, дом 5 ""А""",(499) 207-20-88, detsad1001@yandex.ru,POINT (37.593684 55.899358)
589, Государственное бюджетное образовательное учреждение города Москвы детский сад компенсирующего вида № 829, ГБОУ детский сад № 829,"829", Дошкольное образовательное учреждение, Детский сад компенсирующего вида, Бюджетное, Юго-Восточное окружное управление образования," 109388, г. Москва Гурьянова ул., д. 45",(495) 353-04-60, dou_829@mail.ru,POINT (37.71919159999999 55.6820944)
590, Государственное бюджетное образовательное учреждение города Москвы детский сад № 284, ГБОУ детский сад № 284,"284", Дошкольное образовательное учреждение, Детский сад, Бюджетное, Юго-Восточное окружное управление образования," 109428, г. Москва ул. Зарайская, д. 22",(499) 170-15-10, det-284 @yandex. ru,POINT (37.7667651 55.7306991)
591, Государственное бюджетное образовательное учреждение города Москвы центр развития ребенка-детский сад № 858, ГБОУ ЦРР - детский сад № 858,"858", Дошкольное образовательное учреждение, Центр развития ребенка – детский сад, Бюджетное, Южное окружное управление образования," 115408 г.Москва, Братеевская ул. д.35,к.2",(495) 342-22-53, dou858@sinergi.ru,POINT (37.7668114 55.6374709)
592, Государственное бюджетное образовательное учреждение города Москвы детский сад комбинированного вида № 1877, ГБОУ детский сад № 1877,"1 877", Дошкольное образовательное учреждение, Детский сад комбинированного вида, Бюджетное, Северное окружное управление образования," ""125413, г. Москва, Кронштадтский бульвар, 49 ""Б""",(495) 453-44-23, detsad1877@yandex.ru,POINT (37.5110473 55.8535455)
593, Государственное бюджетное образовательное учреждение города Москвы детский сад комбинированного вида № 1744, ГБОУ детский сад № 1744,"1 744", Дошкольное образовательное учреждение, Детский сад комбинированного вида, Бюджетное, Северо-Восточное окружное управление образования," 129281, город Москва, Староватутинский проезд, дом 9",(499) 185-77-31, detsad1744@mail.ru,POINT (37.67072780000001 55.8733847)
594, Государственное бюджетное образовательное учреждение города Москвы центр развития ребенка - детский сад № 2558, ГБОУ ЦРР - детский сад № 2558,"2 558", Дошкольное образовательное учреждение, Центр развития ребенка – детский сад, Бюджетное, Юго-Западное окружное управление образования," 119261, г.Москва, Ленинский проспект, д. 76 А",(495) 930-28-96, centrdet2558@mail.ru,POINT (37.5360534 55.6835179)
595, Государственное бюджетное образовательное учреждение города Москвы детский сад № 1590, ГБОУ детский сад № 1590,"1 590", Дошкольное образовательное учреждение, Детский сад, Бюджетное, Западное окружное управление образования," 121596, г.Москва,ул. Запорожская, д. 8, корп. 2",(499) 448-55-45, detsad1590@rambler.ru,POINT (37.4024564 55.7239205)
596, Государственное бюджетное образовательное учреждение города Москвы центр развития ребенка - детский сад № 1948, ГБОУ ЦРР - детский сад № 1948,"1 948", Дошкольное образовательное учреждение, Центр развития ребенка – детский сад, Бюджетное, Центральное окружное управление образования," 105062 г. Москва, Подсосенский пер., д.26, стр.6",(495) 917-70-01, sad_1948@mail.ru,POINT (37.652456 55.7556527)
597, Государственное бюджетное образовательное учреждение города Москвы детский сад комбинированного вида № 1120, ГБОУ детский сад № 1120,"1 120", Дошкольное образовательное учреждение, Детский сад комбинированного вида, Бюджетное, Северо-Восточное окружное управление образования," 129327, город Москва, улица Менжинского, дом 21, корпус 2",(495) 471-38-90, ds1120@mail.ru,POINT (37.6681873 55.867684)
598, Государственное бюджетное образовательное учреждение города Москвы детский сад комбинированного вида № 864, ГБОУ детский сад № 864,"864", Дошкольное образовательное учреждение, Детский сад комбинированного вида, Бюджетное, Северо-Восточное окружное управление образования," 127276, город Москва,Малая Ботаническая улица, 18, корпус 1",(495) 618-80-70, shukshina864@mail.ru,POINT (37.585166 55.832681)
599, Государственное бюджетное образовательное учреждение города Москвы детский сад № 2683, ГБОУ детский сад № 2683,"2 683", Дошкольное образовательное учреждение, Детский сад, Бюджетное, Юго-Западное окружное управление образования," 117624, г.Москва, ул. Изюмская, д.49",(499) 793-90-81, dou2683@mosuzedu.ru; detsad2683@yandex.ru,POINT (37.5657735 55.5463991)
600, Государственное бюджетное образовательное учреждение города Москвы детский сад комбинированного вида № 2475, ГБОУ детский сад № 2475,"2 475", Дошкольное образовательное учреждение, Детский сад комбинированного вида, Бюджетное, Западное окружное управление образования," 119607, г.Москва, Мичуринский проспект, д. 17, корп. 4",(495) 734-24-00, dou2475@yandex.ru,POINT (37.5087496 55.6963854)
601, Государственное бюджетное образовательное учреждение города Москвы детский сад № 1187, ГБОУ детский сад № 1187,"1 187", Дошкольное образовательное учреждение, Детский сад, Бюджетное, Юго-Восточное окружное управление образования," 109033, Москва, Золоторожская наб., 36а, стр.1",(495) 362-22-61, goy 1187@yandex.ru,POINT (37.675043 55.754363)
602, Государственное бюджетное образовательное учреждение города Москвы детский сад общеразвивающего вида № 1694, ГБОУ детский сад № 1694,"1 694", Дошкольное образовательное учреждение, Детский сад общеразвивающего вида с приоритетным осуществлением деятельности по одному из направлений развития детей, Бюджетное, Восточное окружное управление образования," 111672, г. Москва, ул. Новокосинская, д.44А",(495) 702-06-35, dou1694@mail.ru,POINT (37.8767495 55.7427354)
603, Государственное бюджетное образовательное учреждение города Москвы детский сад № 2020, ГБОУ детский сад № 2020,"2 020", Дошкольное образовательное учреждение, Детский сад, Бюджетное, Юго-Западное окружное управление образования," 117303, г. Москва, улица Болотниковская, дом 27",(495)310-83-42, detsad2020@yandex.ru; ds2020@mosuzedu.ru,POINT (37.594549 55.65759569999999)
604," Государственное бюджетное образовательное учреждение города Москвы центр развития ребенка - детский сад № 1214 ""Ивушка""", ГБОУ ЦРР – детский сад № 1214 «Ивушка»,"1 214", Дошкольное образовательное учреждение, Центр развития ребенка – детский сад, Бюджетное, Троицкое и новомосковское окружное управление образования," 105318, Москва Город, Семеновская Площадь, 4",#Н/Д, progposznok@mail.ru,POINT (37.7210321 55.7813321)
605, Государственное бюджетное образовательное учреждение города Москвы детский сад комбинированного вида № 1386, ГБОУ детский сад № 1386,"1 386", Дошкольное образовательное учреждение, Детский сад компенсирующего вида, Бюджетное, Северное окружное управление образования," 125080, г. Москва, Светлый проезд, д. 4 а",(499) 158-24-22, dou1386@mail.ru,POINT (37.4932445 55.8135521)
606, Государственное бюджетное образовательное учреждение города Москвы детский сад № 2428, ГБОУ детский сад № 2428,"2 428", Дошкольное образовательное учреждение, Детский сад, Бюджетное, Юго-Западное окружное управление образования," 117042, г.Москва, ул. Бартеневская, дом 27, корпус 1","(495) 717-06- 45 тел., факс", gou2428@mosuzedu.ru,POINT (37.52944900000001 55.548722)
607, Государственное бюджетное образовательное учреждение города Москвы центр развития ребенка - детский сад № 2317, ГБОУ ЦРР - детский сад № 2317,"2 317", Дошкольное образовательное учреждение, Центр развития ребенка – детский сад, Бюджетное, Юго-Восточное окружное управление образования," 109156, г.Москва, Жулебинский б-р, д. 30, корп. 2",(495) 704-52-06, crr-2317@mail.ru,POINT (37.8554951 55.68886879999999)
608, Государственное бюджетное образовательное учреждение города Москвы детский сад № 2657, ГБОУ детский сад № 2657,"2 657", Дошкольное образовательное учреждение, Детский сад, Бюджетное, Северо-Восточное окружное управление образования," 127495, город Москва, Челобитьевское шоссе, дом 6",(499) 761-06-01, dou.2657@yandex.ru; dou2657@yandex.ru,POINT (37.54906039999999 55.9142433)
609, Государственное бюджетное образовательное учреждение города Москвы детский сад присмотра и оздоровления № 1168, ГОУ детский сад № 1168,"1 168", Дошкольное образовательное учреждение, Детский сад присмотра и оздоровления, Бюджетное, Южное окружное управление образования," 115516 г. Москва, ул. Бакинская,22,к.2",(495) 322-59-05, dou1168@sinergi.ru,POINT (37.6560237 55.6218842)
610, Государственное бюджетное образовательное учреждение города Москвы детский сад комбинированного вида № 715, ГБОУ детский сад № 715,"715", Дошкольное образовательное учреждение, Детский сад комбинированного вида, Бюджетное, Северо-Восточное окружное управление образования," 127282, город Москва, улица Широкая, дом 9",(499) 479-72-45, det.sad_715@mail.ru,POINT (37.6614808 55.8880455)
611, Государственное бюджетное образовательное учреждение города Москвы детский сад № 475, ГБОУ детский сад № 475,"475", Дошкольное образовательное учреждение, Детский сад, Бюджетное, Восточное окружное управление образования," 105077 ,г.Москва, ул. Средняя Первомайская, дом 29А",(495) 465-92-41, detsad475@mail.ru,POINT (37.8157586 55.79573970000001)
612, Государственное бюджетное образовательное учреждение города Москвы детский сад комбинированного вида № 1782, ГБОУ детский сад № 1782,"1 782", Дошкольное образовательное учреждение, Детский сад комбинированного вида, Бюджетное, Северо-Восточное окружное управление образования," 127549, г.Москва, Алтуфьевское шоссе, д.60 Г",(499) 901-52-10, dou1782@yandex.ru,POINT (37.5926646 55.88304669999999)
613, Государственное бюджетное образовательное учреждение города Москвы детский сад компенсирующего вида № 985, ГБОУ детский сад № 985,"985", Дошкольное образовательное учреждение, Детский сад компенсирующего вида, Бюджетное, Западное окружное управление образования," 121087, г.Москва, ул.Тучковская, д. 5",(499) 148-54-09, dsfili985@mail.ru,POINT (37.511799 55.7475636)
614, Государственное бюджетное образовательное учреждение города Москвы детский сад комбинированного вида № 527, ГБОУ детский сад № 527,"527", Дошкольное образовательное учреждение, Детский сад комбинированного вида, Бюджетное, Восточное окружное управление образования," 111397,Москва,ул. Утренняя, д.5",(495) 368-51-24, ds-527@mail.ru,POINT (37.7948728 55.7487785)
615, Муниципальное бюджетное дошкольное образовательное учреждение детский сад комбинированного вида №29 «Светлячок»," ГБОУ детский сад № 1215 ""Светлячок""", 29, Дошкольное образовательное учреждение, Детский сад комбинированного вида, Бюджетное, Троицкое и новомосковское окружное управление образования," 105318, Москва Город, Семеновская Площадь, 4",#Н/Д, svatutinki@yandex.ru,POINT (37.7210321 55.7813321)
616, Государственное бюджетное образовательное учреждение города Москвы детский сад комбинированного вида № 1446, ГБОУ детский сад № 1446,"1 446", Дошкольное образовательное учреждение, Детский сад комбинированного вида, Бюджетное, Северо-Восточное окружное управление образования," 127322, г. Москва, ул. Яблочкова, дом 41, корпус 4",(495) 610-29-71, det.1446-127322@yandex.ru; dou1446@mail.ru,POINT (37.578543 55.8282478)
617, Государственное бюджетное образовательное учреждение города Москвы детский сад № 1553, ГБОУ детский сад № 1553,"1 553", Дошкольное образовательное учреждение, Детский сад, Бюджетное, Северное окружное управление образования," 127434, г. Москва, Красностуденческий проезд, дом 2 а",(499) 977-80-92, ds1553@yandex.ru; zavds1553@yandex.ru,POINT (37.5677049 55.8269393)
618, Государственное бюджетное образовательное учреждение города Москвы детский сад № 2580, ГБОУ детский сад № 2580,"2 580", Дошкольное образовательное учреждение, Детский сад, Бюджетное, Центральное окружное управление образования," 109029 Москва, ул.Нижегородская, д.19",(495) 678-31-21, det_sad2580@mail.ru,POINT (37.6916046 55.7380967)
619, Государственное бюджетное образовательное учреждение города Москвы детский сад комбинированного вида № 1623, ГБОУ детский сад № 1623,"1 623", Дошкольное образовательное учреждение, Детский сад комбинированного вида, Бюджетное, Западное окружное управление образования," 119607, г. Москва, ул. Раменки, д. 13, корп. 3",(495) 932-28-21, detsad1623@mail.ru,POINT (37.496104 55.689742)
620, Государственное бюджетное образовательное учреждение города Москвы детский сад № 747, ГБОУ детский сад № 747,"747", Дошкольное образовательное учреждение, Детский сад, Бюджетное, Юго-Западное окружное управление образования," 117485, г.Москва, ул.Профсоюзная, 88А",#Н/Д, detsksad@rambler.ru,POINT (37.5276015 55.6501154)
621," Государственное бюджетное образовательное учреждение города Москвы детский сад общеразвивающего вида № 1208 ""Ручеек"""," ГБОУ детский сад № 1208 ""Ручеек""","1 208", Дошкольное образовательное учреждение, Детский сад общеразвивающего вида с приоритетным осуществлением деятельности по одному из направлений развития детей, Бюджетное, Троицкое и новомосковское окружное управление образования," 105318, Москва Город, Семеновская Площадь, 4",#Н/Д, detsad-rucheek@mail.ru,POINT (37.7210321 55.7813321)
622, Государственное бюджетное образовательное учреждение города Москвы детский сад № 2404, ГБОУ детский сад № 2404,"2 404", Дошкольное образовательное учреждение, Детский сад, Бюджетное, Восточное окружное управление образования," 111397,г.Москва, Утренняя ул., дом 16А",(495) 368-55-74, ds2404@mail.ru,POINT (37.795812 55.747763)
623, Государственное бюджетное образовательное учреждение города Москвы детский сад № 2496, ГБОУ детский сад № 2496,"2 496", Дошкольное образовательное учреждение, Детский сад, Бюджетное, Юго-Восточное окружное управление образования," 109451, Москва, ул. Перерва, д.61",(495) 654-36-34, DETSAD2496@ rambler.ru,POINT (37.764964 55.66682780000001)
624, Государственное бюджетное образовательное учреждение города Москвы детский сад комбинированного вида № 2470, ГБОУ детский сад № 2470,"2 470", Дошкольное образовательное учреждение, Детский сад комбинированного вида, Бюджетное, Южное окружное управление образования," 115211 г. Москва ул. Борисовские пруды, д.19 корп.3",(495) 341-78-08, dou2470@sinergi.ru,POINT (37.7219063 55.63697819999999)
625, Государственное бюджетное образовательное учреждение города Москвы детский сад компенсирующего вида № 174, ГБОУ детский сад № 174,"174", Дошкольное образовательное учреждение, Детский сад компенсирующего вида, Бюджетное, Северное окружное управление образования," 125581, г. Москва, ул Ляпидевского, дом 10 А",(495) 455-61-02, gou174@mail.ru; gbou174@yandex.ru,POINT (37.4996803 55.8576382)
626, Государственное бюджетное образовательное учреждение города Москвы детский сад № 2549, ГБОУ детский сад № 2549,"2 549", Дошкольное образовательное учреждение, Детский сад, Бюджетное, Восточное окружное управление образования," 111625, г. Москва, ул. Дмитриевского, д.19",(499) 797-00-02, olga-ds2549@mail.ru,POINT (37.89491 55.7102786)
627, Государственное бюджетное образовательное учреждение города Москвы детский сад общеразвивающего вида № 1050, ГБОУ детский сад № 1050,"1 050", Дошкольное образовательное учреждение, Детский сад общеразвивающего вида с приоритетным осуществлением деятельности по одному из направлений развития детей, Бюджетное, Юго-Западное окружное управление образования," 117133, г.Москва, ул. Академика Варги, д. 28Б","495-339-39-66", detsad1050@mail.ru,POINT (37.472605 55.63314579999999)
628, Государственное бюджетное образовательное учреждение города Москвы детский сад № 2184, ГБОУ детский сад № 2184,"2 184", Дошкольное образовательное учреждение, Детский сад, Бюджетное, Западное окружное управление образования," 121500 г. Москва, ул. 2-я Новорублевская, д. 10",(499) 727-21-85, dou2184@rambler.ru,POINT (37.3625811 55.7861835)
629, Государственное бюджетное образовательное учреждение города Москвы детский сад общеразвивающего вида № 2417, ГБОУ детский сад № 2417,"2 417", Дошкольное образовательное учреждение, Детский сад общеразвивающего вида с приоритетным осуществлением деятельности по одному из направлений развития детей, Бюджетное, Юго-Восточное окружное управление образования," 109341, Москва, ул. Верхние Поля, дом 20",(495) 349-95-50, ds2417@mail.ru,POINT (37.7476296 55.6634821)
630, Государственное бюджетное образовательное учреждение города Москвы детский сад компенсирующего вида № 1621, ГБОУ детский сад № 1621,"1 621", Дошкольное образовательное учреждение, Детский сад компенсирующего вида, Бюджетное, Южное окружное управление образования," 115569 г. Москва, ул. Маршала Захарова, д. 15",(495) 393-93-56, dou1621@sinergi.ru,POINT (37.7010645 55.6218227)
631, Государственное бюджетное образовательное учреждение города Москвы детский сад комбинированного вида № 2472, ГБОУ детский сад № 2472,"2 472", Дошкольное образовательное учреждение, Детский сад комбинированного вида, Бюджетное, Южное окружное управление образования," 115598 г. Москва, Лебедянская ул., д.26, к.2",(495) 329-97-22, dou2472@sinergi.ru,POINT (37.6890484 55.58400529999999)
632, Государственное бюджетное образовательное учреждение города Москвы детский сад компенсирующего вида № 2325, ГБОУ детский сад № 2325,"2 325", Дошкольное образовательное учреждение, Детский сад компенсирующего вида, Бюджетное, Юго-Восточное окружное управление образования," 109652, г. Москва Марьинский б-р, д. 5",(495) 345-56-00, ds2325@mail.ru,POINT (37.7502731 55.6492692)
633, Государственное бюджетное образовательное учреждение города Москвы детский сад общеразвивающего вида № 1423, ГБОУ детский сад № 1423,"1 423", Дошкольное образовательное учреждение, Детский сад общеразвивающего вида с приоритетным осуществлением деятельности по одному из направлений развития детей, Бюджетное, Южное окружное управление образования," 115372 г. Москва, Липецкая ул., д.38",(495) 329-86-79, dou1423@sinergi.ru,POINT (37.6760558 55.58501949999999)
634, Государственное бюджетное образовательное учреждение города Москвы детский сад комбинированного вида № 1100, ГБОУ детский сад комбинированного вида № 1100,"1 100", Дошкольное образовательное учреждение, Детский сад комбинированного вида, Бюджетное, Юго-Восточное окружное управление образования," 109380, город Москва, ул. Головачева, д.5, корп.3",(495) 377-44-16, Detsad1100@yandex.ru,POINT (37.807758 55.675206)
635, Государственное бюджетное образовательное учреждение города Москвы детский сад общеразвивающего вида с приоритетным осуществлением деятельности по познавательно-речевому развитию детей № 1691, ГБОУ детский сад № 1691,"1 691", Дошкольное образовательное учреждение, Детский сад общеразвивающего вида с приоритетным осуществлением деятельности по одному из направлений развития детей, Бюджетное, Восточное окружное управление образования," ""111672,г.Москва,ул.Салтыковская,дом 29""Б""",(495) 701-29-01, det1691@yandex.ru,POINT (37.8714028 55.7406541)
636, Государственное бюджетное образовательное учреждение города Москвы детский сад № 805, ГБОУ детский сад № 805,"805", Дошкольное образовательное учреждение, Детский сад, Бюджетное, Западное окружное управление образования," 119285 г.Москва, 2-й Мосфильмовский переулок, д. 22-А",(499) 143-84-07, downwikak-72@mail.ru,POINT (37.5219125 55.7276496)
637, Государственное бюджетное образовательное учреждение города Москвы детский сад № 307, ГБОУ детский сад № 307,"307", Дошкольное образовательное учреждение, Детский сад, Бюджетное, Южное окружное управление образования," 115114 г. Москва, Дербеневская наб., д13/17, к.4",(499) 235-74-62, dou307@sinergi.ru,POINT (37.648491 55.719355)
638, Государственное бюджетное образовательное учреждение города Москвы детский сад компенсирующего вида № 264, ГБОУ детский сад № 264,"264", Дошкольное образовательное учреждение, Детский сад компенсирующего вида, Бюджетное, Юго-Восточное окружное управление образования," 109383, г. Москва, ул. Шоссейная, д.55 стр. 1",(495) 354-37-77, ort-detsad264@yandex.ru,POINT (37.721731 55.6712803)
639, Государственное бюджетное образовательное учреждение города Москвы детский сад № 642, ГБОУ детский сад № 642,"642", Дошкольное образовательное учреждение, Детский сад комбинированного вида, Бюджетное, Северное окружное управление образования," 127474, г. Москва, улица Дубнинская, дом 51",(499) 488-00-85, antonina642@mail.ru,POINT (37.5573871 55.8712489)
640, Государственное бюджетное образовательное учреждение города Москвы детский сад № 843, ГБОУ детский сад № 843,"843", Дошкольное образовательное учреждение, Детский сад, Бюджетное, Восточное окружное управление образования," 111123,город Москва, улица Новогиреевская, дом 6",(495) 672-09-61, detsad843@mail.ru,POINT (37.7906634 55.7632699)
641, Государственное бюджетное образовательное учреждение города Москвы центр развития ребенка - детский сад № 1515, ГБОУ ЦРР - детский сад № 1515,"1 515", Дошкольное образовательное учреждение, Центр развития ребенка – детский сад, Бюджетное, Западное окружное управление образования," 121614, г.Москва, Осенний бульвар, д. 16, корп. 4",(495) 413-97-56, gou1515@rambler.ru,POINT (37.4138563 55.7604112)
642, Государственное бюджетное образовательное учреждение города Москвы детский сад № 2154, ГБОУ детский сад № 2154,"2 154", Дошкольное образовательное учреждение, Детский сад, Бюджетное, Северо-Восточное окружное управление образования," 127276, город Москва, Малая Ботаническая улица, дом 14 А, корпус 1",(495) 618-92-19, ds2154@bk.ru; dou.2154@yandex.ru,POINT (37.58697799999999 55.832777)
643, Государственное бюджетное образовательное учреждение города Москвы детский сад № 188, ГБОУ детский сад № 188,"188", Дошкольное образовательное учреждение, Детский сад, Бюджетное, Северо-Восточное окружное управление образования," 129323 г.Москва, Снежная улица, дом 9, строение 1",(499) 180-04-42, dsn471@mail.ru,POINT (37.6412141 55.8505294)
644, Государственное бюджетное образовательное учреждение города Москвы детский сад №1902, ГБОУ детский сад № 1902,"1 902", Дошкольное образовательное учреждение, Детский сад, Бюджетное, Восточное окружное управление образования," 111555, г. Москва, ул. Молостовых, д. 4Б",(495) 307-51-80, sad1902@yandex.ru; zav1902@yandex.ru,POINT (37.8304783 55.7640962)
645, Государственное бюджетное образовательное учреждение города Москвы детский сад № 2562, ГБОУ детский сад № 2562,"2 562", Дошкольное образовательное учреждение, Детский сад, Бюджетное, Западное окружное управление образования," 119634, г.Москва, улица Лукинская, дом15, корпус 1",(495) 731-28-90, 256209@mail.ru,POINT (37.3346042 55.6410307)
646, Государственное бюджетное образовательное учреждение города Москвы детский сад общеразвивающего вида № 300, ГБОУ детский сад № 300,"300", Дошкольное образовательное учреждение, Детский сад общеразвивающего вида с приоритетным осуществлением деятельности по одному из направлений развития детей, Бюджетное, Юго-Западное окружное управление образования," 117449, г.Москва, ул. Шверника, дом 17",(499) 126-47-70, dou300@ou.mosuzedu.ru; dou300@rambler.ru,POINT (37.593422 55.693065)
647, Государственное бюджетное образовательное учреждение города Москвы детский сад комбинированного вида № 334, ГБОУ детский сад № 334,"334", Дошкольное образовательное учреждение, Детский сад комбинированного вида, Бюджетное, Центральное окружное управление образования," 123056 г.Москва, ул.Б.Грузинская, д.60, стр.2",(499) 254-96-97, COUOdetsad334@yandex.ru,POINT (37.5850406 55.772138)
648, Государственное бюджетное образовательное учреждение города Москвы детский сад № 1267, ГБОУ детский сад № 1267,"1 267", Дошкольное образовательное учреждение, Детский сад, Бюджетное, Южное окружное управление образования," 115573 г.Москва, Ореховый пр-д, д.37, к.2",(495) 394-96-88, dou1267@sinergi.ru,POINT (37.731509 55.617759)
649, Государственное бюджетное образовательное учреждение города Москвы детский сад № 2068, ГБОУ детский сад № 2068,"2 068", Дошкольное образовательное учреждение, Детский сад, Бюджетное, Южное окружное управление образования," 115409 г.Москва, Каширское ш., д.46, к.4",(499) 323-02-42, dou2068@sinergi.ru,POINT (37.664071 55.64655140000001)
650, Государственное бюджетное образовательное учреждение города Москвы детский сад общеразвивающего вида № 1244, ГБОУ детский сад № 1244,"1 244", Дошкольное образовательное учреждение, Детский сад общеразвивающего вида с приоритетным осуществлением деятельности по одному из направлений развития детей, Бюджетное, Южное окружное управление образования," 115407 г. Москва, Кленовый б-р,д.13,к.4",(499) 618-91-35, dou1244@sinergi.ru,POINT (37.6805847 55.679378)
651, Государственное бюджетное образовательное учреждение города Москвы детский сад комбинированного вида № 1424, ГБОУ детский сад № 1424,"1 424", Дошкольное образовательное учреждение, Детский сад комбинированного вида, Бюджетное, Юго-Западное окружное управление образования," 117574, г.Москва, проезд Одоевского, дом 9, корп. 1","423-28-44", dou1424@mail.ru,POINT (37.5119272 55.59976959999999)
652, Государственное бюджетное образовательное учреждение города Москвы детский сад комбинированного вида № 185, ГБОУ детский сад № 185,"185", Дошкольное образовательное учреждение, Детский сад комбинированного вида, Бюджетное, Северное окружное управление образования," 125412, г. Москва, Коровинское шоссе, дом 21-А",(499) 905-73-09, gou185@gmail.com,POINT (37.5244591 55.8760523)
653, Государственное бюджетное образовательное учреждение города Москвы детский сад комбинированного вида № 1105, ГБОУ детский сад № 1105,"1 105", Дошкольное образовательное учреждение, Детский сад комбинированного вида, Бюджетное, Северо-Восточное окружное управление образования," 127566, город Москва, улица Бестужевых, дом 21 а",(499) 204-04-44, detskiy_sad1105@mail.ru,POINT (37.6067994 55.8718438)
654," Государственное бюджетное образовательное учреждение города Москвы детский сад комбинированного вида № 1112 ""Вишенка""", ГБОУ детский сад № 1112 «Вишенка»,"1 112", Дошкольное образовательное учреждение, Детский сад комбинированного вида, Бюджетное, Троицкое и новомосковское окружное управление образования," 142793, Москва Город, Десеновское Поселение, Яковлево Деревня",#Н/Д, —,POINT (37.3850121 55.47962399999999)
655, Государственное бюджетное образовательное учреждение города Москвы детский сад № 518, ГБОУ детский сад №518,"518", Дошкольное образовательное учреждение, Детский сад, Бюджетное, Юго-Западное окружное управление образования," ""117447, город Москва, ул. Большая Черемушкинская, дом 13 ""а""","129-63-54", dou518@ou.mosuzedu.ru,POINT (37.5955534 55.6871285)
656, Государственное бюджетное образовательное учреждение города Москвы детский сад комбинированного вида № 507, ГБОУ детский сад № 507,"507", Дошкольное образовательное учреждение, Детский сад комбинированного вида, Бюджетное, Северо-Восточное окружное управление образования," 129329, город Москва, улица Ивовая, дом 7, корпус 1",(499) 180-32-93, ds507@mail.ru; dou-507@yandex.ru,POINT (37.6442846 55.86082709999999)
657, Государственное бюджетное образовательное учреждение города Москвы детский сад комбинированного вида № 943, ГБОУ детский сад № 943,"943", Дошкольное образовательное учреждение, Детский сад комбинированного вида, Бюджетное, Западное окружное управление образования," 121374 г.Москва, Можайское шоссе, д. 4, корпус 2",(495) 444-84-52, ds943@mail.ru,POINT (37.440424 55.723657)
658, Государственное образовательное учреждение Детский сад №1624, ГОУ детский сад №1624,"1 624", Дошкольное образовательное учреждение, Детский сад, Бюджетное, Северо-Западное окружное управление образования," 123154 Маршала Тухачевского улица, 45 к.2",(499) 199-25-20,  dou1624@szouo.ru,POINT (37.4661067 55.7848371)
659, Государственное бюджетное образовательное учреждение города Москвы центр развития ребенка - детский сад № 2508, ГБОУ ЦРР - детский сад № 2508,"2 508", Дошкольное образовательное учреждение, Центр развития ребенка – детский сад, Бюджетное, Северное окружное управление образования," 125252, г. Москва, Ходынский бульвар, д. 11, строение 2",(499) 740-51-02, crr-ds2508@yandex.ru,POINT (37.5255316 55.7852)
660, Государственное бюджетное образовательное учреждение города Москвы детский сад компенсирующего вида № 2249, ГБОУ детский сад № 2249,"2 249", Дошкольное образовательное учреждение, Детский сад компенсирующего вида, Бюджетное, Северо-Восточное окружное управление образования," 127081, город Москва, улица Ясный проезд, дом 3",(499) 477-41-18, detsad2249@mail.ru и dou2249@yandex.ru,POINT (37.6294929 55.87173)
661, Государственное бюджетное образовательное учреждение города Москвы детский сад комбинированного вида № 991, ГБОУ детский сад № 991,"991", Дошкольное образовательное учреждение, Детский сад комбинированного вида, Бюджетное, Восточное окружное управление образования," 105568, Москва, Б.Купавенский пр. д.4 А.",(499) 308-15-00, detsad991@mail.ru,POINT (37.8215413 55.7740598)
662, Государственное бюджетное образовательное учреждение города Москвы детский сад компенсирующего вида № 1652, ГБОУ детский сад №1652,"1 652", Дошкольное образовательное учреждение, Детский сад компенсирующего вида, Бюджетное, Восточное окружное управление образования," 107207,г.Москва,ул.Уральская,д.6",(495) 466-59-22, marina.detsad1652@yandex.ru,POINT (37.8008212 55.8126391)
663, Государственное бюджетное образовательное учреждение города Москвы детский сад № 1004, ГБОУ детский сад №1004,"1 004", Дошкольное образовательное учреждение, Детский сад, Бюджетное, Юго-Западное окружное управление образования," ""117133, г. Москва, ул. Академика Варги, дом 2 ""б""","8(495)339-57-67", ds1004@mail.ru,POINT (37.47557450000001 55.6317813)
664, Государственное бюджетное образовательное учреждение города Москвы центр развития ребенка - детский сад № 1958, ГБОУ ЦРР-детский сад № 1958,"1 958", Дошкольное образовательное учреждение, Центр развития ребенка – детский сад, Бюджетное, Северо-Восточное окружное управление образования," 129346 город Москва, Анадырский проезд, дом 49 ,корпус 2",(495) 184-87-11, LOSINKA1958@rambler.ru; dou1958@mail.ru,POINT (37.6991935 55.8760809)
665, Государственное бюджетное образовательное учреждение города Москвы детский сад № 125, ГБОУ детский сад № 125,"125", Дошкольное образовательное учреждение, Детский сад, Бюджетное, Юго-Восточное окружное управление образования," 111024, Москва, ул. Авиамоторная, д. 32",(495) 673-37-53, 125ds@mail.ru,POINT (37.7202872 55.74442260000001)
666, Государственное бюджетное образовательное учреждение города Москвы детский сад № 1928, ГБОУ детский сад № 1928,"1 928", Дошкольное образовательное учреждение, Детский сад, Бюджетное, Северо-Восточное окружное управление образования," 127221, город Москва, улица Молодцова, дом 5, строение 1",(499) 477-32-27, detsad1928@mail.ru,POINT (37.6410029 55.8759686)
667, Государственное бюджетное образовательное учреждение города Москвы детский сад общеразвивающего вида № 2228, ГБОУ детский сад № 2228,"2 228", Дошкольное образовательное учреждение, Детский сад общеразвивающего вида с приоритетным осуществлением деятельности по одному из направлений развития детей, Бюджетное, Западное окружное управление образования," 119027, г.Москва, ул. Изваринская, д. 7",(495) 436-24-25, dou2228@mail.ru,POINT (37.2511128 55.6134615)
668, Государственное бюджетное образовательное учреждение города Москвы детский сад общеразвивающего вида с приоритетным осуществлением деятельности по художественно-эстетическому развитию детей № 511, ГБОУ детский сад № 511,"511", Дошкольное образовательное учреждение, Детский сад общеразвивающего вида с приоритетным осуществлением деятельности по одному из направлений развития детей, Бюджетное, Зеленоградское окружное управление образования," 124482, г. Москва, Зеленоград, корп. 355-А",(499) 735-24-36, d511@zou.ru,POINT (37.18289680000001 55.9779735)
669, Государственное бюджетное образовательное учреждение города Москвы детский сад комбинированного вида № 2635, ГБОУ детский сад № 2635,"2 635", Дошкольное образовательное учреждение, Детский сад комбинированного вида, Бюджетное, Юго-Западное окружное управление образования," 117036, г.Москва, Проспект 60-летия Октября, дом 16, корпус 5","124-43-18", ds2635@rambler.ru,POINT (37.571664 55.690985)
671, Государственное бюджетное образовательное учреждение города Москвы детский сад компенсирующего вида № 2269, ГБОУ детский сад № 2269,"2 269", Дошкольное образовательное учреждение, Детский сад компенсирующего вида, Бюджетное, Северо-Восточное окружное управление образования," 129336, город Москва, Стартовая улица, дом 25, строение 1",(499) 760-49-68, Sad2269@list.ru,POINT (37.692847 55.885142)
672, Государственное бюджетное образовательное учреждение города Москвы детский сад № 2670, ГБОУ детский сад № 2670,"2 670", Дошкольное образовательное учреждение, Детский сад, Бюджетное, Восточное окружное управление образования," 107061, г. Москва, ул. 2-я Пугачевская, дом 12, строение 1",(499) 780-26-90, gou2670@yandex.ru,POINT (37.7280134 55.79233079999999)
673, Государственное бюджетное образовательное учреждение города Москвы детский сад № 2053, ГБОУ детский сад № 2053,"2 053", Дошкольное образовательное учреждение, Детский сад, Бюджетное, Восточное окружное управление образования," 111673, г. Москва, улица Новокосинская, дом 25",(495) 701-23-08, goudetsad2053@mail.ru,POINT (37.8610038 55.7420702)
674, Государственное бюджетное образовательное учреждение города Москвы детский сад общеразвивающего вида № 1637, ГБОУ детский сад № 1637,"1 637", Дошкольное образовательное учреждение, Детский сад общеразвивающего вида с приоритетным осуществлением деятельности по одному из направлений развития детей, Бюджетное, Южное окружное управление образования," 115563 г. Москва,Борисовский пр-д, 5,к.1",(495) 393-42-22, dou1637@sinergi.ru,POINT (37.715981 55.625643)
675, Государственное бюджетное образовательное учреждение города Москвы детский сад № 229, ГБОУ детский сад № 229,"229", Дошкольное образовательное учреждение, Детский сад, Бюджетное, Южное окружное управление образования," 115280 г. Москва, ул.Автозаводская, д.4 А",(495) 675-64-26, dou229@sinergi.ru,POINT (37.6346379 55.7043921)
676, Государственное бюджетное образовательное учреждение города Москвы детский сад № 1729, ГБОУ детский сад № 1729,"1 729", Дошкольное образовательное учреждение, Детский сад компенсирующего вида, Бюджетное, Центральное окружное управление образования," 107066 г. Москва, ул. Старая Басманная, д.24, стр.7","265-15-40", —,POINT (37.667735 55.766772)
677, Государственное бюджетное образовательное учреждение города Москвы детский сад № 1920, ГБОУ детский сад № 1920,"1 920", Дошкольное образовательное учреждение, Детский сад, Бюджетное, Северное окружное управление образования," 127015, г. Москва,улица Бутырская, дом 3",(495) 685-09-00, 1920ds@bk.ru,POINT (37.5833608 55.79328779999999)
678, Государственное бюджетное образовательное учреждение города Москвы детский сад комбинированного вида № 346, ГБОУ детский сад № 346,"346", Дошкольное образовательное учреждение, Детский сад, Бюджетное, Юго-Восточное окружное управление образования," 109462, г. Москва, улица Маршала Чуйкова, дом 11, корпус 4",(499) 746-51-90, gou346@yandex.ru,POINT (37.762463 55.6953307)
679, Государственное бюджетное образовательное учреждение города Москвы детский сад № 400, ГБОУ детский сад № 400,"400", Дошкольное образовательное учреждение, Детский сад общеразвивающего вида с приоритетным осуществлением деятельности по одному из направлений развития детей, Бюджетное, Северное окружное управление образования," 127474, г. Москва, ул. Дубнинская, д. 9",(499) 488-34-44, detsad400@mail.ru,POINT (37.566162 55.8586918)
680, Государственное бюджетное образовательное учреждение города Москвы детский сад комбинированного вида № 1247, ГБОУ детский сад № 1247,"1 247", Дошкольное образовательное учреждение, Детский сад комбинированного вида, Бюджетное, Северо-Восточное окружное управление образования," 129128, г.Москва, ул. Малахитовая, дом 4",(499) 187-08-57, ds1247@mail.ru,POINT (37.6582652 55.8306632)
681, Государственное бюджетное образовательное учреждение города Москвы детский сад комбинированного вида № 2575, ГБОУ детский сад № 2575,"2 575", Дошкольное образовательное учреждение, Детский сад комбинированного вида, Бюджетное, Северо-Восточное окружное управление образования," 127221, город Москва, улица Молодцова, дом 4, корпус 1",(499) 473-22-04, dou-2575@yandex.ru,POINT (37.642412 55.8802014)
682, Государственное бюджетное образовательное учреждение города Москвы детский сад № 2554, ГБОУ детский сад № 2554,"2 554", Дошкольное образовательное учреждение, Детский сад, Бюджетное, Восточное окружное управление образования," 111555, г. Москва, Свободный проспект, дом 7А",(495) 300-61-61, gal2554@yandex.ru,POINT (37.8270319 55.7649643)
683, Государственное бюджетное образовательное учреждение города Москвы детский сад комбинированного вида № 2360, ГБОУ детский сад № 2360,"2 360", Дошкольное образовательное учреждение, Детский сад комбинированного вида, Бюджетное, Юго-Восточное окружное управление образования," 109341, г. Москва, Мячковский бульвар, дом 5, корп.2",(495) 345-58-01, detsad2360@mail.ru,POINT (37.754584 55.658064)
684, Государственное бюджетное образовательное учреждение города Москвы центр развития ребенка - детский сад № 1667, ГБОУ ЦРР - детский сад № 1667,"1 667", Дошкольное образовательное учреждение, Центр развития ребенка – детский сад, Бюджетное, Южное окружное управление образования," 115682 г. Москва, Ореховый бульвар, дом 67 корпус 2",(495) 344-16-62, dou1667@sinergi.ru,POINT (37.7597306 55.6193634)
685, Государственное бюджетное образовательное учреждение города Москвы детский сад № 655, ГБОУ детский сад № 655,"655", Дошкольное образовательное учреждение, Детский сад, Бюджетное, Северо-Восточное окружное управление образования," 127349, город Москва, Алтуфьевское шоссе, дом 98, корпус 2",(499) 908-06-96, DS-1516@yandex.ru; dou.1516@yandex.ru,POINT (37.5891949 55.903565)
686, Государственное бюджетное образовательное учреждение города Москвы детский сад № 2359, ГБОУ детский сад № 2359,"2 359", Дошкольное образовательное учреждение, Детский сад, Бюджетное, Юго-Западное окружное управление образования," 117628, г. Москва, улица Старокачаловская, дом 12","713-70-45", cad2359@yandex.ru,POINT (37.5901181 55.5699516)
687, Государственное бюджетное образовательное учреждение города Москвы детский сад № 2655, ГБОУ детский сад № 2655,"2 655", Дошкольное образовательное учреждение, Детский сад, Бюджетное, Северное окружное управление образования," 127220, г. Москва, ул. Полтавская, дом 8",(495) 613-89-72, 2655ds@mail.ru,POINT (37.5742992 55.7963585)
688, Государственное бюджетное образовательное учреждение города Москвы детский сад комбинированного вида № 2299, ГБОУ детский сад № 2299,"2 299", Дошкольное образовательное учреждение, Детский сад комбинированного вида, Бюджетное, Центральное окружное управление образования," 105064, г. Москва, Хомутовский тупик, д. 6, стр. 5",(495) 608-31-10,  sad2299@yandex.ru,POINT (37.6555812 55.76553029999999)
689, Государственное бюджетное образовательное учреждение города Москвы детский сад общеразвивающего вида № 880, ГБОУ детский сад № 880,"880", Дошкольное образовательное учреждение, Детский сад общеразвивающего вида с приоритетным осуществлением деятельности по одному из направлений развития детей, Бюджетное, Восточное окружное управление образования," 111538 г. Москва, ул Косинская, д. 4 а",(495) 375-08-01, detsad880@rambler.ru; L.Konyashkina@yandex.ru,POINT (37.8319486 55.72700949999999)
690, Государственное бюджетное образовательное учреждение города Москвы детский сад № 1113, ГБОУ детский сад № 1113,"1 113", Дошкольное образовательное учреждение, Детский сад, Бюджетное, Северо-Восточное окружное управление образования," 127549, город Москва, улица Пришвина, дом 13А",(499) 206-04-47, dousv1113@yandex.ru,POINT (37.6012419 55.8894694)
691, Государственное бюджетное образовательное учреждение города Москвы детский сад № 1514, ГБОУ детский сад № 1514,"1 514", Дошкольное образовательное учреждение, Детский сад, Бюджетное, Северное окружное управление образования," 125130, г. Москва, ул.3-й Новоподмосковный пер., д.8А",(499) 150-00-64, detsadik-1514@yandex.ru,POINT (37.5132903 55.8197706)
692, Государственное бюджетное образовательное учреждение города Москвы детский сад № 2069, ГБОУ детский сад № 2069,"2 069", Дошкольное образовательное учреждение, Детский сад, Бюджетное, Западное окружное управление образования," 121351 г. Москва, ул. Екатерины Будановой, д. 6, корп. 2",(495) 417-37-06, dou2069@mail.ru,POINT (37.4268393 55.7307711)
693, Государственное бюджетное образовательное учреждение города Москвы детский сад компенсирующего вида № 1078, ГБОУ детский сад № 1078,"1 078", Дошкольное образовательное учреждение, Детский сад компенсирующего вида, Бюджетное, Восточное окружное управление образования," 105523, г.Москва, 16-я Парковая ул., дом 47","468-82-19", detsad1078@BK.ru,POINT (37.8275622 55.80842819999999)
694, Муниципальное бюджетное дошкольное образовательное учреждение городского округа Щербинка в городе Москве детский сад комбинированного вида № 8 «Аист», МБДОУ детский сад комбинированного вида № 8 «Аист», 8, Дошкольное образовательное учреждение, Детский сад комбинированного вида, Бюджетное, Троицкое и новомосковское окружное управление образования," 142171, Москва Город, Щербинка Город, Остафьевская Улица, 2",#Н/Д, mdoyAIST@mail.ru,POINT (37.5285577 55.51283129999999)
695, Государственное бюджетное образовательное учреждение города Москвы детский сад № 1779, ГБОУ детский сад № 1779,"1 779", Дошкольное образовательное учреждение, Детский сад, Бюджетное, Юго-Восточное окружное управление образования," 109386, Москва, Краснодонская улица дом 1 корпус 2",(495) 350-51-29, detsad.1779@yandex.ru,POINT (37.7551684 55.6860823)
696, Государственное бюджетное образовательное учреждение города Москвы детский сад № 2638, ГБОУ детский сад № 2638,"2 638", Дошкольное образовательное учреждение, Детский сад, Бюджетное, Юго-Западное окружное управление образования," 117624, г.Москва, ул. Изюмская, д. 35, корп. 1",(499)793-93-18, gou2638@mosuzedu.ru,POINT (37.570092 55.55228)
697, Государственное бюджетное образовательное учреждение города Москвы детский сад компенсирующего вида № 671, ГБОУ детский сад № 671,"671", Дошкольное образовательное учреждение, Детский сад компенсирующего вида, Бюджетное, Юго-Восточное окружное управление образования," 109548, г. Москва, ул.Шоссейная, д. 15",(495) 353-40-85, ds 671 @ yandex. ru,POINT (37.7276714 55.6879305)
698, Государственное бюджетное образовательное учреждение города Москвы Центр развития ребенка - детский сад № 2593, ГОУ ЦРР - детский сад № 2593,"2 593", Дошкольное образовательное учреждение, Центр развития ребенка – детский сад, Бюджетное, Южное окружное управление образования," 115522 г. Москва.ул. Москворечье.д.4,к.4",(499) 725-23-70, dou2593@sinergi.ru,POINT (37.651696 55.643206)
699, Государственное бюджетное образовательное учреждение города Москвы детский сад компенсирующего вида № 77, ГБОУ детский сад № 77, 77, Дошкольное образовательное учреждение, Детский сад компенсирующего вида, Бюджетное, Западное окружное управление образования," 121108, г. Москва, ул. Герасима Курина, д. 30, корпус 2",(499) 144-07-75, detskysad77@mail.ru,POINT (37.4666248 55.7312392)
700, Государственное бюджетное образовательное учреждение города Москвы детский сад № 910, ГБОУ детский сад № 910,"910", Дошкольное образовательное учреждение, Детский сад, Бюджетное, Юго-Восточное окружное управление образования," 109428, Москва, ул. 3-я Институтская, д. 6, корп. 2",(499) 171-08-20, gou.ds910@rambler.ru,POINT (37.7840846 55.7210609)
701, Государственное бюджетное образовательное учреждение города Москвы детский сад № 228, ГБОУ детский сад № 228,"228", Дошкольное образовательное учреждение, Детский сад, Бюджетное, Юго-Западное окружное управление образования," 117186, г.Москва, улица Нагорная, дом 28, корп.2","127-22-73", ds577@mosuzedu.ru,POINT (37.5966198 55.676058)
702, Государственное бюджетное образовательное учреждение города Москвы детский сад № 1389, ГБОУ детский сад № 1389,"1 389", Дошкольное образовательное учреждение, Детский сад, Бюджетное, Северное окружное управление образования," 127474, г. Москва, улица Дубнинская, дом 49А",(499) 489-10-39, kozemakina71@mail.ru,POINT (37.558918 55.87149369999999)
703, Государственное бюджетное образовательное учреждение города Москвы детский сад № 946, ГБОУ детский сад № 946,"946", Дошкольное образовательное учреждение, Детский сад, Бюджетное, Юго-Западное окружное управление образования," 117216, г.Москва, ул. Старокачаловская, д. 1Г","8-495-711-37-90", gou1985@mosuzedu.ru,POINT (37.5849284 55.5671313)
704, Государственное бюджетное образовательное учреждение города Москвы детский сад комбинированного вида № 629, ГБОУ детский сад №629,"629", Дошкольное образовательное учреждение, Детский сад компенсирующего вида, Бюджетное, Северное окружное управление образования," 127238, г. Москва, Дмитровское шоссе, дом 52, корпус 2А ; Стр.-1",(495) 488-69-63, Glukhova@mail.ru,POINT (37.570528 55.84787499999999)
705, Государственное бюджетное образовательное учреждение города Москвы детский сад № 1831, ГБОУ детский сад №1831,"1 831", Дошкольное образовательное учреждение, Детский сад, Бюджетное, Центральное окружное управление образования," 103051 г.Москва, ул. Трубная, 31",(495) 608-09-89, det-1831@yandex.ru,POINT (37.6246796 55.7722945)
706, Государственное бюджетное образовательное учреждение города Москвы детский сад № 781, ГБОУ детский сад № 781,"781", Дошкольное образовательное учреждение, Детский сад, Бюджетное, Восточное окружное управление образования," 105122, г. Москва, Амурская, 18",(495) 462-54-77, ds781@mail.ru,POINT (37.76638579999999 55.808539)
719, Государственное бюджетное образовательное учреждение города Москвы детский сад № 665, ГБОУ детский сад № 665,"665", Дошкольное образовательное учреждение, Детский сад, Бюджетное, Северо-Восточное окружное управление образования," 127282 город Москва, Студеный проезд, дом 10Б",(499) 479-62-26, det-665@rambler.ru,POINT (37.6574867 55.8918389)
707," Государственное бюджетное образовательное учреждение города Москвы центр развития ребенка - детский сад № 2380 ""Жемчужинка"""," ГБОУ ЦРР - детский сад № 2380 ""Жемчужинка""","2 380", Дошкольное образовательное учреждение, Центр развития ребенка – детский сад, Бюджетное, Северо-Западное окружное управление образования," 125464, г. Москва, Пятницкое ш., д. 16, к.3",(495) 759-37-76,  dou2380@szouo.ru,POINT (37.3865165 55.8424843)
708, Государственное бюджетное образовательное учреждение города Москвы Центр развития ребенка - детский сад № 2548, ГБОУ ЦРР - детский сад № 2548,"2 548", Дошкольное образовательное учреждение, Центр развития ребенка – детский сад, Бюджетное, Центральное окружное управление образования," 123022, г.Москва, Большая Декабрьская ул., д.1А",(499) 253-38-82, 2548detsadik@mail.ru,POINT (37.5590206 55.7649513)
709, Государственное бюджетное образовательное учреждение города Москвы детский сад компенсирующего вида № 1703, ГБОУ детский сад № 1703,"1 703", Дошкольное образовательное учреждение, Детский сад компенсирующего вида, Бюджетное, Южное окружное управление образования," 115569 г. Москва ул. Маршала Захарова, д.11 к.2",(495) 390-45-68, dou1703@sinergi.ru,POINT (37.704329 55.622044)
710, Государственное бюджетное образовательное учреждение города Москвы детский сад №327, ГБОУ детский сад № 327,"327", Дошкольное образовательное учреждение, Детский сад, Бюджетное, Восточное окружное управление образования," 105037,г.Москва, ул.Первомайская, д.4","165-50-01", sad954@yandex.ru,POINT (37.7713426 55.7900934)
711, Государственное бюджетное образовательное учреждение города Москвы детский сад № 140, ГБОУ детский сад № 140,"140", Дошкольное образовательное учреждение, Детский сад, Бюджетное, Восточное окружное управление образования," 105187, г.Москва,ул.Зверинецкая, д.31 А",(499) 369-58-78, ds140@inbox.ru,POINT (37.7379681 55.785066)
712, Государственное бюджетное образовательное учреждение города Москвы детский сад комбинированного вида № 200, ГБОУ детский сад № 200,"200", Дошкольное образовательное учреждение, Детский сад комбинированного вида, Бюджетное, Западное окружное управление образования," 121354, г.Москва, Можайское шоссе, д. 38, корп. 6",(495) 446-17-22, gou200@bk.ru,POINT (37.4098053 55.7192897)
713, Государственное бюджетное образовательное учреждение города Москвы детский сад №522, ГБОУ детский сад №522,"522", Дошкольное образовательное учреждение, Детский сад, Бюджетное, Восточное окружное управление образования," 107589,г.Москва,ул.Красноярская,д.17а",(495) 467-75-01, detsad522@yandex.ru,POINT (37.8266598 55.8269244)
714, Государственное бюджетное образовательное учреждение города Москвы детский сад № 1752, ГБОУ детский сад № 1752,"1 752", Дошкольное образовательное учреждение, Детский сад, Бюджетное, Южное окружное управление образования," 115580 г. Москва, ул. Мусы Джалиля, д.9, к.2",(495) 395-03-77, dou1752@sinergi.ru,POINT (37.7449897 55.6275627)
715, Государственное бюджетное образовательное учреждение города Москвы детский сад общеразвивающего вида № 1755, ГБОУ детский сад № 1755,"1 755", Дошкольное образовательное учреждение, Детский сад общеразвивающего вида с приоритетным осуществлением деятельности по одному из направлений развития детей, Бюджетное, Западное окружное управление образования," 119633 г. Москва, ул. Приречная, д. 9",(495) 731-26-99, detsad1755@mail.ru,POINT (37.3707165 55.6453554)
716, Государственное бюджетное образовательное учреждение города Москвы детский сад № 1380, ГБОУ детский сад № 1380,"1 380", Дошкольное образовательное учреждение, Детский сад, Бюджетное, Юго-Западное окружное управление образования," 117465, г. Москва, ул. Теплый Стан, д.15, корп.10","339-64-12", dou1380@ou.mosuzedu.ru,POINT (37.4877877 55.6236364)
717, Государственное бюджетное образовательное учреждение города Москвы детский сад № 2671, ГБОУ детский сад № 2671,"2 671", Дошкольное образовательное учреждение, Детский сад, Бюджетное, Восточное окружное управление образования," 107497, Москва,Щелковское шоссе, дом 91, стр 2",(499) 966-65-98, 2671sad@mail.ru,POINT (37.8264918 55.8135692)
718, Государственное бюджетное образовательное учреждение города Москвы детский сад компенсирующего вида № 2301, ГБОУ детский сад № 2301,"2 301", Дошкольное образовательное учреждение, Детский сад компенсирующего вида, Бюджетное, Восточное окружное управление образования," 107589,г.Москва,ул.Красноярская д.3,корп.3",(495) 466-03-74, detsad2301vouo@gmail.com,POINT (37.8326728 55.8185221)
720, Государственное бюджетное образовательное учреждение города Москвы детский сад № 218, ГБОУ детский сад № 218,"218", Дошкольное образовательное учреждение, Детский сад, Бюджетное, Северо-Восточное окружное управление образования," 127543 город Москва, улица Корнейчука, дом 42А",(499) 205-10-61, 218d-s@mail.ru,POINT (37.6302344 55.8962572)
721, Государственное бюджетное образовательное учреждение города Москвы детский сад комбинированного вида № 105, ГБОУ детский сад № 105,"105", Дошкольное образовательное учреждение, Детский сад комбинированного вида, Бюджетное, Северо-Западное окружное управление образования," 123154, г. Москва, ул. Маршала Тухачевского, д. 39, к.2",(499) 199-47-15,  dou67@szouo.ru,POINT (37.4684204 55.78285839999999)
722, Государственное бюджетное образовательное учреждение города Москвы детский сад № 950, ГБОУ детский сад № 950,"950", Дошкольное образовательное учреждение, Детский сад, Бюджетное, Юго-Восточное окружное управление образования," 109388, Москва, улица Гурьянова, дом 47",(495) 353-61-02, gou950@yandex.ru; gboy950@yandex.ru,POINT (37.7201265 55.6820793)
723, Государственное бюджетное образовательное учреждение города Москвы детский сад комбинированного вида № 382, ГБОУ детский сад № 382,"382", Дошкольное образовательное учреждение, Детский сад комбинированного вида, Бюджетное, Южное окружное управление образования," 115162 г. Москва ул. Городская, д.7",(499) 764-77-59, dou1084@sinergi.ru,POINT (37.6187913 55.71565520000001)
724, Государственное бюджетное образовательное учреждение города Москвы детский сад комбинированного вида № 1324, ГБОУ детский сад № 1324,"1 324", Дошкольное образовательное учреждение, Детский сад комбинированного вида, Бюджетное, Восточное окружное управление образования," 107589, г. Москва, ул.Алтайская, д.34 а",(495) 469-13-21, ds1324@mail.ru,POINT (37.8315108 55.81896219999999)
725, Государственное бюджетное образовательное учреждение города Москвы детский сад общеразвивающего вида с приоритетным осуществлением деятельности по художественно-эстетическому развитию детей № 932, ГБОУ детский сад общеразвивающего вида № 932,"932", Дошкольное образовательное учреждение, Детский сад общеразвивающего вида с приоритетным осуществлением деятельности по одному из направлений развития детей, Бюджетное, Северо-Восточное окружное управление образования," 127549, г.Москва, ул.Мурановская, д. 6 А",(499) 206-47-47, dousv-932@mail.ru,POINT (37.6024248 55.8918401)
726, Государственное бюджетное образовательное учреждение города Москвы детский сад № 2492, ГБОУ детский сад № 2492,"2 492", Дошкольное образовательное учреждение, Детский сад, Бюджетное, Юго-Восточное окружное управление образования, 109559 г. Москва ул. Маршала Кожедуба д.6 кор.2,(495) 658-64-64, anz8811@yandex.ru,POINT (37.7884956 55.668436)
727, Государственное бюджетное образовательное учреждение города Москвы детский сад комбинированного вида № 1896, ГБОУ детский сад № 1896,"1 896", Дошкольное образовательное учреждение, Детский сад комбинированного вида, Бюджетное, Восточное окружное управление образования," 111402, г. Москва, ул. Старый гай, д. 12 А",(495) 375-98-95, ) 189632007@mail.ru,POINT (37.8265838 55.7388734)
728, Государственное бюджетное образовательное учреждение города Москвы детский сад №1559, ГБОУ детский сад № 1559,"1 559", Дошкольное образовательное учреждение, Детский сад, Бюджетное, Восточное окружное управление образования," 111558,г.Москва, Федеративный проспект, дом 45",(495) 302-22-85, ds1559@mail.ru,POINT (37.82898369999999 55.7536376)
729, Государственное бюджетное образовательное учреждение города Москвы детский сад комбинированного вида № 1278, ГБОУ детский сад № 1278,"1 278", Дошкольное образовательное учреждение, Детский сад комбинированного вида, Бюджетное, Северное окружное управление образования," 127486, г. Москва, Дегунинская улица, дом 13А",(499) 488-55-33, detsad1278@mail.ru,POINT (37.5340187 55.8651383)
730, Государственное бюджетное образовательное учреждение города Москвы детский сад комбинированного вида № 2264, ГБОУ детский сад № 2264,"2 264", Дошкольное образовательное учреждение, Детский сад комбинированного вида, Бюджетное, Северо-Западное окружное управление образования," 125430, г. Москва, Пятницкое шоссе, дом 29, корпус 4",(495) 751-73-41,  dou2264@szouo.ru,POINT (37.3606852 55.8500379)
811, Государственное бюджетное образовательное учреждение города Москвы детский сад № 2424, ГБОУ детский сад № 2424,"2 424", Дошкольное образовательное учреждение, Детский сад, Бюджетное, Юго-Восточное окружное управление образования," 109341, г. Москва, ул. Перерва, дом 49, корп. 2",(495) 347-57-11, ds2424@mail.ru,POINT (37.7501621 55.66164569999999)
731, Государственное бюджетное образовательное учреждение города Москвы детский сад общеразвивающего вида с приоритетным осуществлением деятельности по художественно-эстетическому развитию детей № 735, ГБОУ детский сад № 735,"735", Дошкольное образовательное учреждение, Детский сад общеразвивающего вида с приоритетным осуществлением деятельности по одному из направлений развития детей, Бюджетное, Центральное окружное управление образования," 115093 г. Москва, ул. Б.Серпуховская, д.31",(499) 236-85-90, rytikova.va@gmail.com,POINT (37.6291138 55.7226627)
732, Государственное бюджетное образовательное учреждение города Москвы детский сад компенсирующего вида № 2125, ГБОУ детский сад № 2125,"2 125", Дошкольное образовательное учреждение, Детский сад компенсирующего вида, Бюджетное, Юго-Восточное окружное управление образования," 109378, Москва, ул. Шумилова д.14, к.2",(499) 175-83-74, sadik2125@yandex.ru,POINT (37.7738386 55.70692219999999)
733, Государственное бюджетное образовательное учреждение города Москвы центр развития ребенка - детский сад № 1194, ГБОУ ЦРР-детский сад № 1194,"1 194", Дошкольное образовательное учреждение, Центр развития ребенка – детский сад, Бюджетное, Северо-Восточное окружное управление образования," 127562, г. Москва, Алтуфьевское шоссе, 18Б",(499) 201-06-00, dousv1194@yandex.ru; detsad1194@mail.ru,POINT (37.5878863 55.85906809999999)
734, Государственное бюджетное образовательное учреждение города Москвы детский сад №2614, ГБОУ детский сад №2614,"2 614", Дошкольное образовательное учреждение, Детский сад, Бюджетное, Восточное окружное управление образования," 111674, г. Москва, ул. Лухмановская, д.30А",(499) 797-34-80, ds-2614@mail.ru,POINT (37.9093754 55.7214913)
735, Государственное бюджетное образовательное учреждение города Москвы детский сад общеразвивающего вида № 1138, ГБОУ детский сад общеразвивающего вида № 1138,"1 138", Дошкольное образовательное учреждение, Детский сад общеразвивающего вида с приоритетным осуществлением деятельности по одному из направлений развития детей, Бюджетное, Юго-Восточное окружное управление образования," 109507, г. Москва, Самаркандский бульвар, дом 17, корпус 1",(495) 377-47-06, dsad1138@yandex.ru,POINT (37.8144385 55.69623439999999)
736, Государственное бюджетное образовательное учреждение города Москвы детский сад комбинированного вида №2616, ГБОУ детский сад №2616,"2 616", Дошкольное образовательное учреждение, Детский сад комбинированного вида, Бюджетное, Восточное окружное управление образования," 111674, Москва, ул. Лухмановская,д. 13А",(499) 797-41-07, ds2616@mail.ru,POINT (37.896714 55.7204922)
737, Государственное бюджетное образовательное учреждение города Москвы детский сад комбинированного вида № 2250, ГБОУ детский сад № 2250,"2 250", Дошкольное образовательное учреждение, Детский сад комбинированного вида, Бюджетное, Восточное окружное управление образования," 105484, г.Москва, Сиреневый бул., д.69А",(495) 468-00-16, detsad2250@yandex.ru,POINT (37.8251833 55.80545009999999)
738, Государственное бюджетное образовательное учреждение города Москвы детский сад № 847, ГБОУ детский сад № 847,"847", Дошкольное образовательное учреждение, Детский сад, Бюджетное, Северо-Восточное окружное управление образования," 129337, город Москва, Ярославское шоссе, дом 8, корпус 5",(499) 183-06-00, gouds847@mail.ru,POINT (37.6886056 55.8533528)
739, Государственное бюджетное образовательное учреждение города Москвы детский сад комбинированного вида № 37, ГБОУ детский сад № 37, 37, Дошкольное образовательное учреждение, Детский сад комбинированного вида, Бюджетное, Центральное окружное управление образования," 129010 г. Москва, ул. Большая Спасская, д.10/1",(495) 680-00-37, ds37krasnoselo@mail.ru,POINT (37.6468537 55.7758584)
740, Государственное бюджетное образовательное учреждение города Москвы детский сад компенсирующего вида № 1058, ГБОУ детский сад № 1058,"1 058", Дошкольное образовательное учреждение, Детский сад компенсирующего вида, Бюджетное, Северное окружное управление образования," 125252, г. Москва, улица Зорге, дом 10, корпус 3",(499) 943-14-05, zpr1058@mail.ru,POINT (37.5121279 55.7823741)
741, Государственное бюджетное образовательное учреждение города Москвы детский сад общеразвивающего вида № 1903, ГБОУ детский сад № 1903,"1 903", Дошкольное образовательное учреждение, Детский сад общеразвивающего вида с приоритетным осуществлением деятельности по одному из направлений развития детей, Бюджетное, Северо-Западное окружное управление образования," 125459, г. Москва, ул. Туристская, д. 19, корп. 6.",(495) 948-29-38,  dou1903@szouo.ru,POINT (37.41610319999999 55.8532328)
742, Государственное бюджетное образовательное учреждение города Москвы детский сад комбинированного вида № 1711, ГБОУ детский сад № 1711,"1 711", Дошкольное образовательное учреждение, Детский сад комбинированного вида, Бюджетное, Южное окружное управление образования," 117587 г. Москва, ул.Кировоградская, д.5а",(495) 316-76-88, dou1711@sinergi.ru,POINT (37.6138239 55.628184)
743, Государственное бюджетное образовательное учреждение города Москвы детский сад комбинированного вида № 696, ГБОУ детский сад № 696,"696", Дошкольное образовательное учреждение, Детский сад комбинированного вида, Бюджетное, Северо-Восточное окружное управление образования," 129346, Москва, улица Минусинская, дом 16 корпус 2",(495) 474-25-61, gou696@rambler.ru,POINT (37.693188 55.87515)
744, Государственное бюджетное образовательное учреждение города Москвы детский сад комбинированного вида № 1478, ГБОУ детский сад № 1478,"1 478", Дошкольное образовательное учреждение, Детский сад компенсирующего вида, Бюджетное, Западное окружное управление образования," 121609, г.Москва, ул. Крылатские холмы, д. 25, корп. 2",(495) 412-23-24, dou1478@mail.ru,POINT (37.414288 55.757508)
745, Государственное бюджетное образовательное учреждение города Москвы детский сад № 2415, ГБОУ детский сад № 2415,"2 415", Дошкольное образовательное учреждение, Детский сад, Бюджетное, Юго-Западное окружное управление образования," 117437, г.Москва, ул.Академика Волгина, д.14/2","330-09-73"," dou2415@ou.mosuzedu.ru,; ds2415@mail.ru",POINT (37.5029221 55.642607)
746, Государственное бюджетное образовательное учреждение города Москвы детский сад общеразвивающего вида № 521, ГБОУ детский сад № 521,"521", Дошкольное образовательное учреждение, Детский сад общеразвивающего вида с приоритетным осуществлением деятельности по одному из направлений развития детей, Бюджетное, Центральное окружное управление образования," 123557 г.Москва, Зоологический переулок, д.10",(499) 253-76-84, kinder_garten@mail.ru,POINT (37.5735363 55.76550049999999)
747, Государственное бюджетное образовательное учреждение города Москвы детский сад комбинированного вида № 2571, ГБОУ детский сад № 2571,"2 571", Дошкольное образовательное учреждение, Детский сад комбинированного вида, Бюджетное, Западное окружное управление образования," 121352, г.Москвва, Славянский бульвар, д. 13, корп. 2",(499) 792-67-34, dsad2571@inbox.ru,POINT (37.464773 55.7250252)
748, Государственное бюджетное образовательное учреждение города Москвы детский сад общеразвивающего вида № 1724, ГБОУ детский сад № 1724,"1 724", Дошкольное образовательное учреждение, Детский сад общеразвивающего вида с приоритетным осуществлением деятельности по одному из направлений развития детей, Бюджетное, Южное окружное управление образования," 115597 г. Москва, ул. Ясеневая, 42 корп.2",(495) 397-96-45, dou1724@sinergi.ru,POINT (37.7478202 55.6088906)
749, Государственное бюджетное образовательное учреждение города Москвы центр развития ребенка - детский сад № 2662, ГБОУ ЦРР - детский сад № 2662,"2 662", Дошкольное образовательное учреждение, Центр развития ребенка – детский сад, Бюджетное, Северо-Западное окружное управление образования," 123423, г. Москва, Проспект Маршала Жукова, д. 43, к.4",(499) 199-10-43,  DOU2662@szouo.ru;  fokeeva182@yandex.ru; natasha207@yandex.ru; lidia1887@yandex.ru; olga1887@yandex.ru,POINT (37.4683814 55.7758794)
750, Государственное бюджетное образовательное учреждение города Москвы детский сад № 2696, ГБОУ детский сад № 2696,"2 696", Дошкольное образовательное учреждение, Детский сад, Бюджетное, Западное окружное управление образования," 119192 г.Москва, Мичуринский проспект, д. 10",(499) 739-32-42, sad2696@mail.ru,POINT (37.508472 55.70459899999999)
751, Государственное бюджетное образовательное учреждение города Москвы детский сад № 1008, ГБОУ детский сад № 1008,"1 008", Дошкольное образовательное учреждение, Детский сад, Бюджетное, Восточное окружное управление образования," 111531,город Москва,улица Саянская, дом 13Б",(495) 307-20-71, sad1008vao@mail.ru,POINT (37.8356365 55.77029539999999)
752, Государственное бюджетное образовательное учреждение города Москвы детский сад компенсирующего вида № 820, ГБОУ детский сад № 820,"820", Дошкольное образовательное учреждение, Детский сад компенсирующего вида, Бюджетное, Северо-Восточное окружное управление образования," 127349, город Москва, улица Мурановская, дом 7А",(499) 206-62-88, dou820@yandex.ru,POINT (37.59616279999999 55.8922879)
753, Государственное бюджетное образовательное учреждение города Москвы детский сад общеразвивающего вида с приоритетным осуществлением деятельности по художественно- эстетическому развитию детей № 1144, ГБОУ детский сад № 1144,"1 144", Дошкольное образовательное учреждение, Детский сад общеразвивающего вида с приоритетным осуществлением деятельности по одному из направлений развития детей, Бюджетное, Центральное окружное управление образования," 123104 г. Москва, Малая Бронная ул., д.13, стр.2",(495) 690-63-39, detskysad@bk.ru,POINT (37.5960349 55.75984800000001)
754, Государственное бюджетное образовательное учреждение города Москвы детский сад № 363, ГБОУ детский сад № 363,"363", Дошкольное образовательное учреждение, Детский сад, Бюджетное, Южное окружное управление образования," 115162 г.Москва, ул.Хавская, д.10",(499) 236-04-66, dou363@sinergi.ru,POINT (37.6124155 55.7189514)
755, Государственное бюджетное образовательное учреждение города Москвы детский сад компенсирующего вида № 1372, ГБОУ детский сад № 1372,"1 372", Дошкольное образовательное учреждение, Детский сад компенсирующего вида, Бюджетное, Северо-Восточное окружное управление образования," 129075, город Москва, улица Аргуновская, дом 16, корпус 3",(495) 615-49-46, logosad1372@mail.ru; buh-ds1372@mail.ru,POINT (37.6234938 55.8187126)
756, Государственное бюджетное образовательное учреждение города Москвы детский сад № 990, ГБОУ детский сад № 990,"990", Дошкольное образовательное учреждение, Детский сад, Бюджетное, Южное окружное управление образования," 117570, г. Москва, ул. Красного Маяка, д.13-г",(495) 387-36-00, dou990@sinergi.ru,POINT (37.575805 55.60993999999999)
757," Государственное бюджетное образовательное учреждение города Москвы детский сад общеразвивающего вида № 2177 ""Росток"""," ГБОУ детский сад № 2177 ""Росток""","2 177", Дошкольное образовательное учреждение, Детский сад общеразвивающего вида с приоритетным осуществлением деятельности по одному из направлений развития детей, Бюджетное, Северо-Западное окружное управление образования," 123060, г. Москва, ул. Маршала Соколовского, д. 8",(499) 190-49-29, 2177rostok@mail.ru; dou2177@szouo.ru,POINT (37.4883753 55.7935767)
758, Государственное бюджетное образовательное учреждение города Москвы детский сад № 1987, ГБОУ детский сад № 1987,"1 987", Дошкольное образовательное учреждение, Детский сад, Бюджетное, Юго-Западное окружное управление образования," 117133, г. Москва, ул. Академика Варги, д. 28 А",(495)338-68-00, dou1987@mosuzedu.ru,POINT (37.4739158 55.6336188)
759, Государственное бюджетное образовательное учреждение города Москвы детский сад комбинированного вида № 970, ГБОУ детский сад № 970,"970", Дошкольное образовательное учреждение, Детский сад комбинированного вида, Бюджетное, Восточное окружное управление образования," 105554, г. Москва, 11-я Парковая ул., д. 5 а",(499) 463-10-90, detcad970@yandex.ru,POINT (37.804024 55.7905135)
760, Государственное бюджетное образовательное учреждение города Москвы детский сад компенсирующего вида № 2363, ГБОУ детский сад № 2363,"2 363", Дошкольное образовательное учреждение, Детский сад компенсирующего вида, Бюджетное, Юго-Восточное окружное управление образования," 109431, г.Москва, ул.Авиаконструктора Миля, дом 22, корпус 2",(495) 704-08-89, dsad2363@gmail.com,POINT (37.85613499999999 55.679261)
761, Государственное бюджетное образовательное учреждение города Москвы детский сад компенсирующего вида № 2099, ГБОУ детский сад № 2099,"2 099", Дошкольное образовательное учреждение, Детский сад компенсирующего вида, Бюджетное, Юго-Восточное окружное управление образования," 109388, г. Москва, ул. Гурьянова, д. 63",(495) 353-92-70, ds2099@uvuo.ru,POINT (37.7192555 55.67916409999999)
762, Государственное бюджетное образовательное учреждение города Москвы детский сад комбинированного вида № 1026, ГБОУ детский сад № 1026,"1 026", Дошкольное образовательное учреждение, Детский сад компенсирующего вида, Бюджетное, Северное окружное управление образования," 127247, г. Москва, улица Софьи Ковалевской, д.4, к. 1",(495) 484-23-22, bol.olga52@mail.ru,POINT (37.5348344 55.87681980000001)
763, Государственное бюджетное образовательное учреждение города Москвы детский сад № 1946, ГБОУ детский сад № 1946,"1 946", Дошкольное образовательное учреждение, Детский сад, Бюджетное, Юго-Восточное окружное управление образования," 111020, г. Москва Лонгиновская ул., д. 10а",(495) 360-28-23, oldoroxina@mail.ru,POINT (37.712705 55.7682554)
764, Государственное бюджетное образовательное учреждение города Москвы Центр развития ребенка - детский сад № 1272, ГБОУ ЦРР - детский сад № 1272,"1 272", Дошкольное образовательное учреждение, Детский сад общеразвивающего вида с приоритетным осуществлением деятельности по одному из направлений развития детей, Бюджетное, Южное окружное управление образования," 115547 г.Москва, ул.Бирюлевская, д.56, к.2",(495) 385-33-06, dou1272@sinergi.ru,POINT (37.6693431 55.5823481)
765, Государственное бюджетное образовательное учреждение города Москвы детский сад комбинированного вида № 423, ГБОУ детский сад № 423,"423", Дошкольное образовательное учреждение, Детский сад комбинированного вида, Бюджетное, Южное окружное управление образования," 115404 г. Москва, ул. Касимовская, 7 корп.2",(495) 326-51-38, dou423@sinergi.ru,POINT (37.6544113 55.5987927)
766, Государственное бюджетное образовательное учреждение города Москвы детский сад № 2656, ГБОУ детский сад № 2656,"2 656", Дошкольное образовательное учреждение, Детский сад, Бюджетное, Северо-Восточное окружное управление образования," 127495, город Москва, Челобитьевское шоссе, дом 8",(499) 761-06-02, dou2656@yandex.ru,POINT (37.5506183 55.9139383)
767, Государственное бюджетное образовательное учреждение города Москвы детский сад комбинированного вида № 2, ГБОУ детский сад № 2, 2, Дошкольное образовательное учреждение, Детский сад комбинированного вида, Бюджетное, Юго-Восточное окружное управление образования," 109382, г. Москва ул. Совхозная, д. 8а",(495) 358-91-10, detsad2@mail.ru,POINT (37.7460618 55.6707391)
768, Государственное бюджетное образовательное учреждение города Москвы детский сад комбинированного вида № 652, ГБОУ детский сад № 652,"652", Дошкольное образовательное учреждение, Детский сад комбинированного вида, Бюджетное, Центральное окружное управление образования," 123056 г.Москва, Большой Кондратьевский переулок, д.5 стр.1",(499) 254-48-53, detsad652@mail.ru,POINT (37.5811091 55.7732576)
769, Государственное бюджетное образовательное учреждение города Москвы детский сад компенсирующего вида № 2633, ГБОУ детский сад № 2633,"2 633", Дошкольное образовательное учреждение, Детский сад компенсирующего вида, Бюджетное, Северное окружное управление образования," 125252, г. Москва, улица Алабяна, дом 15",(499) 198-15-01, ds-oda2633@mail.ru,POINT (37.5052034 55.7972179)
770, Государственное бюджетное образовательное учреждение города Москвы детский сад № 2457, ГБОУ детский сад №2457,"2 457", Дошкольное образовательное учреждение, Детский сад, Бюджетное, Юго-Восточное окружное управление образования," 109649, Москва, Капотня, 5 квартал, д.14",(495) 355-09-00, gou-2457@yandex.ru,POINT (37.7955264 55.63077639999999)
771, Государственное бюджетное образовательное учреждение города Москвы детский сад № 1950, ГБОУ детский сад № 1950,"1 950", Дошкольное образовательное учреждение, Детский сад, Бюджетное, Юго-Восточное окружное управление образования," 111116, г. Москва ул. Авиамоторная, д. 4, к.4",(495) 362-18-55, ds1950@mail.ru,POINT (37.7153883 55.7595993)
772, Государственное бюджетное образовательное учреждение города Москвы детский сад компенсирующего вида № 1153, ГБОУ детский сад № 1153,"1 153", Дошкольное образовательное учреждение, Детский сад компенсирующего вида, Бюджетное, Южное окружное управление образования," 115551 г. Москва, Ореховый б-р, д.5-2",(495) 391-87-11, dou1153@sinergi.ru,POINT (37.7037865 55.61071399999999)
773, Государственное бюджетное образовательное учреждение города Москвы детский сад компенсирующего вида №273, ГБОУ детский сад №273,"273", Дошкольное образовательное учреждение, Детский сад компенсирующего вида, Бюджетное, Восточное окружное управление образования," 107143,г.Москва,Открытое шоссе, 26 Б",(499) 167-40-76, goy273@mail.ru,POINT (37.7631845 55.82572159999999)
774, Государственное бюджетное образовательное учреждение города Москвы Центр развития ребенка - детский сад № 716, ГБОУ Детский сад № 716,"716", Дошкольное образовательное учреждение, Центр развития ребенка – детский сад, Бюджетное, Северное окружное управление образования," 125080, г. Москва, улица Левитана, дом 3 А",(499) 198-54-51, info@gouds716.ru; gouds716@mail.ru,POINT (37.5003686 55.8007984)
786, Государственное бюджетное образовательное учреждение города Москвы детский сад комбинированного вида № 816, ГБОУ детский сад № 816,"816", Дошкольное образовательное учреждение, Детский сад комбинированного вида, Бюджетное, Юго-Восточное окружное управление образования," 109444, г. Москва, Ташкентская улица, дом № 3, корпус 2",(495) 376-26-01, ds816@mail.ru,POINT (37.820829 55.709131)
775, Государственное бюджетное образовательное учреждение города Москвы детский сад общеразвивающего вида с приоритетным осуществлением деятельности по художественно-эстетическому развитию детей №1910, ГБОУ детский сад №1910,"1 910", Дошкольное образовательное учреждение, Детский сад общеразвивающего вида с приоритетным осуществлением деятельности по одному из направлений развития детей, Бюджетное, Восточное окружное управление образования," 111401, г. Москва, 2-я Владимирская ул., д.33А",(495) 305-07-11, gou1910@mail.ru,POINT (37.7854638 55.7544321)
776, Государственное бюджетное образовательное учреждение города Москвы детский сад № 384, ГБОУ детский сад № 384,"384", Дошкольное образовательное учреждение, Детский сад, Бюджетное, Северное окружное управление образования," 125183, г. Москва, улица Генерала Рычагова, дом 22а",(499) 154-52-48, romanowatamara@yandex.ru,POINT (37.5411169 55.8409731)
777," Муниципальное бюджетное дошкольное образовательное учреждение г.о. Щербинка в городе Москве детский сад №4 ""Рябинушка"""," МБДОУ детский сад №4 ""Рябинушка""", 4, Дошкольное образовательное учреждение, Детский сад, Бюджетное, Троицкое и новомосковское окружное управление образования," 142171, Москва Город, Щербинка Город, 40 лет Октября Улица, 8А",#Н/Д, sadik8a@rambler.ru,POINT (37.570497 55.510229)
778, Государственное бюджетное образовательное учреждение города Москвы Центр развития ребенка-детский сад № 1834, ГБОУ ЦРР - детский сад № 1834,"1 834", Дошкольное образовательное учреждение, Центр развития ребенка – детский сад, Бюджетное, Центральное окружное управление образования," 115184 г. Москва, 1-й Новокузнецкий пер., д.15, стр.1",(495) 951-48-46, lgorohova@rambler.ru,POINT (37.6300093 55.7346458)
779, Государственное бюджетное образовательное учреждение города Москвы детский сад комбинированного вида № 1003, ГБОУ детский сад № 1003,"1 003", Дошкольное образовательное учреждение, Детский сад комбинированного вида, Бюджетное, Центральное окружное управление образования," 121069 г. Москва, Скатертный пер., д.27",(495) 691-33-72, ds1003@yandex.ru,POINT (37.5900945 55.7567908)
780, Государственное бюджетное образовательное учреждение города Москвы детский сад № 2545, ГБОУ детский сад № 2545,"2 545", Дошкольное образовательное учреждение, Детский сад, Бюджетное, Северо-Восточное окружное управление образования," 129346 город Москва, улица Коминтерна, дом 46 А",(499) 184-58-54, gou2545@list.ru,POINT (37.692279 55.871179)
781," Государственное бюджетное образовательное учреждение города Москвы центр развития ребенка - детский сад № 16 ""ГАН ХАМА"""," ГБОУ ЦРР - детский сад № 16 ""ГАН ХАМА""", 16, Дошкольное образовательное учреждение, Центр развития ребенка – детский сад, Бюджетное, Северное окружное управление образования," 125445, г. Москва, Валдайский пр., д. 20",(499) 458-08-72, ganchamah@mail.ru,POINT (37.4659524 55.8720638)
782, Государственное бюджетное образовательное учреждение города Москвы детский сад общеразвивающего вида с приоритетным осуществлением деятельности по познавательно-речевому развитию детей № 1775, ГБОУ детский сад № 1775,"1 775", Дошкольное образовательное учреждение, Детский сад общеразвивающего вида с приоритетным осуществлением деятельности по одному из направлений развития детей, Бюджетное, Юго-Западное окружное управление образования," 117588, г. Москва, ул. Тарусская, дом 6, корпус 2",(495)425-92-00, gou1775@mail.ru,POINT (37.5331854 55.6109486)
783, Государственное бюджетное образовательное учреждение города Москвы детский сад компенсирующего вида № 2007, ГБОУ детский сад компенсирующего вида № 2007,"2 007", Дошкольное образовательное учреждение, Детский сад компенсирующего вида, Бюджетное, Юго-Западное окружное управление образования," 117447, г. Москва, Севастопольский проспект, д.12А","123-52-03", detsad2007@mail.ru,POINT (37.6008712 55.6865673)
784, Государственное бюджетное образовательное учреждение города Москвы детский сад №234, ГБОУ детский сад №234,"234", Дошкольное образовательное учреждение, Детский сад, Бюджетное, Юго-Восточное окружное управление образования," 109439, г. Москва Волгоградский проспект, д. 148, корп. 3",(495) 379-82-24, detki234@gmail.com; Detstvo321@mail.ru,POINT (37.7891909 55.7009761)
785, Государственное бюджетное образовательное учреждение города Москвы детский сад № 1797, ГБОУ детский сад № 1797,"1 797", Дошкольное образовательное учреждение, Детский сад, Бюджетное, Юго-Восточное окружное управление образования," 109144, Новочеркасский бульвар, д.34",(499) 357-45-54, ds1797@yandex.ru,POINT (37.7325554 55.6454512)
787, Государственное бюджетное образовательное учреждение города Москвы детский сад общеразвивающего вида № 1798, ГБОУ детский сад № 1798,"1 798", Дошкольное образовательное учреждение, Детский сад общеразвивающего вида с приоритетным осуществлением деятельности по одному из направлений развития детей, Бюджетное, Юго-Восточное окружное управление образования," 109369, г. Москва Новочеркасский б-р, д. 33",(499) 356-13-61, 179865@rambler.ru,POINT (37.7326675 55.6497509)
788, Государственное бюджетное образовательное учреждение города Москвы детский сад № 118, ГБОУ детский сад № 118,"118", Дошкольное образовательное учреждение, Детский сад, Бюджетное, Восточное окружное управление образования," 105318, г.Москва, ул.Ибрагимова, д.5А",(495) 365-37-66, det118@mail.ru,POINT (37.7305691 55.780037)
789, Государственное бюджетное образовательное учреждение города Москвы детский сад № 1051, ГБОУ детский сад № 1051,"1 051", Дошкольное образовательное учреждение, Детский сад, Бюджетное, Юго-Западное окружное управление образования," 117574, г. Москва, ул. Голубинская, дом 7, корпус 3",/495/422-20-95, Detskiysad1051@yandex.ru,POINT (37.5133827 55.6051834)
790, Государственное бюджетное образовательное учреждение города Москвы детский сад № 153, ГБОУ детский сад № 153,"153", Дошкольное образовательное учреждение, Детский сад, Бюджетное, Центральное окружное управление образования," 119121 г. Москва, Ружейный пер, д.8",(499) 248-42-29, beliakova_olga@inbox.ru,POINT (37.5802691 55.7438845)
791, Государственное бюджетное образовательное учреждение города Москвы детский сад общеразвивающего вида № 1276, ГБОУ детский сад №1276,"1 276", Дошкольное образовательное учреждение, Детский сад общеразвивающего вида с приоритетным осуществлением деятельности по одному из направлений развития детей, Бюджетное, Юго-Западное окружное управление образования," 119311, г. Москва, ул. Строителей, д. 17А","930-09-90", gou_493@mail.ru; dou1276@ou.mosuzedu.ru,POINT (37.5311377 55.68723199999999)
792, Государственное бюджетное образовательное учреждение города Москвы детский сад № 806, ГБОУ детский сад № 806,"806", Дошкольное образовательное учреждение, Детский сад, Бюджетное, Западное окружное управление образования," 119501 г.Москва, ул. Веерная, дом 20, корпус 2",(499) 233-02-08, dou806@yandex.ru,POINT (37.4840301 55.710114)
793, Государственное бюджетное образовательное учреждение города Москвы детский сад компенсирующего вида № 2058, ГБОУ детский сад № 2058,"2 058", Дошкольное образовательное учреждение, Детский сад компенсирующего вида, Бюджетное, Зеленоградское окружное управление образования," 124460, г. Москва, Зеленоград, корп. 1127",(499) 710-21-96, d2058@zou.ru,POINT (37.1828689 55.9846714)
794, Государственное бюджетное образовательное учреждение города Москвы детский сад компенсирующего вида № 112, ГБОУ детский сад № 112,"112", Дошкольное образовательное учреждение, Детский сад компенсирующего вида, Бюджетное, Северо-Восточное окружное управление образования," 127224, город Москва, Студеный проезд, дом 26, корпус 3",(499) 479-21-43, ds112vision@yandex.ru,POINT (37.666654 55.8926708)
795, Государственное бюджетное образовательное учреждение города Москвы детский сад № 2279, ГБОУ детский сад № 2279,"2 279", Дошкольное образовательное учреждение, Детский сад, Бюджетное, Юго-Восточное окружное управление образования," 109145, г.Москва, ул.Привольная, дом 9 корп.4",(495) 705-04-25, gou2279@yandex.ru,POINT (37.84146940000001 55.7002257)
796, Государственное бюджетное образовательное учреждение города Москвы детский сад № 674, ГБОУ детский сад № 674,"674", Дошкольное образовательное учреждение, Детский сад, Бюджетное, Юго-Восточное окружное управление образования," 109548, г. Москва ул. Шоссейная, д. 17",(495) 353-50-38, ds674@yandex.ru,POINT (37.728583 55.687197)
797, Государственное бюджетное образовательное учреждение города Москвы детский сад комбинированного вида № 2098, ГБОУ детский сад № 2098,"2 098", Дошкольное образовательное учреждение, Детский сад комбинированного вида, Бюджетное, Западное окружное управление образования," 121353 г. Москва, ул. Дорогобужская, д.7, к.2",(495) 444-56-90, gou2098@bk.ru,POINT (37.4117754 55.71418449999999)
798, Государственное бюджетное образовательное учреждение города Москвы детский сад компенсирующего вида № 909, ГБОУ детский сад № 909,"909", Дошкольное образовательное учреждение, Детский сад компенсирующего вида, Бюджетное, Северо-Восточное окружное управление образования," 127560, город Москва, улица Пришвина, дом 19а",(499) 902-15-55, dousv909@yandex.ru,POINT (37.6048085 55.8870843)
799, Государственное бюджетное образовательное учреждение города Москвы детский сад комбинированного вида № 1867, ГБОУ детский сад № 1867,"1 867", Дошкольное образовательное учреждение, Детский сад комбинированного вида, Бюджетное, Северо-Восточное окружное управление образования," 127081 город Москва Ясный проезд дом 10, корпус 2",(499) 477-43-62, ds1867@mail.ru,POINT (37.629722 55.875467)
800, Государственное бюджетное образовательное учреждение города Москвы детский сад № 1092, ГБОУ детский сад № 1092,"1 092", Дошкольное образовательное учреждение, Детский сад, Бюджетное, Южное окружное управление образования," 115551 г.Москва, Ореховый б-р, д.5, к.3",(495) 392-01-09, dou1092@sinergi.ru; dou-1092@mail.ru,POINT (37.7028121 55.6103233)
801," Государственное бюджетное образовательное учреждение города Москвы центр развития ребенка - детский сад № 1251 "" Ладошки"""," ГБОУ ЦРР-детский сад № 1251 "" Ладошки""","1 251", Дошкольное образовательное учреждение, Центр развития ребенка – детский сад, Бюджетное, Западное окружное управление образования," 119602, г.Москва, Мичуринский проспект, Олимпийская деревня, д. 8, корп. 1",(495) 437-29-59, dou1251@mail.ru,POINT (37.46757059999999 55.67321949999999)
802, Государственное бюджетное образовательное учреждение города Москвы детский сад № 1520, ГБОУ детский сад № 1520,"1 520", Дошкольное образовательное учреждение, Детский сад, Бюджетное, Северо-Восточное окружное управление образования," 140170 Московская область, г.Бронницы, д. Марьинка",#Н/Д, dou.1520@yandex.ru,POINT (38.2608117 55.4096613)
803, Государственное бюджетное образовательное учреждение города Москвы детский сад № 2143, ГБОУ детский сад № 2143,"2 143", Дошкольное образовательное учреждение, Детский сад, Бюджетное, Северо-Восточное окружное управление образования," 129626, город Москва, Проспект Мира, дом 112",(495) 687-53-73, douSV-2143@rambler.ru; detsad2143@yandex.ru,POINT (37.6380381 55.80758660000001)
804, Государственное бюджетное образовательное учреждение города Москвы детский сад № 2385, ГБОУ детский сад № 2385,"2 385", Дошкольное образовательное учреждение, Детский сад, Бюджетное, Восточное окружное управление образования," 105425, г. Москва, 3-я Парковая улица, д.54а",(499) 164-47-90, detsad-2385@yandex.ru,POINT (37.7832253 55.8084516)
805, Государственное бюджетное образовательное учреждение города Москвы детский сад № 306, ГБОУ детский сад № 306,"306", Дошкольное образовательное учреждение, Детский сад, Бюджетное, Восточное окружное управление образования," 105118 Москва, 9-я улица Соколиной Горы, д 17А","365-49-92", ds306@yandex.ru,POINT (37.7351232 55.7733948)
806, Государственное бюджетное образовательное учреждение города Москвы детский сад комбинированного вида № 878, ГБОУ детский сад № 878,"878", Дошкольное образовательное учреждение, Детский сад комбинированного вида, Бюджетное, Центральное окружное управление образования," 127051 г. Москва, Петровский бульвар, д.8, стр. 4, 5",(495) 625-44-48, detsad878@mail.ru,POINT (37.6167299 55.767277)
807, Государственное бюджетное образовательное учреждение города Москвы детский сад общеразвивающего вида № 874, ГБОУ детский сад № 874,"874", Дошкольное образовательное учреждение, Детский сад общеразвивающего вида с приоритетным осуществлением деятельности по одному из направлений развития детей, Бюджетное, Северо-Восточное окружное управление образования," ""129281, город Москва, улица Летчика Бабушкина, дом 31""а""",(495) 472-00-44, ds874@mail.ru,POINT (37.6731018 55.8710485)
808, Государственное бюджетное образовательное учреждение города Москвы центр развития ребенка - детский сад № 780, ГБОУ ЦРР - детский сад № 780,"780", Дошкольное образовательное учреждение, Центр развития ребенка – детский сад, Бюджетное, Восточное окружное управление образования," 107143, г. Москва, Открытое шоссе, дом. 29",(499) 167-74-13, romashka780@yandex.ru,POINT (37.76305079999999 55.8299983)
809, Государственное бюджетное образовательное учреждение города Москвы детский сад общеразвивающего вида № 2525, ГБОУ детский сад № 2525,"2 525", Дошкольное образовательное учреждение, Детский сад общеразвивающего вида с приоритетным осуществлением деятельности по одному из направлений развития детей, Бюджетное, Восточное окружное управление образования," 111675,г. Москва, улица Рудневка, дом 26",(499) 721-58-67, istoki2525@yandex.ru,POINT (37.89703799999999 55.715262)
810, Государственное бюджетное образовательное учреждение города Москвы детский сад № 1106, ГБОУ детский сад № 1106,"1 106", Дошкольное образовательное учреждение, Детский сад, Бюджетное, Северо-Восточное окружное управление образования," 127549, г.Москва, улица Костромская, дом 8а",(499) 902-16-90, DOU-1106@yandex.ru,POINT (37.59341670000001 55.88564179999999)
812, Государственное бюджетное образовательное учреждение города Москвы детский сад № 798, ГБОУ детский сад № 798,"798", Дошкольное образовательное учреждение, Детский сад, Бюджетное, Западное окружное управление образования," 119517, г.Москва, ул. Нежинская, д. 17, корп. 1",(495) 441-90-77, sad798@rambler.ru,POINT (37.46785 55.707364)
813, Муниципальное бюджетное дошкольное образовательное учреждение детский сад общеразвивающего вида №40, ГБОУ детский сад № 1217, 40, Дошкольное образовательное учреждение, Детский сад общеразвивающего вида с приоритетным осуществлением деятельности по одному из направлений развития детей, Бюджетное, Троицкое и новомосковское окружное управление образования," 105318, Москва Город, Семеновская Площадь, 4",#Н/Д, —,POINT (37.7210321 55.7813321)
814, Государственное бюджетное образовательное учреждение города Москвы детский сад общеразвивающего вида № 1716, ГБОУ детский сад № 1716,"1 716", Дошкольное образовательное учреждение, Детский сад общеразвивающего вида с приоритетным осуществлением деятельности по одному из направлений развития детей, Бюджетное, Западное окружное управление образования," 119620 г.Москва, ул. Волынская, д. 6, корп. 1",(495) 934-89-55, gouds1716@mail.ru,POINT (37.4117282 55.6452818)
815, Государственное бюджетное образовательное учреждение города Москвы детский сад № 2358, ГБОУ детский сад № 2358,"2 358", Дошкольное образовательное учреждение, Детский сад, Бюджетное, Западное окружное управление образования," 121165 г.Москва, Кутузовский проспект, д. 33",(499) 249-60-21, ds2358@mail.ru; ds2358.mskzapad.ru,POINT (37.5407652 55.741513)
816, Государственное бюджетное образовательное учреждение города Москвы детский сад комбинированного вида № 775, ГБОУ детский сад № 775,"775", Дошкольное образовательное учреждение, Детский сад комбинированного вида, Бюджетное, Юго-Западное окружное управление образования," 117447, г.Москва, ул. Большая Черемушкинская, дом 14А","126-69-70", ds775@inbox.ru,POINT (37.5890084 55.68512149999999)
817," Государственное бюджетное образовательное учреждение города Москвы детский сад комбинированного вида № 1102 ""Светлячок""", ГБОУ детский сад № 1102 «Светлячок»,"1 102", Дошкольное образовательное учреждение, Детский сад комбинированного вида, Бюджетное, Троицкое и новомосковское окружное управление образования," 105318, Москва Город, Семеновская Площадь, 4",#Н/Д, ds48svetlyachok@mail.ru,POINT (37.7210321 55.7813321)
818, Государственное бюджетное образовательное учреждение города Москвы детский сад № 2581, ГБОУ детский сад № 2581,"2 581", Дошкольное образовательное учреждение, Детский сад, Бюджетное, Юго-Восточное окружное управление образования," 109156, Москва, улица Маршала Полубоярова, дом 24, корпус 4",(495) 704-22-97, ds2581@uvuo.ru,POINT (37.8590257 55.6811958)
819, Государственное бюджетное образовательное учреждение города Москвы детский сад № 1539, ГБОУ детский сад № 1539,"1 539", Дошкольное образовательное учреждение, Детский сад, Бюджетное, Северо-Восточное окружное управление образования," 129226, город Москва, улица Докукина, дом 7, строение 1",(499) 187-70-94, DetSad1539@yandex.ru,POINT (37.6521746 55.83802189999999)
820, Государственное бюджетное образовательное учреждение города Москвы детский сад компенсирующего вида № 2743, ГБОУ детский сад № 2743,"2 743", Дошкольное образовательное учреждение, Детский сад компенсирующего вида, Бюджетное, Северное окружное управление образования," 125475, г. Москва, улица Петрозаводская, дом 28 ""А""",(495) 451-10-21, g.detsckiysad@yandex.ru,POINT (37.4910649 55.8680203)
821, Государственное бюджетное образовательное учреждение города Москвы детский сад № 933, ГБОУ детский сад № 933,"933", Дошкольное образовательное учреждение, Детский сад, Бюджетное, Восточное окружное управление образования," 111531, г. Москва, шоссе Энтузиастов, д. 96 А",(495) 300-11-03, 933detsad@live.ru,POINT (37.828664 55.771286)
822, Государственное бюджетное образовательное учреждение города Москвы детский сад комбинированного вида № 278, ГБОУ детский сад № 278,"278", Дошкольное образовательное учреждение, Детский сад комбинированного вида, Бюджетное, Северо-Восточное окружное управление образования," 129336, город Москва, Анадырский проезд, дом 65",(495) 474-65-45, detsad-278@Inbox.ru,POINT (37.7083984 55.88153879999999)
834, Государственное бюджетное образовательное учреждение города Москвы детский сад № 929, ГБОУ детский сад № 929,"929", Дошкольное образовательное учреждение, Детский сад, Бюджетное, Северное окружное управление образования," 125412, г. Москва, улица Клязьминская, дом 10А",(499) 906-67-79, dou1972@yandex.ru,POINT (37.525106 55.883832)
823, Государственное бюджетное образовательное учреждение города Москвы детский сад компенсирующего вида № 2075, ГБОУ детский сад №2075,"2 075", Дошкольное образовательное учреждение, Детский сад компенсирующего вида, Бюджетное, Юго-Западное окружное управление образования," 117628, г. Москва, ул. Знаменские Садки, дом 1Г","8-495-712-08-18", detsad2075@rambler.ru,POINT (37.5722449 55.57006029999999)
824, Государственное бюджетное образовательное учреждение города Москвы детский сад № 2152, ГБОУ детский сад № 2152,"2 152", Дошкольное образовательное учреждение, Детский сад, Бюджетное, Северо-Восточное окружное управление образования," 127543, город Москва, улица Корнейчука, дом 58 Б",(495) 405-87-11, svouo.detsad2152@mail.ru,POINT (37.62345699999999 55.893204)
825, Государственное бюджетное образовательное учреждение города Москвы детский сад № 1578, ГБОУ детский сад № 1578,"1 578", Дошкольное образовательное учреждение, Детский сад, Бюджетное, Северное окружное управление образования," 127247, г. Москва, Дмитровское шоссе, дом 96, корпус 7",(499) 489-03-09, sadik1578@mail.ru,POINT (37.550688 55.877021)
826, Государственное бюджетное образовательное учреждение города Москвы центр развития ребенка - детский сад № 325, ГБОУ ЦРР - детский сад № 325,"325", Дошкольное образовательное учреждение, Центр развития ребенка – детский сад, Бюджетное, Северное окружное управление образования," 125057, г. Москва, ул. Песчаная, д.2А",(499) 198-20-93, info@ds325.ru; ds325-a13@mail.ru; ovr@ds325.ru,POINT (37.5156479 55.803405)
827, Государственное бюджетное образовательное учреждение города Москвы детский сад № 1356, ГБОУ детский сад № 1356,"1 356", Дошкольное образовательное учреждение, Детский сад, Бюджетное, Южное окружное управление образования," 117519 г. Москва, Кировоградская улица, 19А",(495) 386-99-09, dou1356@sinergi.ru,POINT (37.6031817 55.6048887)
828, Муниципальное бюджетное дошкольное образовательное учреждение городского округа Щербинка в городе Москве Центр развития ребёнка - детский сад № 3 «Сказка», МБДОУ Центр развития ребёнка - детский сад № 3 «Сказка», 3, Дошкольное образовательное учреждение, Центр развития ребенка – детский сад, Бюджетное, Троицкое и новомосковское окружное управление образования," 142171, Москва Город, Щербинка Город, Котовского Улица, 6А",#Н/Д, skaska_3@bk.ru,POINT (37.5660366 55.5129831)
829, Государственное бюджетное образовательное учреждение города Москвы центр развития ребенка-детский сад № 2659, ГБОУ ЦРР-детский сад № 2659,"2 659", Дошкольное образовательное учреждение, Центр развития ребенка – детский сад, Бюджетное, Северо-Восточное окружное управление образования," 129323, город Москва, Серебрякова проезд, дом 3, корпус 1",(499) 181-72-03, Detsad2659@mail.ru,POINT (37.64306 55.848414)
830, Государственное бюджетное образовательное учреждение города Москвы детский сад комбинированного вида № 484, ГБОУ детский сад № 484,"484", Дошкольное образовательное учреждение, Детский сад комбинированного вида, Бюджетное, Южное окружное управление образования," 115470 г. Москва, ул. Новинки, д. 19, к. 2",(499) 615-66-53, dou484@sinergi.ru,POINT (37.6744783 55.67803809999999)
831, Государственное бюджетное образовательное учреждение города Москвы детский сад общеразвивающего вида № 687, ГБОУ детский сад № 687,"687", Дошкольное образовательное учреждение, Детский сад общеразвивающего вида с приоритетным осуществлением деятельности по одному из направлений развития детей, Бюджетное, Восточное окружное управление образования," 105043 г. Москва, Измайловский бульвар, дом 30 А",(495) 603-94-02, Detcad687@list.ru,POINT (37.7954649 55.7955649)
832, Государственное бюджетное образовательное учреждение города Москвы детский сад комбинированного вида № 1522, ГБОУ детский сад № 1522,"1 522", Дошкольное образовательное учреждение, Детский сад комбинированного вида, Бюджетное, Восточное окружное управление образования," 105203, г.Москва, ул. Первомайская, дом 104",(495) 465-25-00, ds1522@yandex.ru,POINT (37.8122091 55.79331699999999)
833, Государственное бюджетное образовательное учреждение города Москвы детский сад комбинированного вида № 1178, ГБОУ детский сад № 1178,"1 178", Дошкольное образовательное учреждение, Детский сад комбинированного вида, Бюджетное, Северо-Восточное окружное управление образования," 127572, город Москва, Алтуфьевское шоссе, дом 95, корпус 1",(499) 200-88-00, dou1178@yandex.ru; ds-1178@yandex.ru,POINT (37.5842956 55.901826)
835, Государственное бюджетное образовательное учреждение города Москвы детский сад № 54, ГБОУ детский сад № 54, 54, Дошкольное образовательное учреждение, Детский сад, Бюджетное, Центральное окружное управление образования," 129110 г. Москва, Большая Переяславская улица, дом 7А",(495) 680-91-56, mycadik54@mail.ru,POINT (37.6398947 55.7825925)
836, Государственное бюджетное образовательное учреждение города Москвы детский сад общеразвивающего вида с приоритетным осуществлением деятельности по художественно-эстетическому развитию детей № 436, ГБОУ детский сад № 436,"436", Дошкольное образовательное учреждение, Детский сад общеразвивающего вида с приоритетным осуществлением деятельности по одному из направлений развития детей, Бюджетное, Юго-Восточное окружное управление образования," 109457, г. Москва ул. Федора Полетаева, д. 6, корп. 2",(499) 175-83-25, ds436@mail.ru,POINT (37.7752145 55.7143634)
837, Государственное бюджетное образовательное учреждение города Москвы детский сад № 439, ГБОУ детский сад № 439,"439", Дошкольное образовательное учреждение, Детский сад, Бюджетное, Северное окружное управление образования," 127540, г. Москва, улица Дубнинская, дом 14, корпус 5",(499) 481-61-00, 1262_07@bk.ru,POINT (37.5644712 55.866741)
838, Государственное бюджетное образовательное учреждение города Москвы детский сад компенсирующего вида № 1766, ГБОУ детский сад компенсирующего вида № 1766,"1 766", Дошкольное образовательное учреждение, Детский сад компенсирующего вида, Бюджетное, Юго-Восточное окружное управление образования," 109052, г. Москва, улица Верхняя Хохловка, дом 35",(495) 678-51-78, ds1766@mail.ru,POINT (37.7201324 55.7334353)
839, Государственное бюджетное образовательное учреждение города Москвы детский сад № 2680, ГБОУ детский сад № 2680,"2 680", Дошкольное образовательное учреждение, Детский сад, Бюджетное, Южное окружное управление образования," 115304 г. Москва,ул.Ереванская,д.13 А.",(499) 323-35-89, dou2680@sinergi.ru,POINT (37.6742621 55.63234060000001)
840, Государственное бюджетное образовательное учреждение города Москвы детский сад № 1055, ГБОУ детский сад № 1055,"1 055", Дошкольное образовательное учреждение, Детский сад, Бюджетное, Северо-Восточное окружное управление образования," 127566, город Москва, улица Бестужевых, дом 6-А",(499) 204-40-90, detsad1055@mail.ru,POINT (37.5995106 55.8687014)
841, Государственное бюджетное образовательное учреждение города Москвы детский сад комбинированного вида № 1077, ГБОУ детский сад № 1077,"1 077", Дошкольное образовательное учреждение, Детский сад комбинированного вида, Бюджетное, Южное окружное управление образования," 115583 г. Москва, ул. Елецкая, д.15, к.2",(495) 398-82-00, dou1077@sinergi.ru,POINT (37.7344461 55.6079662)
842, Государственное бюджетное образовательное учреждение города Москвы детский сад общеразвивающего вида № 1014, ГБОУ детский сад № 1014,"1 014", Дошкольное образовательное учреждение, Детский сад общеразвивающего вида с приоритетным осуществлением деятельности по одному из направлений развития детей, Бюджетное, Северо-Восточное окружное управление образования," 127549, город Москва, улица Пришвина, дом 11А",(499) 206-98-92, dousv1014@yandex.ru,POINT (37.5994114 55.8897133)
843, Государственное бюджетное образовательное учреждение города Москвы детский сад компенсирующего вида № 1671, ГБОУ детский сад № 1671,"1 671", Дошкольное образовательное учреждение, Детский сад компенсирующего вида, Бюджетное, Западное окружное управление образования," 121609 г. Москва, ул. Крылатские холмы, д.11",(495) 413-70-35, dou1671@mail.ru,POINT (37.4204437 55.749841)
844, Государственное бюджетное образовательное учреждение города Москвы детский сад комбинированного вида № 927, ГБОУ детский сад № 927,"927", Дошкольное образовательное учреждение, Детский сад комбинированного вида, Бюджетное, Центральное окружное управление образования," 107078 г. Москва, улица Садовая - Спасская, дом.21/1",(495) 625-93-64, ds927@yandex.ru,POINT (37.6506403 55.7686314)
845, Государственное бюджетное образовательное учреждение города Москвы детский сад комбинированного вида № 1351, ГБОУ детский сад № 1351,"1 351", Дошкольное образовательное учреждение, Детский сад комбинированного вида, Бюджетное, Северо-Восточное окружное управление образования," 127253, г.Москва, ул. Псковская, д.10, к.2",(499) 209-31-92, gou1351@mail.ru,POINT (37.5501609 55.9033676)
846," Государственное бюджетное образовательное учреждение города Москвы детский сад № 1206 ""Семицветик""", ГБОУ детский сад № 1206 «Семицветик»,"1 206", Дошкольное образовательное учреждение, Детский сад, Бюджетное, Троицкое и новомосковское окружное управление образования," 105318, Москва Город, Семеновская Площадь, 4",#Н/Д, mdou12s@mail.ru,POINT (37.7210321 55.7813321)
847, Государственное бюджетное образовательное учреждение города Москвы детский сад общеразвивающего вида № 660, ГБОУ детский сад № 660,"660", Дошкольное образовательное учреждение, Детский сад общеразвивающего вида с приоритетным осуществлением деятельности по одному из направлений развития детей, Бюджетное, Восточное окружное управление образования," 105043, г. Москва, 9-я Парковая ул., д. 23 А",(499) 367-46-18, Alieva_660@mail.ru,POINT (37.79714800000001 55.794889)
848, Государственное бюджетное образовательное учреждение города Москвы детский сад № 1249, ГБОУ детский сад № 1249,"1 249", Дошкольное образовательное учреждение, Детский сад, Бюджетное, Юго-Западное окружное управление образования," 117588, г.Москва, Новоясеневский проспект, дом 15, корпус 2","425-88-44", dou1249@mosuzedu.ru,POINT (37.5404055 55.6060945)
849, Государственное бюджетное образовательное учреждение города Москвы детский сад комбинированного вида № 714, ГБОУ детский сад № 714,"714", Дошкольное образовательное учреждение, Детский сад комбинированного вида, Бюджетное, Северо-Западное окружное управление образования," 125480, г. Москва, ул. Вилиса Лациса, д. 7, корп. 2",(495) 495-72-44, dou714@szouo.ru,POINT (37.4282006 55.86415969999999)
850, Государственное бюджетное образовательное учреждение города Москвы детский сад № 564, ГБОУ детский сад № 564,"564", Дошкольное образовательное учреждение, Детский сад, Бюджетное, Восточное окружное управление образования," 107150, г. Москва, ул. Бойцовая, д. 24, корп. 5",(499) 160-12-00, Detskiisadik564@mail.ru,POINT (37.7265857 55.8156225)
851, Государственное бюджетное образовательное учреждение города Москвы центр развития ребенка - детский сад № 1662, ГБОУ ЦРР - детский сад № 1662,"1 662", Дошкольное образовательное учреждение, Центр развития ребенка – детский сад, Бюджетное, Южное окружное управление образования," 115191 г. Москва, 3-я Рощинская ул., д.2",(495) 952-26-15, dou1662@sinergi.ru,POINT (37.616575 55.708555)
852, Государственное бюджетное образовательное учреждение города Москвы центр развития ребенка - детский сад № 2665, ГБОУ ЦРР - детский сад № 2665,"2 665", Дошкольное образовательное учреждение, Центр развития ребенка – детский сад, Бюджетное, Северное окружное управление образования," 127486, г. Москва, ул. Ивана Сусанина, 4Б",(499) 905-19-75, crrds2665@mail.ru,POINT (37.5297385 55.86576609999999)
853, Государственное бюджетное образовательное учреждение города Москвы детский сад комбинированного вида № 1927, ГБОУ детский сад № 1927,"1 927", Дошкольное образовательное учреждение, Детский сад комбинированного вида, Бюджетное, Центральное окружное управление образования," 123317 г. Москва, пер.Стрельбищенский , д.11Б",(499) 256-35-93, gou_1927@mail.ru,POINT (37.5372117 55.76060450000001)
854, Государственное бюджетное образовательное учреждение города Москвы детский сад № 2425, ГБОУ детский сад №2425,"2 425", Дошкольное образовательное учреждение, Детский сад, Бюджетное, Юго-Восточное окружное управление образования," 109451, г. Москва, Перервинский бульв., д. 5, к. 2",(495) 658-58-93, detskijsadik 2425@mail.ru,POINT (37.7661638 55.6632452)
855, Государственное бюджетное образовательное учреждение города Москвы детский сад компенсирующего вида № 987, ГБОУ детский сад № 987,"987", Дошкольное образовательное учреждение, Детский сад компенсирующего вида, Бюджетное, Юго-Западное окружное управление образования," ""117042, г. Москва, улица Южнобутовская, дом № 125 ""А""","0", dou2375@ou.mosuzedu.ru,POINT (37.515298 55.5321006)
856, Государственное бюджетное образовательное учреждение города Москвы детский сад № 1548, ГБОУ детский сад № 1548,"1 548", Дошкольное образовательное учреждение, Детский сад, Бюджетное, Северное окружное управление образования," 127474, г. Москва, Бескудниковский бульвар, дом 9",(499) 488-43-85, gou1548@mail.ru,POINT (37.5604771 55.8610396)
857, Государственное бюджетное образовательное учреждение города Москвы детский сад № 1984, ГБОУ детский сад № 1984,"1 984", Дошкольное образовательное учреждение, Детский сад, Бюджетное, Юго-Западное окружное управление образования," 117463, Москва, Новоясеневский проспект, дом 32, корпус 2","8 (495) 422-16-66", gou1984@mosuzedu.ru,POINT (37.5390308 55.6032145)
858, Государственное бюджетное образовательное учреждение города Москвы детский сад комбинированного вида № 2613, ГБОУ детский сад № 2613,"2 613", Дошкольное образовательное учреждение, Детский сад комбинированного вида, Бюджетное, Восточное окружное управление образования," 105173,Москва,улица 9 Мая,дом 16,стр.1",#Н/Д, gou2613@yandex.ru,POINT (37.86849369999999 55.81739049999999)
859, Государственное бюджетное образовательное учреждение города Москвы детский сад комбинированного вида № 409, ГБОУ детский сад № 409,"409", Дошкольное образовательное учреждение, Детский сад комбинированного вида, Бюджетное, Западное окружное управление образования," 121552, г.Москва, ул. Оршанская, д. 12, корп. 1",(499) 141-65-56, gou409@yandex.ru; dskv409mskzapad.ru,POINT (37.40738390000001 55.7428236)
860, Государственное бюджетное образовательное учреждение города Москвы детский сад № 1002, ГБОУ детский сад № 1002,"1 002", Дошкольное образовательное учреждение, Детский сад, Бюджетное, Северо-Восточное окружное управление образования," 127543, города Москва, улица Корнейчука, дом 16А",(499) 206-95-03, GOU1002@mail.ru,POINT (37.6111953 55.90097009999999)
861, Государственное бюджетное образовательное учреждение города Москвы центр развития ребенка - детский сад № 1435, ГБОУ ЦРР-детский сад № 1435,"1 435", Дошкольное образовательное учреждение, Центр развития ребенка – детский сад, Бюджетное, Северо-Восточное окружное управление образования," 129281, город Москва, улица Енисейская, дом 30 А",(499) 185-90-09, dou1435@list.ru,POINT (37.6683665 55.8725736)
862, Государственное бюджетное образовательное учреждение города Москвы детский сад комбинированного вида № 2277, ГБОУ детский сад № 2277,"2 277", Дошкольное образовательное учреждение, Детский сад комбинированного вида, Бюджетное, Центральное окружное управление образования," 119002 г. Москва, Плотников пер., д.19/38, стр.1",(499) 241-74-26, 2277ds@mail.ru; 2277dsad@mail.ru,POINT (37.5880409 55.7469294)
863, Государственное бюджетное образовательное учреждение города Москвы детский сад компенсирующего вида № 1221, ГБОУ детский сад № 1221,"1 221", Дошкольное образовательное учреждение, Детский сад компенсирующего вида, Бюджетное, Юго-Западное окружное управление образования," 117593, г.Москва, Новоясеневский проспект, дом 19, корпус 3","8(495)426-97-11", folga1221@mail.ru,POINT (37.5449241 55.6053411)
864, Государственное бюджетное образовательное учреждение города Москвы детский сад комбинированного вида № 711, ГБОУ детский сад № 711,"711", Дошкольное образовательное учреждение, Детский сад комбинированного вида, Бюджетное, Северо-Восточное окружное управление образования," 129128, город Москва, улица Бажова, дом 22",(499) 187-32-23, dou711@yandex.ru; dou711@rambler.ru,POINT (37.6641602 55.83566769999999)
865, Государственное бюджетное образовательное учреждение города Москвы детский сад № 949, ГБОУ детский сад № 949,"949", Дошкольное образовательное учреждение, Детский сад, Бюджетное, Юго-Западное окружное управление образования," 117342, г. Москва, ул. Введенского, д. 12 А","334-92-72", dou1989@ou.mosuzedu.ru,POINT (37.540072 55.6442237)
866, Государственное бюджетное образовательное учреждение города Москвы детский сад № 2482, ГБОУ детский сад № 2482,"2 482", Дошкольное образовательное учреждение, Детский сад, Бюджетное, Юго-Западное окружное управление образования," 117042, г. Москва, улица Адмирала Лазарева, дом 39, корпус 2",(499) 743-81-63, deti2482@rambler.ru,POINT (37.523537 55.542264)
867, Государственное бюджетное образовательное учреждение города Москвы детский сад № 2522, ГБОУ детский сад № 2522,"2 522", Дошкольное образовательное учреждение, Детский сад, Бюджетное, Северное окружное управление образования," 125080, г. Москва, Волоколамское шоссе, д. 14-а, строение 1",(499) 158-17-19, hrustalevavv@mail.ru,POINT (37.4938745 55.8096799)
868, Государственное бюджетное образовательное учреждение города Москвы детский сад № 1700, ГБОУ детский сад № 1700,"1 700", Дошкольное образовательное учреждение, Детский сад, Бюджетное, Западное окружное управление образования," 119619, г.Москва, ул.Авиаторов, д. 10, корп. 1",(495) 934-12-96, ds1700@ya.ru,POINT (37.3966303 55.64675519999999)
869, Государственное бюджетное образовательное учреждение города Москвы детский сад № 2170, ГБОУ детский сад № 2170,"2 170", Дошкольное образовательное учреждение, Детский сад, Бюджетное, Северо-Восточное окружное управление образования," 129226, г.Москва, ул.Сельскохозяйственная, д.13",(499) 181-15-74, gbou2170@yandex.ru,POINT (37.6392206 55.8358763)
870, Государственное бюджетное образовательное учреждение города Москвы детский сад № 1512, ГБОУ детский сад № 1512,"1 512", Дошкольное образовательное учреждение, Детский сад, Бюджетное, Южное окружное управление образования," 117556 г. Москва,Болотниковская ул. д.2,к.2",(499) 613-62-69, dou1512@sinergi.ru; detsad1512@yandex.ru,POINT (37.6155215 55.65702)
871, Государственное бюджетное образовательное учреждение города Москвы детский сад № 414, ГБОУ детский сад № 414,"414", Дошкольное образовательное учреждение, Детский сад, Бюджетное, Юго-Восточное окружное управление образования," 109444, г. Москва, Самаркандский бульвар, дом 10, корп. 3",(495) 376-01-44, detsad414@yandex.ru,POINT (37.8252078 55.7057678)
872, Государственное бюджетное образовательное учреждение города Москвы детский сад № 1242, ГБОУ детский сад № 1242,"1 242", Дошкольное образовательное учреждение, Детский сад, Бюджетное, Южное окружное управление образования," 115404 г.Москва, ул.Педагогическая, д.7",(495) 326-10-02, dou1242@sinergi.ru,POINT (37.6687489 55.5965873)
873, Государственное бюджетное образовательное учреждение города Москвы детский сад № 163, ГБОУ детский сад № 163,"163", Дошкольное образовательное учреждение, Детский сад, Бюджетное, Южное окружное управление образования," 115304 г. Москва, ул. Медиков, д.18, к.2",(499) 320-48-27, dou163@sinergi.ru,POINT (37.6775892 55.6325382)
874, Государственное бюджетное образовательное учреждение города Москвы детский сад комбинированного вида № 1655, ГБОУ детский сад № 1655,"1 655", Дошкольное образовательное учреждение, Детский сад комбинированного вида, Бюджетное, Южное окружное управление образования," 115682 г. Москва, Ореховый б-р, д.63, к.2",(495) 344-35-58, dou1655@sinergi.ru,POINT (37.7584867 55.6182248)
875, Государственное бюджетное образовательное учреждение города Москвы детский сад комбинированного вида №1252, ГБОУ детский сад № 1252,"1 252", Дошкольное образовательное учреждение, Детский сад комбинированного вида, Бюджетное, Западное окружное управление образования," 119602 г. Москва, Олимпийская дер., Мичуринский пр., д.8/2",(495) 437-59-32, dou1252@mail.ru,POINT (37.5108748 55.7061378)
876, Государственное бюджетное образовательное учреждение города Москвы детский сад компенсирующего вида № 1881, ГБОУ детский сад компенсирующего вида №1881,"1 881", Дошкольное образовательное учреждение, Детский сад компенсирующего вида, Бюджетное, Юго-Восточное окружное управление образования," 115432, г. Москва Трофимова ул., д. 30, корп. 1",(495) 679-39-30, kolobok1881@mail.ru,POINT (37.684045 55.701832)
877, Государственное бюджетное образовательное учреждение города Москвы детский сад компенсирующего вида № 815, ГБОУ детский сад № 815,"815", Дошкольное образовательное учреждение, Детский сад компенсирующего вида, Бюджетное, Западное окружное управление образования," 119526, г.Москва, ул. 26 Бакинских комиссаров, д. 2, корп. 3",(495) 434-50-34, doy815@mail.ru,POINT (37.4966779 55.65825160000001)
878, Государственное бюджетное образовательное учреждение города Москвы детский сад комбинированного вида № 1121, ГБОУ детский сад № 1121,"1 121", Дошкольное образовательное учреждение, Детский сад компенсирующего вида, Бюджетное, Северо-Восточное окружное управление образования," 127543, г.Москва, улица Корнейчука, дом 24а",(499) 206-35-44, gou_ds1121@mail.ru,POINT (37.615475 55.899201)
879, Государственное бюджетное образовательное учреждение города Москвы детский сад комбинированного вида № 603, ГБОУ детский сад № 603,"603", Дошкольное образовательное учреждение, Детский сад комбинированного вида, Бюджетное, Северное окружное управление образования," 125212, г. Москва, улица Адмирала Макарова, дом 25",(499) 150-28-24, ds603@yandex.ru; d.603@yandex.ru,POINT (37.4908974 55.8325279)
880, Государственное бюджетное образовательное учреждение города Москвы детский сад № 1450, ГБОУ детский сад № 1450,"1 450", Дошкольное образовательное учреждение, Детский сад, Бюджетное, Юго-Западное окружное управление образования," 117574, г.Москва, улица Голубинская, дом 7, корпус 4","422-09-75", gou1450@mosuzedu.ru,POINT (37.5147249 55.60490309999999)
881, Государственное бюджетное образовательное учреждение города Москвы детский сад № 1123, ГБОУ детский сад № 1123,"1 123", Дошкольное образовательное учреждение, Детский сад, Бюджетное, Северо-Восточное окружное управление образования," 127273, город Москва, улица Декабристов, дом 34А",(499) 204-24-00, ds1123@mail.ru,POINT (37.6141567 55.8588063)
882, Государственное бюджетное образовательное учреждение города Москвы детский сад № 1783, ГБОУ детский сад №1783,"1 783", Дошкольное образовательное учреждение, Детский сад, Бюджетное, Юго-Западное окружное управление образования," 117186, г.Москва, Нагорная улица, дом 32, корпус 2","0127-04-21", ds1783@mosuzedu.ru,POINT (37.5950504 55.6748673)
883, Государственное бюджетное образовательное учреждение города Москвы детский сад компенсирующего вида № 471, ГБОУ детский сад компенсирующего вида № 471,"471", Дошкольное образовательное учреждение, Детский сад компенсирующего вида, Бюджетное, Юго-Восточное окружное управление образования," 111020, г. Москва Юрьевский пер., д. 8а",(495) 360-65-54, ds471@uvuo.ru; ds471@mail.ru,POINT (37.716537 55.7654299)
884, Государственное бюджетное образовательное учреждение города Москвы детский сад комбинированного вида № 1957, ГБОУ детский сад № 1957,"1 957", Дошкольное образовательное учреждение, Детский сад комбинированного вида, Бюджетное, Восточное окружное управление образования," 107143,Москва, Открытое шоссе, д. 31 А",(499) 167-64-00, ds1957@yandex.ru,POINT (37.7606588 55.83)
885, Государственное бюджетное образовательное учреждение города Москвы детский сад № 2553, ГБОУ детский сад № 2553,"2 553", Дошкольное образовательное учреждение, Детский сад, Бюджетное, Восточное окружное управление образования," 111558, г. Москва Федеративный пр-т, д. 56",(495) 302-25-51, gou2553@mail.ru; andreeva_te@mail.ru,POINT (37.8283882 55.7522549)
886, Государственное бюджетное образовательное учреждение города Москвы детский сад № 341, ГБОУ детский сад № 341,"341", Дошкольное образовательное учреждение, Детский сад, Бюджетное, Северное окружное управление образования," 125008, г. Москва, бульвар Матроса Железняка, дом 32",(499) 154-63-71, irida_vesta@mail.ru,POINT (37.5321684 55.8362736)
887, Государственное бюджетное образовательное учреждение города Москвы детский сад № 752, ГБОУ детский сад № 752,"752", Дошкольное образовательное учреждение, Детский сад, Бюджетное, Южное окружное управление образования," 117208 г. Москва, Сумской проезд, дом 12А",(495) 312-36-91, dou752@sinergi.ru,POINT (37.6085038 55.6355833)
888, Государственное бюджетное образовательное учреждение города Москвы детский сад общеразвивающего вида № 1022, ГБОУ детский сад № 1022,"1 022", Дошкольное образовательное учреждение, Детский сад общеразвивающего вида с приоритетным осуществлением деятельности по одному из направлений развития детей, Бюджетное, Южное окружное управление образования," 115547 Москва, Михневская, 15, к.2",(495) 385-30-06, dou1022@sinergi.ru,POINT (37.66456489999999 55.5808317)
889, Государственное бюджетное образовательное учреждение города Москвы детский сад комбинированного вида № 2211, ГБОУ детский сад № 2211,"2 211", Дошкольное образовательное учреждение, Детский сад комбинированного вида, Бюджетное, Юго-Западное окружное управление образования," 117628, г.Москва, ул.Ратная, дом 8 Б","0711-06-18", detsad2211@mail.ru,POINT (37.583817 55.57461499999999)
890, Государственное бюджетное образовательное учреждение города Москвы детский сад № 2084, ГБОУ г. Москвы детский сад № 2084,"2 084", Дошкольное образовательное учреждение, Детский сад, Бюджетное, Северное окружное управление образования," 125445, г. Москва, Смольная улица, дом 61А",(499) 458-94-47, Lana2084@mail.ru,POINT (37.4707256 55.868793)
891, Государственное бюджетное образовательное учреждение города Москвы детский сад № 1865, ГБОУ детский сад № 1865,"1 865", Дошкольное образовательное учреждение, Детский сад, Бюджетное, Центральное окружное управление образования," 105082 Москва, 2-й Ирининский пер., д. 7",(499) 261-84-44, detsad1865@mail.ru,POINT (37.6896838 55.7755253)
892, Государственное бюджетное образовательное учреждение города Москвы детский сад компенсирующего вида № 1504, ГБОУ детский сад № 1504,"1 504", Дошкольное образовательное учреждение, Детский сад компенсирующего вида, Бюджетное, Юго-Восточное окружное управление образования," 109649, г.Москва, Капотня, 5-й квартал, дом 21",(495) 355-45-01, ds1504@mail.ru,POINT (37.8001278 55.632574)
893, Государственное бюджетное образовательное учреждение города Москвы детский сад № 1155, ГБОУ детский сад № 1155,"1 155", Дошкольное образовательное учреждение, Детский сад, Бюджетное, Центральное окружное управление образования," 119270 г.Москва, Хамовнический вал, д.10а",(499) 242-71-45, ds1155@yandex.ru,POINT (37.5750659 55.7178027)
894, Государственное бюджетное образовательное учреждение города Москвы детский сад № 1618, ГБОУ детский сад № 1618,"1 618", Дошкольное образовательное учреждение, Детский сад, Бюджетное, Западное окружное управление образования," 119607 г.Москва, Мичуринский проспект, д. 33, корп. 1",(495) 932-86-00, ds1618@yandex.ru; gbouds1618@gmail.com,POINT (37.499043 55.693269)
895, Государственное бюджетное образовательное учреждение города Москвы детский сад № 81, ГБОУ детский сад № 81, 81, Дошкольное образовательное учреждение, Детский сад, Бюджетное, Северо-Восточное окружное управление образования," 129626 г. Москва, улица Новоалексеевская, дом 18, корпус 5",(495) 682-60-10, dou81@yandex.ru,POINT (37.6505111 55.8079265)
896, Государственное бюджетное образовательное учреждение города Москвы детский сад компенсирующего вида № 104, ГБОУ детский сад № 104,"104", Дошкольное образовательное учреждение, Детский сад компенсирующего вида, Бюджетное, Южное окружное управление образования," 115533 г. Москва, ул. Нагатинская, 11, корп.3",(499) 611-43-32, dou67@sinergi.ru,POINT (37.63885 55.681276)
897, Государственное бюджетное образовательное учреждение города Москвы детский сад общеразвивающего вида №171, ГБОУ детский сад № 171,"171", Дошкольное образовательное учреждение, Детский сад общеразвивающего вида с приоритетным осуществлением деятельности по одному из направлений развития детей, Бюджетное, Восточное окружное управление образования," 105215,г.Москва,Щелковское шоссе,д.52А",(495) 770-46-32, detsad171@mail.ru,POINT (37.79632420000001 55.8085031)
898, Государственное бюджетное образовательное учреждение города Москвы детский сад для детей раннего возраста № 398, ГБОУ детский сад № 398,"398", Дошкольное образовательное учреждение, Детский сад для детей раннего возраста, Бюджетное, Западное окружное управление образования," 121096 Москва, ул.Василисы Кожиной, д.20 стр.1",(499) 144-37-23, нет; detsad398@mail.ru,POINT (37.4925109 55.7349097)
899, Государственное бюджетное образовательное учреждение города Москвы детский сад комбинированного вида №284, ГБОУ детский сад №284,"284", Дошкольное образовательное учреждение, Детский сад комбинированного вида, Бюджетное, Центральное окружное управление образования," 107066 г. Москва, ул. Ольховская, д.43",(499) 264-09-38, slobogyanla@mail.ru; detsad284@rambler.ru,POINT (37.6737268 55.7776596)
900, Государственное бюджетное образовательное учреждение города Москвы детский сад комбинированного вида № 122, ГБОУ детский сад № 122,"122", Дошкольное образовательное учреждение, Детский сад комбинированного вида, Бюджетное, Северо-Восточное окружное управление образования," 129323, г. Москва, проезд Русанова, дом 9, корус 2",(499) 180-43-50, dedtsad.kv227@mail.ru; dou227@yandex.ru,POINT (37.645672 55.854074)
901, Государственное бюджетное образовательное учреждение города Москвы детский сад компенсирующего вида № 2282, ГБОУ детский сад № 2282,"2 282", Дошкольное образовательное учреждение, Детский сад компенсирующего вида, Бюджетное, Западное окружное управление образования," 119602, г.Москва, ул. Никулинская, д. 17",(495) 232-89-20, gou2282@mail.ru,POINT (37.4525856 55.6664701)
902, Государственное бюджетное образовательное учреждение города Москвы детский сад комбинированного вида № 1820, ГБОУ детский сад № 1820,"1 820", Дошкольное образовательное учреждение, Детский сад комбинированного вида, Бюджетное, Западное окружное управление образования," 119607, г.Москва, ул. Винницкая, д. 11, корп.1",(495) 932-11-74, julivp@rambler.ru; gouds1820@gmail.com,POINT (37.4918961 55.69750819999999)
903, Государственное бюджетное образовательное учреждение города Москвы центр развития ребенка - детский сад № 1908, ГБОУ ЦРР - детский сад № 1908,"1 908", Дошкольное образовательное учреждение, Центр развития ребенка – детский сад, Бюджетное, Восточное окружное управление образования," 111401, г. Москва, 2-я Владимирская улица, дом 24 А",(495) 368-93-57, detckiy_cad_1908@mail.ru,POINT (37.7803982 55.7555912)
904, Государственное бюджетное образовательное учреждение города Москвы центр развития ребенка - детский сад № 1320, ГБОУ ЦРР-детский сад № 1320,"1 320", Дошкольное образовательное учреждение, Детский сад общеразвивающего вида с приоритетным осуществлением деятельности по одному из направлений развития детей, Бюджетное, Северо-Восточное окружное управление образования," 129164, город Москва, улица Кибальчича, дом 2, корпус 5",(495) 682-32-60, goucrrds1320@yandex.ru,POINT (37.644656 55.815427)
905, Государственное бюджетное образовательное учреждение города Москвы детский сад № 2117, ГБОУ детский сад № 2117,"2 117", Дошкольное образовательное учреждение, Детский сад, Бюджетное, Юго-Восточное окружное управление образования," 109462, Москва, ул. Юных Ленинцев д.48 корп. 2",(499) 742-66-51, D-sad1494@yandex.ru; d-sad1494@yandex.ru,POINT (37.760732 55.699618)
906, Государственное бюджетное образовательное учреждение города Москвы центр развития ребенка - детский сад №1827, ГБОУ г. Москвы ЦРР - детский сад № 1827,"1 827", Дошкольное образовательное учреждение, Центр развития ребенка – детский сад, Бюджетное, Центральное окружное управление образования," 115172 г.Москва, ул. М. Каменщики, д.18",(495) 911-21-79, gou1827@yandex.ru,POINT (37.6544302 55.73512179999999)
907, Государственное бюджетное образовательное учреждение города Москвы детский сад № 291, ГБОУ детский сад № 291,"291", Дошкольное образовательное учреждение, Детский сад, Бюджетное, Северо-Восточное окружное управление образования," 129337 г. Москва, улица Палехская, дом 16, корпус 2",(499) 183-74-01, dou.846@yandex.ru,POINT (37.7057618 55.8699592)
908, Государственное бюджетное образовательное учреждение города Москвы детский сад компенсирующего вида № 2311, ГБОУ детский сад № 2311,"2 311", Дошкольное образовательное учреждение, Детский сад компенсирующего вида, Бюджетное, Северное окружное управление образования," 125635, г. Москва, ул. Базовская, д. 22Д",(499) 906-81-36, gou2311@mail.ru,POINT (37.515311 55.8804789)
909, Государственное бюджетное образовательное учреждение города Москвы центр развития ребенка - детский сад № 2333, ГБОУ ЦРР - детский сад № 2333,"2 333", Дошкольное образовательное учреждение, Центр развития ребенка – детский сад, Бюджетное, Юго-Восточное окружное управление образования," 109341, г. Москва Люблинская ул., д. 159, корп. 2",(495) 347-94-10, sad2333@yandex.ru,POINT (37.745477 55.654309)
910, Государственное бюджетное образовательное учреждение города Москвы детский сад № 367, ГБОУ детский сад № 367,"367", Дошкольное образовательное учреждение, Детский сад, Бюджетное, Западное окружное управление образования," 119620 г.Москва, Солнцевский проспект, д. 12, корп. 1",(495) 439-14-58, detsad367@mail.ru,POINT (37.403815 55.651712)
911, Государственное бюджетное образовательное учреждение города Москвы детский сад общеразвивающего вида № 1628, ГБОУ детский сад № 1628,"1 628", Дошкольное образовательное учреждение, Детский сад общеразвивающего вида с приоритетным осуществлением деятельности по одному из направлений развития детей, Бюджетное, Юго-Восточное окружное управление образования," 109369, г. Москва ул. Маршала Голованова, д. 3",(499) 356-81-22, gou1628@rambler.ru,POINT (37.731645 55.6512736)
912, Государственное бюджетное образовательное учреждение города Москвы детский сад компенсирующего вида № 1898, ГБОУ детский сад компенсирующего вида № 1898,"1 898", Дошкольное образовательное учреждение, Детский сад компенсирующего вида, Бюджетное, Восточное окружное управление образования," 111531, г. Москва, ул. Саянская, д. 15Г",(495) 307-38-01, G.O.U.1898@mail.ru,POINT (37.8357841 55.7710935)
913, Государственное бюджетное образовательное учреждение города Москвы детский сад № 326, ГБОУ детский сад № 326,"326", Дошкольное образовательное учреждение, Детский сад, Бюджетное, Северное окружное управление образования," 125315, г. Москва, улица Усиевича, дом 29А",(926) 322-68-88, detskiysad326@mail.ru,POINT (37.5199559 55.8072068)
914, Государственное бюджетное образовательное учреждение города Москвы центр развития ребенка - детский сад № 1018, ГБОУ ЦРР - детский сад № 1018,"1 018", Дошкольное образовательное учреждение, Центр развития ребенка – детский сад, Бюджетное, Северное окружное управление образования," 125502, г. Москва, улица Лавочкина, дом 52 А",(495) 455-24-57, dou1018@mail.ru,POINT (37.4904012 55.8639562)
915, Государственное бюджетное образовательное учреждение города Москвы детский сад комбинированного вида № 311, ГБОУ детский сад № 311,"311", Дошкольное образовательное учреждение, Детский сад комбинированного вида, Бюджетное, Северное окружное управление образования," 125040, г. Москва, ул. Верхняя, д. 10",(495) 613-77-25, detsad311@yandex.ru,POINT (37.5762594 55.7778109)
916, Государственное бюджетное образовательное учреждение города Москвы детский сад комбинированного вида № 2521, ГБОУ детский сад № 2521,"2 521", Дошкольное образовательное учреждение, Детский сад комбинированного вида, Бюджетное, Северное окружное управление образования," 125635, г. Москва, улица Весенняя, дом 8А",(499) 905-30-06, ds2521@mail.ru,POINT (37.5180756 55.8739003)
917, Государственное бюджетное образовательное учреждение города Москвы детский сад общеразвивающего вида № 3, ГБОУ детский сад № 3, 3, Дошкольное образовательное учреждение, Детский сад общеразвивающего вида с приоритетным осуществлением деятельности по одному из направлений развития детей, Бюджетное, Центральное окружное управление образования," 123104 г. Москва, Богословский пер., д.10, стр.1",(495) 697-70-00, gou-detsad3@yandex.ru; gouds1883@mail.ru,POINT (37.5993696 55.7631279)
918, Государственное бюджетное образовательное учреждение города Москвы детский сад № 1379, ГБОУ детский сад № 1379,"1 379", Дошкольное образовательное учреждение, Детский сад, Бюджетное, Юго-Западное окружное управление образования," 117588, Москва, Новоясеневский проспект, д.3, к.2","426-19-11", dou1379@ou.mosuzedu.ru; gou1379@mosuzedu.ru,POINT (37.52846419999999 55.6086494)
919, Государственное бюджетное образовательное учреждение города Москвы детский сад комбинированного вида № 2418, ГБОУ детский сад № 2418,"2 418", Дошкольное образовательное учреждение, Детский сад комбинированного вида, Бюджетное, Восточное окружное управление образования, 105173 Москва ул. 9-го Мая д.13,(499) 780-64-06, ds2418@yandex.ru,POINT (37.8679324 55.8178771)
920, Государственное бюджетное образовательное учреждение города Москвы детский сад компенсирующего вида № 1742, ГБОУ детский сад № 1742,"1 742", Дошкольное образовательное учреждение, Детский сад компенсирующего вида, Бюджетное, Южное окружное управление образования," 117648 г. Москва, Северное Чертаново, к.814",(495) 310-93-90, dou1742@sinergi.ru,POINT (37.5961887 55.6383327)
921, Государственное бюджетное образовательное учреждение города Москвы детский сад № 928, ГБОУ детский сад № 928,"928", Дошкольное образовательное учреждение, Детский сад, Бюджетное, Северо-Восточное окружное управление образования," 127410, город Москва, проезд Черского, д. 27А",(499) 481-61-47, detsad928@mail.ru,POINT (37.5739201 55.8778053)
922, Государственное бюджетное образовательное учреждение города Москвы детский сад комбинированного вида № 583, ГБОУ детский сад № 583,"583", Дошкольное образовательное учреждение, Детский сад комбинированного вида, Бюджетное, Северное окружное управление образования," 125475, г. Москва, Зеленоградская улица, дом 29 А",(495) 451-53-41, detsad583@rambler.ru,POINT (37.4911765 55.87327329999999)
923, Государственное бюджетное образовательное учреждение города Москвы детский сад комбинированного вида № 233, ГБОУ детский сад № 233,"233", Дошкольное образовательное учреждение, Детский сад комбинированного вида, Бюджетное, Юго-Западное окружное управление образования," 117393, г. Москва, улица Гарибальди, д. 28 А","0", dс233@yandex.ru,POINT (37.5488546 55.6689174)
924, Государственное бюджетное образовательное учреждение города Москвы детский сад № 2737, ГБОУ детский сад № 2737,"2 737", Дошкольное образовательное учреждение, Детский сад, Бюджетное, Юго-Восточное окружное управление образования," 109444, Москва, ул.Сормовская, д.5, корп.2",(495) 377-62-82, detsad 2737@mail.ru,POINT (37.814329 55.709461)
925, Государственное бюджетное образовательное учреждение города Москвы детский сад № 1586, ГБОУ детский сад № 1586,"1 586", Дошкольное образовательное учреждение, Детский сад, Бюджетное, Северо-Восточное окружное управление образования," 127273, город Москва, Отрадный проезд, дом 8 а, строение 1",(499) 202-07-62, gou_1586@mail.ru,POINT (37.6109284 55.855164)
926, Государственное бюджетное образовательное учреждение города Москвы детский сад комбинированного вида №172, ГБОУ детский сад № 172,"172", Дошкольное образовательное учреждение, Детский сад комбинированного вида, Бюджетное, Восточное окружное управление образования," 105523, г.Москва,ул.15-я Парковая, д.40А",(495) 468-81-43, gou172@mail.ru,POINT (37.8224728 55.80583009999999)
927, Государственное бюджетное образовательное учреждение города Москвы детский сад № 1074, ГБОУ детский сад № 1074,"1 074", Дошкольное образовательное учреждение, Детский сад, Бюджетное, Северо-Восточное окружное управление образования," 127576, город Москва, улица Угличская, дом 4, корпус 1",(499) 200-62-42, dou.1074@yandex.ru; 107408@rambler.ru; http://ds1074.mskobr.ru/,POINT (37.570191 55.893982)
928, Государственное бюджетное образовательное учреждение города Москвы детский сад комбинированного вида №606, ГБОУ детский сад № 606,"606", Дошкольное образовательное учреждение, Детский сад комбинированного вида, Бюджетное, Восточное окружное управление образования," 105523, Москва, ул. 16-я Парковая, д.41",(099) 464-95-96, Sad606@yandex.ru,POINT (37.8278679 55.8065082)
929, Государственное бюджетное образовательное учреждение города Москвы детский сад № 1118, ГБОУ детский сад № 1118,"1 118", Дошкольное образовательное учреждение, Детский сад, Бюджетное, Юго-Восточное окружное управление образования," 109559, г. Москва, Краснодарская, 61",(495) 358-07-29, sad1118@yandex.ru; http://dsuv1118.mskobr.ru/,POINT (37.7707641 55.6775674)
930, Государственное бюджетное образовательное учреждение города Москвы детский сад комбинированного вида № 1237, ГБОУ детский сад № 1237,"1 237", Дошкольное образовательное учреждение, Детский сад комбинированного вида, Бюджетное, Северо-Западное окружное управление образования," 125364, г. Москва, ул. Штурвальная, д. 6, к.1",(499) 497-70-00,  dou1237@szouo.ru,POINT (37.447952 55.84787499999999)
931, Государственное бюджетное образовательное учреждение города Москвы детский сад компенсирующего вида № 190, ГБОУ детский сад № 190,"190", Дошкольное образовательное учреждение, Детский сад компенсирующего вида, Бюджетное, Юго-Западное окружное управление образования," 117437, г.Москва, улица Профсоюзная, дом 110 Б",(495)335-99-48, detsad190@mail.ru,POINT (37.5191674 55.6406447)
932, Государственное бюджетное образовательное учреждение города Москвы детский сад компенсирующего вида № 844, ГБОУ детский сад № 844,"844", Дошкольное образовательное учреждение, Детский сад компенсирующего вида, Бюджетное, Западное окружное управление образования," 121433 г. Москва, ул. Большая Филевская, д. 61, корп. 3",(499) 144-44-95, ds1855@mail.ru,POINT (37.463899 55.73703099999999)
933, Государственное бюджетное образовательное учреждение города Москвы детский сад общеразвивающего вида №1307, ГБОУ детский сад № 1307,"1 307", Дошкольное образовательное учреждение, Детский сад общеразвивающего вида с приоритетным осуществлением деятельности по одному из направлений развития детей, Бюджетное, Восточное окружное управление образования," 111395,Москва,ул.Снайперская,д.5-а",(499) 373-36-96, iskorka-2009@mail.ru,POINT (37.8148244 55.7231131)
934, Государственное бюджетное образовательное учреждение города Москвы детский сад комбинированного вида №1205, ГБОУ детский сад №1205,"1 205", Дошкольное образовательное учреждение, Детский сад комбинированного вида, Бюджетное, Восточное окружное управление образования," 107113, г.Москва, ул. Сокольнический Вал, д. 24А",(499) 264-56-71, dou1205@mail.ru,POINT (37.6631245 55.7909494)
935," Государственное бюджетное образовательное учреждение города Москвы детский сад комбинированного вида № 2591 ""Сказка"""," ГБОУ детский сад № 2591 ""Сказка""","2 591", Дошкольное образовательное учреждение, Детский сад комбинированного вида, Бюджетное, Городское подчинение: Управление дошкольного и общего образования," 141335, Московская область, Сергиево-Посадский район, с. Шеметово, мкр. Новый, д.53",#Н/Д, skazka2591@mail.ru,POINT (38.0855501 56.52209999999999)
936, Государственное бюджетное образовательное учреждение города Москвы детский сад компенсирующего вида № 1231, ГБОУ детский сад № 1231,"1 231", Дошкольное образовательное учреждение, Детский сад компенсирующего вида, Бюджетное, Юго-Западное окружное управление образования," 119333, г. Москва, ул. Фотиевой, д.12","137-06-76", dou1231@mosuzedu.ru,POINT (37.5595905 55.69945269999999)
937, Государственное бюджетное образовательное учреждение города Москвы детский сад № 2292, ГБОУ детский сад № 2292,"2 292", Дошкольное образовательное учреждение, Детский сад, Бюджетное, Зеленоградское окружное управление образования," 124365, Москва, Зеленоград, корп.1631",(499) 738-33-11, d2292@zou.ru,POINT (37.1828689 55.9846714)
938, Государственное бюджетное образовательное учреждение города Москвы детский сад компенсирующего вида № 1162, ГБОУ детский сад № 1162,"1 162", Дошкольное образовательное учреждение, Детский сад компенсирующего вида, Бюджетное, Юго-Восточное окружное управление образования," 111033, г. Москва Волочаевская ул., д. 19/21",(495) 362-80-73, detskiysad_1162@mail.ru,POINT (37.6780027 55.7501285)
939," Государственное бюджетное образовательное учреждение города Москвы детский сад комбинированного вида № 1211 ""Березка"""," ГБОУ детский сад №1211 ""Березка""","1 211", Дошкольное образовательное учреждение, Детский сад комбинированного вида, Бюджетное, Троицкое и новомосковское окружное управление образования," 105318, Москва Город, Семеновская площадь, 4",#Н/Д, d-s-berezka@yandex.ru,POINT (37.7210321 55.7813321)
940, Государственное бюджетное образовательное учреждение города Москвы детский сад общеразвивающего вида № 2165, ГБОУ детский сад № 2165,"2 165", Дошкольное образовательное учреждение, Детский сад общеразвивающего вида с приоритетным осуществлением деятельности по одному из направлений развития детей, Бюджетное, Юго-Западное окружное управление образования," 117628, г.Москва, ул.Ратная, д.4А","711-16-09", dou2165@mosuzedu.ru,POINT (37.5888759 55.5734013)
941, Государственное бюджетное образовательное учреждение города Москвы центр развития ребенка - детский сад № 1754, ГБОУ ЦРР - детский сад № 1754,"1 754", Дошкольное образовательное учреждение, Центр развития ребенка – детский сад, Бюджетное, Южное окружное управление образования," 115409, г. Москва, ул. Кошкина д. 19, корп.2",(499) 323-00-17, dou1754@sinergi.ru,POINT (37.6755177 55.63902)
942, Государственное бюджетное образовательное учреждение города Москвы детский сад комбинированного вида № 2093, ГБОУ детский сад комбинированного вида № 2093,"2 093", Дошкольное образовательное учреждение, Детский сад комбинированного вида, Бюджетное, Западное окружное управление образования," 119634, г.Москва, ул. Скульптора Мухиной , д. 4, корп. 1",(495) 731-55-38, deti2093@yandex.ru; dou2093@mail.ru,POINT (37.34760989999999 55.6438207)
943, Государственное бюджетное образовательное учреждение города Москвы детский сад № 1268, ГБОУ детский сад № 1268,"1 268", Дошкольное образовательное учреждение, Детский сад присмотра и оздоровления, Бюджетное, Северное окружное управление образования," 127644, г. Москва, Карельский бульвар, дом 2а",(495) 484-17-68, jubieva@yandex.ru,POINT (37.5348582 55.8912796)
944, Государственное бюджетное образовательное учреждение города Москвы детский сад компенсирующего вида № 624, ГБОУ детский сад №624,"624", Дошкольное образовательное учреждение, Детский сад компенсирующего вида, Бюджетное, Северное окружное управление образования," 127422, г. Москва, улица Костякова, дом 4 А",(499) 976-42-24, marinar624@rambler.ru; detsad624@gmail.ru,POINT (37.5738714 55.81115579999999)
945," Государственное бюджетное образовательное учреждение города Москвы детский сад комбинированного вида № 406 ""Лукоморье"""," ГБОУ детский сад № 406 ""Лукоморье""","406", Дошкольное образовательное учреждение, Детский сад комбинированного вида, Бюджетное, Юго-Западное окружное управление образования," 119421, г. Москва, ул. Новаторов, д. 20, корп. 3",(499)727-0540, ds406@mail.ru,POINT (37.522564 55.66551399999999)
946, Государственное бюджетное образовательное учреждение города Москвы детский сад комбинированного вида № 886, ГБОУ детский сад № 886,"886", Дошкольное образовательное учреждение, Детский сад комбинированного вида, Бюджетное, Восточное окружное управление образования," 111402, г.Москва, ул. Вешняковская, д. 4Б",(495) 375-18-87, detsad886@yandex.ru,POINT (37.8183662 55.7358761)
947, Государственное бюджетное образовательное учреждение города Москвы детский сад общеразвивающего вида № 2398, ГБОУ детский сад № 2398,"2 398", Дошкольное образовательное учреждение, Детский сад общеразвивающего вида с приоритетным осуществлением деятельности по одному из направлений развития детей, Бюджетное, Юго-Восточное окружное управление образования," 109469, Москва, Перервинский б-р, дом 16, корп.2",(495) 347-65-77, ds2398@inbox.ru,POINT (37.768645 55.65537399999999)
948, Государственное бюджетное образовательное учреждение города Москвы детский сад № 1791, ГБОУ детский сад № 1791,"1 791", Дошкольное образовательное учреждение, Детский сад, Бюджетное, Юго-Восточное окружное управление образования," 109462, Москва, Волжский бульвар, квартал 114 А, корпус 5",(499) 178-20-71, ds1791@uvuo.ru,POINT (37.75432 55.6988524)
949, Государственное бюджетное образовательное учреждение города Москвы детский сад № 1464, ГБОУ детский сад № 1464,"1 464", Дошкольное образовательное учреждение, Детский сад общеразвивающего вида с приоритетным осуществлением деятельности по одному из направлений развития детей, Бюджетное, Северное окружное управление образования," 125171, г. Москва, Ленинградское шоссе, д. 13, корпус 2",(499) 150-18-93, gous1464@rambler.ru,POINT (37.497153 55.818684)
950, Государственное бюджетное образовательное учреждение города Москвы центр развития ребенка - детский сад № 758, ГБОУ ЦРР-детский сад № 758,"758", Дошкольное образовательное учреждение, Центр развития ребенка – детский сад, Бюджетное, Северо-Восточное окружное управление образования," 127282, город Москва, Заревый проезд, дом 8, корпус 2",(499) 472-91-64, dou758@yandex.ru,POINT (37.6585693 55.8855034)
951, Государственное бюджетное образовательное учреждение города Москвы детский сад комбинированного вида № 2421, ГБОУ детский сад № 2421,"2 421", Дошкольное образовательное учреждение, Детский сад комбинированного вида, Бюджетное, Юго-Западное окружное управление образования," 117041, г.Москва, ул. Бартеневская, дом 57, корп.3","714-06-90", dou2421@ou.mosuzedu.ru,POINT (37.518083 55.54447)
952, Государственное бюджетное образовательное учреждение города Москвы детский сад компенсирующего вида № 1715, ГБОУ детский сад № 1715,"1 715", Дошкольное образовательное учреждение, Детский сад компенсирующего вида, Бюджетное, Западное окружное управление образования," 121614, г.Москва, ул. Крылатские холмы, д. 28, корп. 3",(495) 415-77-85, ds1715@mail.ru,POINT (37.4156336 55.76575279999999)
953, Государственное бюджетное образовательное учреждение города Москвы детский сад № 692, ГБОУ детский сад № 692,"692", Дошкольное образовательное учреждение, Детский сад, Бюджетное, Юго-Восточное окружное управление образования," 109429, Москва, Капотня, 3-ий квартал, дом 23",(495) 355-73-47, sun692@yandex.ru,POINT (37.7999163 55.6351059)
954, Государственное бюджетное образовательное учреждение города Москвы детский сад общеразвивающего вида № 2543, ГБОУ детский сад № 2543,"2 543", Дошкольное образовательное учреждение, Детский сад общеразвивающего вида с приоритетным осуществлением деятельности по одному из направлений развития детей, Бюджетное, Юго-Восточное окружное управление образования," 109388, Москва, улица Гурьянова, дом 2, корпус 5",(499) 722-48-49, ds2543@mail.ru,POINT (37.7208684 55.6938381)
955, Государственное бюджетное образовательное учреждение города Москвы детский сад № 1436, ГБОУ детский сад № 1436,"1 436", Дошкольное образовательное учреждение, Детский сад, Бюджетное, Юго-Восточное окружное управление образования," 109386, Москва, ул. Ставропольская, д. 30 к. 2",(495) 359-25-01, ds1436@rambler.ru,POINT (37.7571745 55.67947720000001)
956, Государственное бюджетное образовательное учреждение города Москвы детский сад № 730, ГБОУ детский сад № 730,"730", Дошкольное образовательное учреждение, Детский сад, Бюджетное, Юго-Западное окружное управление образования," 117437, г. Москва, ул. Островитянова, д. 23А",(495)335-95-79, dou730@ou.mosuzedu.ru,POINT (37.5138476 55.63824409999999)
957, Государственное бюджетное образовательное учреждение города Москвы детский сад комбинированного вида № 2607, ГБОУ детский сад № 2607,"2 607", Дошкольное образовательное учреждение, Детский сад комбинированного вида, Бюджетное, Северо-Западное окружное управление образования," 123458, г. Москва, ул. Таллинская, д. 19, корп. 2 тел. (495) 758-66-81",(495) 758-66-81, dou2607@szouo.ru; irads2607@yandex.ru,POINT (37.4090177 55.7973468)
958, Государственное бюджетное образовательное учреждение города Москвы детский сад № 759, ГБОУ детский сад № 759,"759", Дошкольное образовательное учреждение, Детский сад, Бюджетное, Восточное окружное управление образования," 111402, г. Москва, Вешняковская улица дом 6А",(495) 375-25-94, SAD759@mail.ru,POINT (37.8252955 55.7357205)
959, Государственное бюджетное образовательное учреждение города Москвы детский сад № 539, ГБОУ детский сад № 539,"539", Дошкольное образовательное учреждение, Детский сад, Бюджетное, Западное окружное управление образования," 121309, г.Москва, ул. Физкультурный проезд, д. 8",(499) 148-72-72, detsad539@inbox.ru,POINT (37.5021926 55.7483025)
960, Государственное бюджетное образовательное учреждение города Москвы детский сад компенсирующего вида № 1714, ГБОУ детский сад № 1714,"1 714", Дошкольное образовательное учреждение, Детский сад компенсирующего вида, Бюджетное, Юго-Восточное окружное управление образования," 109462, г. Москва, Волжский бульвар, квартал 113-А, корп.6",(499) 176-98-71, ds1714@yandex.ru,POINT (37.7548457 55.6975229)
961, Государственное бюджетное образовательное учреждение города Москвы детский сад № 2083, ГБОУ детский сад № 2083,"2 083", Дошкольное образовательное учреждение, Детский сад, Бюджетное, Северное окружное управление образования," 125438, г. Москва, Кронштадский бульвар, 34 А",(495) 456-47-92, gou-ds-2083@mail.ru,POINT (37.5160071 55.8505499)
962, Государственное бюджетное образовательное учреждение города Москвы детский сад № 2644, ГБОУ детский сад № 2644,"2 644", Дошкольное образовательное учреждение, Детский сад, Бюджетное, Южное окружное управление образования," 115598 г. Москва, ул. Ягодная, дом 14",(495) 329-53-22, dou2644@sinergi.ru,POINT (37.6754571 55.57545229999999)
963, Государственное бюджетное образовательное учреждение города Москвы детский сад общеразвивающего вида № 756, ГБОУ детский сад № 756,"756", Дошкольное образовательное учреждение, Детский сад общеразвивающего вида с приоритетным осуществлением деятельности по одному из направлений развития детей, Бюджетное, Юго-Восточное окружное управление образования," 109472, г. Москва, улица Ташкентская дом 22 корпус 4",(495) 376-79-17, DC-756@yandex.ru,POINT (37.809875 55.702718)
964, Государственное бюджетное образовательное учреждение города Москвы детский сад № 646, ГБОУ детский сад № 646,"646", Дошкольное образовательное учреждение, Детский сад, Бюджетное, Юго-Западное окружное управление образования," 119313, г.Москва, Ленинский проспект, д. 91 А",(499)138-28-60, dou1511@ou.mosuzedu.ru,POINT (37.5299012 55.6753779)
965, Государственное бюджетное образовательное учреждение города Москвы детский сад общеразвивающего вида с приоритетным осуществлением деятельности по художественно-эстетическому развитию детей № 2056, ГБОУ детский сад № 2056,"2 056", Дошкольное образовательное учреждение, Детский сад общеразвивающего вида с приоритетным осуществлением деятельности по одному из направлений развития детей, Бюджетное, Юго-Западное окружное управление образования," 117628, г.Москва, ул. Ратная, д. 3 А",(495) 711-24-54, dou2056@ou.mosuzedu.ru; ds2056@mail.ru; na4alnik51@mail.ru,POINT (37.5733286 55.576864)
966, Государственное бюджетное образовательное учреждение города Москвы детский сад общеразвивающего вида № 1803, ГБОУ детский сад № 1803,"1 803", Дошкольное образовательное учреждение, Детский сад общеразвивающего вида с приоритетным осуществлением деятельности по одному из направлений развития детей, Бюджетное, Южное окружное управление образования," 115408 г. Москва, ул. Борисовские пруды, д.46,к.1",(495) 341-17-11, dou1803@sinergi.ru; www.dou1803.edusite.ru,POINT (37.7731973 55.6422488)
967, Государственное бюджетное образовательное учреждение города Москвы детский сад общеразвивающего вида № 1097, ГБОУ детский сад № 1097,"1 097", Дошкольное образовательное учреждение, Детский сад общеразвивающего вида с приоритетным осуществлением деятельности по одному из направлений развития детей, Бюджетное, Троицкое и новомосковское окружное управление образования," 142782, Москва Город, Московский Поселение, Института Полиомиелита Поселок",#Н/Д, mdouds31@bk.ru,POINT (37.333436 55.601281)
968, Государственное бюджетное образовательное учреждение города Москвы детский сад общеразвивающего вида № 1240, ГБОУ детский сад № 1240,"1 240", Дошкольное образовательное учреждение, Детский сад общеразвивающего вида с приоритетным осуществлением деятельности по одному из направлений развития детей, Бюджетное, Северо-Восточное окружное управление образования," 129327, город Москва, улица Коминтерна, дом 24",(499) 185-74-23, dousv1240@mail.ru,POINT (37.6839459 55.8654993)
969, Государственное бюджетное образовательное учреждение города Москвы детский сад комбинированного вида № 1746, ГБОУ детский сад № 1746,"1 746", Дошкольное образовательное учреждение, Детский сад комбинированного вида, Бюджетное, Юго-Восточное окружное управление образования," 109387, Москва, проспект 40 лет Октября, дом 4, корп.3",(495) 350-55-55, qou-1746@mail.ru,POINT (37.7419531 55.6822177)
970, Государственное бюджетное образовательное учреждение города Москвы центр развития ребенка - детский сад № 1818, ГБОУ ЦРР-детский сад № 1818,"1 818", Дошкольное образовательное учреждение, Центр развития ребенка – детский сад, Бюджетное, Северо-Восточное окружное управление образования," 129336, город Москва, Анадырский проезд, дом 75",(495) 474-06-44, gou1818@mail.ru,POINT (37.7112221 55.8832136)
971, Государственное бюджетное образовательное учреждение города Москвы детский сад общеразвивающего вида № 2339, ГБОУ детский сад № 2339,"2 339", Дошкольное образовательное учреждение, Детский сад общеразвивающего вида с приоритетным осуществлением деятельности по одному из направлений развития детей, Бюджетное, Юго-Западное окружное управление образования," 117042, г.Москва, улица Южнобутовская, дом 11",(495) 716-51-36, detsad2339@mail.ru,POINT (37.5417571 55.5427519)
972, Государственное бюджетное образовательное учреждение города Москвы детский сад № 1308, ГБОУ детский сад № 1308,"1 308", Дошкольное образовательное учреждение, Детский сад, Бюджетное, Юго-Восточное окружное управление образования," 111020, г. Москва Ухтомская ул., д. 4а",(495) 360-40-58, ds1308@mail.ru,POINT (37.7106441 55.7725721)
973, Государственное бюджетное образовательное учреждение города Москвы детский сад компенсирующего вида № 1143, ГБОУ детский сад № 1143,"1 143", Дошкольное образовательное учреждение, Детский сад компенсирующего вида, Бюджетное, Северо-Восточное окружное управление образования," 127562 г. Москва, Алтуфьевское ш., д. 12 А",(499) 201-05-55, gou1143@mail.ru,POINT (37.5868597 55.8547697)
974, Государственное бюджетное образовательное учреждение города Москвы детский сад комбинированного вида № 510, ГБОУ детский сад № 510,"510", Дошкольное образовательное учреждение, Детский сад комбинированного вида, Бюджетное, Южное окружное управление образования," 115114 г. Москва, 3-й Павелецкий проезд, д.7А",(499) 235-22-53, dou510@sinergi.ru,POINT (37.6410485 55.7100072)
975, Государственное бюджетное образовательное учреждение города Москвы детский сад комбинированного вида № 2064, ГБОУ детский сад № 2064,"2 064", Дошкольное образовательное учреждение, Детский сад комбинированного вида, Бюджетное, Юго-Западное окружное управление образования," 117574, г. Москва, Новоясеневский проспект, д. 22, корп. 2",(495)421-68-00, gou2064@mosuzedu.ru,POINT (37.5271069 55.605625)
976, Государственное бюджетное образовательное учреждение города Москвы детский сад № 1530, ГБОУ детский сад № 1530,"1 530", Дошкольное образовательное учреждение, Детский сад, Бюджетное, Северо-Восточное окружное управление образования," 127018, город Москва, улица Советской Армии, 7 б",(495) 684-43-84, detskiy1530@mail.ru,POINT (37.6151375 55.7874145)
977, Государственное бюджетное образовательное учреждение города Москвы детский сад № 1929, ГБОУ детский сад №1929,"1 929", Дошкольное образовательное учреждение, Детский сад, Бюджетное, Центральное окружное управление образования," 123290 Москва, Шелепихинское шоссе, д.13, корп.2 А",(499) 259-63-77, detsad1929@rambler.ru,POINT (37.521628 55.75814099999999)
978, Государственное бюджетное образовательное учреждение города Москвы детский сад комбинированного вида № 1879, ГБОУ детский сад № 1879,"1 879", Дошкольное образовательное учреждение, Детский сад комбинированного вида, Бюджетное, Восточное окружное управление образования," 111398, г.Москва, ул. Перовская 26 А",(495) 306-68-20, yamysheva@mail.ru; dskv1879@mail.ru,POINT (37.7726132 55.7457907)
979, Государственное бюджетное образовательное учреждение города Москвы детский сад № 405, ГБОУ детский сад № 405,"405", Дошкольное образовательное учреждение, Детский сад, Бюджетное, Северное окружное управление образования," 125445, г. Москва, Валдайский проезд, дом 3",(499) 457-73-21, goy405@mail.ru,POINT (37.465646 55.86651999999999)
980, Государственное бюджетное образовательное учреждение города Москвы детский сад № 1613, ГБОУ детский сад № 1613,"1 613", Дошкольное образовательное учреждение, Детский сад, Бюджетное, Юго-Восточное окружное управление образования," 109428,г. Москва, 2-ая Институтская улица, 9",(499) 171-26-86, ds1613@uvuo.ru,POINT (37.7797994 55.7210619)
981, Государственное бюджетное образовательное учреждение города Москвы детский сад компенсирующего вида № 1860, ГБОУ детский сад № 1860,"1 860", Дошкольное образовательное учреждение, Детский сад компенсирующего вида, Бюджетное, Восточное окружное управление образования," 107076, г. Москва, Олений вал ул., д. 22 Б",(495) 964-47-20, ds1860@yandex.ru,POINT (37.692008 55.798644)
982, Государственное бюджетное образовательное учреждение города Москвы детский сад № 2706, ГБОУ детский сад № 2706,"2 706", Дошкольное образовательное учреждение, Детский сад, Бюджетное, Зеленоградское окружное управление образования," 124365, Москва, Зеленоград, корп. 2015",(499) 210-03-70, d2706@zou.ru,POINT (37.182797 55.9838542)
983, Государственное бюджетное образовательное учреждение города Москвы детский сад № 783, ГБОУ детский сад № 783,"783", Дошкольное образовательное учреждение, Детский сад, Бюджетное, Северо-Восточное окружное управление образования," 129337 г.Москва, ул. Палехская, дом 16, корп. 1",(499) 188-41-98, dou783@yandex.ru,POINT (37.7038322 55.8707889)
984, Государственное бюджетное образовательное учреждение города Москвы детский сад комбинированного вида № 966, ГБОУ детский сад № 966,"966", Дошкольное образовательное учреждение, Детский сад комбинированного вида, Бюджетное, Северное окружное управление образования," 127550, г. Москва, Дмитровское шоссе, дом 37А",(499) 976-54-78, ds@soudo.ru; goydetsad-966@yandex.ru,POINT (37.5701288 55.8303317)
985, Государственное бюджетное образовательное учреждение города Москвы детский сад компенсирующего вида № 549, ГБОУ детский сад № 549,"549", Дошкольное образовательное учреждение, Детский сад компенсирующего вида, Бюджетное, Юго-Западное окружное управление образования," 117393, город Москва, улица Академика Пилюгина, дом 14Б","4959363033", gou549@mosuzedu.ru,POINT (37.532982 55.672541)
986, Государственное бюджетное образовательное учреждение города Москвы детский сад комбинированного вида № 2634, ГБОУ детский сад № 2634,"2 634", Дошкольное образовательное учреждение, Детский сад комбинированного вида, Бюджетное, Центральное окружное управление образования," 119049 г. Москва, 1-ый Добрынинский пер., д.9",(495) 959-89-55, cad2634@yandex.ru,POINT (37.6208475 55.7259629)
987, Государственное бюджетное образовательное учреждение города Москвы детский сад комбинированного вида № 445, ГБОУ детский сад № 445,"445", Дошкольное образовательное учреждение, Детский сад комбинированного вида, Бюджетное, Западное окружное управление образования," 121351, г.Москва, ул. Молодогвардейская, д. 34, корп. 2",(499) 141-41-05, dou445@mail.ru,POINT (37.41757399999999 55.735789)
988, Государственное бюджетное образовательное учреждение города Москвы детский сад компенсирующего вида № 1212, ГБОУ Детский сад № 1212,"1 212", Дошкольное образовательное учреждение, Детский сад компенсирующего вида, Бюджетное, Юго-Восточное окружное управление образования," 109651, Москва, ул. Донецкая, д.5",(499) 357-49-81, 1212detsad@mail.ru,POINT (37.721533 55.6509626)
989, Государственное бюджетное образовательное учреждение города Москвы детский сад общеразвивающего вида № 789, ГБОУ детский сад № 789,"789", Дошкольное образовательное учреждение, Детский сад общеразвивающего вида с приоритетным осуществлением деятельности по одному из направлений развития детей, Бюджетное, Южное окружное управление образования," 117570 г.Москва, ул.Красного Маяка, д.11",(495) 387-13-69, dou789@sinergi.ru; www.sad789.ru,POINT (37.5847154 55.61254280000001)
990, Государственное бюджетное образовательное учреждение города Москвы Центр развития ребенка-детский сад № 516, ГБОУ ЦРР детский сад № 516,"516", Дошкольное образовательное учреждение, Центр развития ребенка – детский сад, Бюджетное, Центральное окружное управление образования," 125047 г. Москва, 1-ая Миусская ул., д.18",(499) 251-95-54, GOU-516@yandex.ru,POINT (37.59572989999999 55.7802112)
991, Государственное бюджетное образовательное учреждение города Москвы детский сад общеразвивающего вида № 849, ГБОУ детский сад № 849,"849", Дошкольное образовательное учреждение, Детский сад общеразвивающего вида с приоритетным осуществлением деятельности по одному из направлений развития детей, Бюджетное, Южное окружное управление образования," 115407 г. Москва, ул.Затонная, д.8, к.3",(499) 614-65-38, dou1877@sinergi.ru,POINT (37.6836646 55.6783259)
992, Государственное бюджетное образовательное учреждение города Москвы детский сад № 888, ГБОУ детский сад № 888,"888", Дошкольное образовательное учреждение, Детский сад, Бюджетное, Восточное окружное управление образования," 107061, г. Москва, ул.Большая Черкизовская, д.8",(499) 161-70-78, detsad888@mail.ru,POINT (37.7220695 55.79669759999999)
993, Государственное бюджетное образовательное учреждение города Москвы Центр развития ребенка - детский сад № 208, ГОУ Центр развития ребенка № 208,"208", Дошкольное образовательное учреждение, Центр развития ребенка – детский сад, Бюджетное, Южное окружное управление образования," 115191 г.Москва,Рощинский 4-й пр,д.5",(495) 633-19-26, dou208@sinergi.ru,POINT (37.6150527 55.7568721)
994, Государственное бюджетное образовательное учреждение города Москвы детский сад № 911, ГБОУ детский сад № 911,"911", Дошкольное образовательное учреждение, Детский сад, Бюджетное, Восточное окружное управление образования," 107553, г.Москва ул.Б.Черкизовская, д.24. Б",(499) 162-91-01, cherkiz911@mail.ru,POINT (37.736719 55.7985323)
995, Государственное бюджетное образовательное учреждение города Москвы детский сад комбинированного вида № 12, ГБОУ детский сад №12, 12, Дошкольное образовательное учреждение, Детский сад комбинированного вида, Бюджетное, Юго-Западное окружное управление образования," 117623, г. Москва, улица 1-ая Мелитопольская, дом 34","495712-52-36", detskiisad12@mail.ru,POINT (37.5770227 55.5383527)
1220, Государственное бюджетное образовательное учреждение города Москвы детский сад № 354, ГБОУ детский сад № 354,"354", Дошкольное образовательное учреждение, Детский сад, Бюджетное, Восточное окружное управление образования," 111123, г. Москва, ул.1-я Владимирская, д. 14А","306-40-25", douds354@yandex.ru,POINT (37.7739212 55.7565032)
996, Государственное бюджетное образовательное учреждение города Москвы детский сад общеразвивающего вида № 881, ГБОУ детский сад № 881,"881", Дошкольное образовательное учреждение, Детский сад общеразвивающего вида с приоритетным осуществлением деятельности по одному из направлений развития детей, Бюджетное, Восточное окружное управление образования," 111524, г. Москва, ул. Плющева, дом 11",(495) 368-90-16, detsad1903.popova@yandex.ru,POINT (37.7619943 55.7431199)
997, Государственное бюджетное образовательное учреждение города Москвы детский сад комбинированного вида № 1299, ГБОУ детский сад № 1299,"1 299", Дошкольное образовательное учреждение, Детский сад комбинированного вида, Бюджетное, Восточное окружное управление образования," 107564, город Москва, ул. Краснобогатырская, д.25 А",(495) 964-04-52, det.sad1299@mail.ru; det.sad1299@yandex.ru; ruk1299@mail.ru,POINT (37.7046977 55.81166)
998, Государственное бюджетное образовательное учреждение города Москвы детский сад № 1734, ГБОУ детский сад № 1734,"1 734", Дошкольное образовательное учреждение, Детский сад, Бюджетное, Юго-Восточное окружное управление образования," 109472, Москва, улица Ташкентская д. 27, корпус 4",(495) 376-73-56, detsad1734@yandex.ru,POINT (37.8107139 55.6985835)
999, Государственное бюджетное образовательное учреждение города Москвы детский сад общеразвивающего вида с приоритетным осуществлением деятельности по физическому развитию детей № 1574, ГОУ детский сад общеразвивающего вида № 1574,"1 574", Дошкольное образовательное учреждение, Детский сад общеразвивающего вида с приоритетным осуществлением деятельности по одному из направлений развития детей, Бюджетное, Южное окружное управление образования," 115551 г.Москва, Ореховый б-р, д.7, к.3",(495) 392-85-00, dou1574@sinergi.ru,POINT (37.706654 55.61090799999999)
1000, Государственное бюджетное образовательное учреждение города Москвы детский сад № 209, ГБОУ детский сад № 209,"209", Дошкольное образовательное учреждение, Детский сад, Бюджетное, Северо-Западное окружное управление образования," 123154, г. Москва, ул. Генерала Глаголева, д. 22, к.2",(499) 192-48-89,  dou209@szouo.ru,POINT (37.465587 55.78311100000001)
1001, Государственное бюджетное образовательное учреждение города Москвы детский сад № 1264, ГБОУ детский сад № 1264,"1 264", Дошкольное образовательное учреждение, Детский сад, Бюджетное, Юго-Восточное окружное управление образования," 115432, г.Москва, ул. Трофимова,д.11",(495) 679-06-67, d_c1264@mail.ru; d_c1264_1@mail.ru; d-c1264@yandex.ru,POINT (37.6689089 55.7033346)
1002, Государственное бюджетное образовательное учреждение города Москвы детский сад № 2642, ГБОУ детский сад № 2642,"2 642", Дошкольное образовательное учреждение, Детский сад, Бюджетное, Северное окружное управление образования," 125299, г. Москва, ул. Клары Цеткин, д. 15Б",(495) 601-46-94, detsad2642@mail.ru,POINT (37.5169885 55.8205021)
1003, Государственное бюджетное образовательное учреждение города Москвы детский сад комбинированного вида №2198, ГБОУ детский сад № 2198,"2 198", Дошкольное образовательное учреждение, Детский сад комбинированного вида, Бюджетное, Восточное окружное управление образования," 107113, г. Москва, Поперечный просек д. 1А",(499) 269-89-82, gou.ds2198@gmail.com,POINT (37.6560889 55.7949863)
1004, Государственное бюджетное образовательное учреждение города Москвы детский сад комбинированного вида № 813, ГБОУ детский сад № 813,"813", Дошкольное образовательное учреждение, Детский сад комбинированного вида, Бюджетное, Восточное окружное управление образования," 111402, г. Москва, ул. Кетчерская, д.6А",(495) 375-77-30, detskij-sad-813@mail.ru,POINT (37.8237126 55.7426839)
1005, Государственное бюджетное образовательное учреждение города Москвы детский сад комбинированного вида № 283, ГБОУ детский сад № 283,"283", Дошкольное образовательное учреждение, Детский сад комбинированного вида, Бюджетное, Восточное окружное управление образования," 105484,г. Москва, 13-я Парковая ул.,д.30",(495) 468-54-28, dc283@yandex.ru,POINT (37.814724 55.806057)
1006, Государственное бюджетное образовательное учреждение города Москвы детский сад комбинированного вида № 253, ГБОУ детский сад №253,"253", Дошкольное образовательное учреждение, Детский сад комбинированного вида, Бюджетное, Северное окружное управление образования," 127486, г. Москва, улица Дегунинская, дом 24",(499) 905-82-77, tolmazova802@yandex.ru,POINT (37.5322975 55.8681862)
1007, Государственное бюджетное образовательное учреждение города Москвы детский сад № 2140, ГБОУ детский сад № 2140,"2 140", Дошкольное образовательное учреждение, Детский сад, Бюджетное, Северо-Восточное окружное управление образования," 129164, город Москва, улица Маломосковская, дом 7, корпус 1",(495) 683-11-72, dsad2140@yandex.ru,POINT (37.6443193 55.8139097)
1008, Государственное бюджетное образовательное учреждение города Москвы детский сад № 6, ГБОУ детский сад № 6, 6, Дошкольное образовательное учреждение, Детский сад, Бюджетное, Центральное окружное управление образования," 105066 Москва, улица Новорязанская, д.32",(499) 261-65-02, tatmi1953@mail.ru; detdom_29@mail.ru,POINT (37.6684986 55.7714484)
1009, Государственное бюджетное образовательное учреждение города Москвы детский сад № 73, ГБОУ детский сад № 73, 73, Дошкольное образовательное учреждение, Детский сад, Бюджетное, Восточное окружное управление образования," 111401, г.Москва, 3-я Владимирская ул. д. 14",(495) 306-63-54, douds73@rambler.ru,POINT (37.7856952 55.7597094)
1010, Государственное бюджетное образовательное учреждение города Москвы детский сад комбинированного вида № 2387, ГБОУ детский сад № 2387,"2 387", Дошкольное образовательное учреждение, Детский сад комбинированного вида, Бюджетное, Северное окружное управление образования," 127015, город Москва, улица Нижняя Масловка, дом 5, корпус 4",(499) 257-78-35, detsk.2387@yandex.ru; detsad1048@yandex.ru,POINT (37.5837077 55.7908273)
1011, Государственное бюджетное образовательное учреждение города Москвы детский сад комбинированного вида № 1551, ГБОУ детский сад № 1551,"1 551", Дошкольное образовательное учреждение, Детский сад комбинированного вида, Бюджетное, Восточное окружное управление образования," 111396, г.Москва, улица Союзный проспект, д.7",(495) 302-55-98, ds1551@rambler.ru,POINT (37.8075194 55.7510252)
1012, Государственное бюджетное образовательное учреждение города Москвы детский сад компенсирующего вида №1764, ГБОУ детский сад №1764,"1 764", Дошкольное образовательное учреждение, Детский сад компенсирующего вида, Бюджетное, Восточное окружное управление образования," 107065, город Москва, Уссурийская ул., дом 9 А",(495) 469-52-80, gou1764@mail.ru; gbou1764@mail.ru,POINT (37.819151 55.825055)
1013, Государственное бюджетное образовательное учреждение города Москвы детский сад № 485, ГБОУ детский сад № 485,"485", Дошкольное образовательное учреждение, Детский сад, Бюджетное, Восточное окружное управление образования," 107061, г.Москва, ул.Большая Черкизовская, д.5,корп.7",(495) 963-80-18, solnishko485@mail.ru,POINT (37.720343 55.799283)
1014, Государственное бюджетное образовательное учреждение города Москвы детский сад № 165, ГБОУ детский сад № 165,"165", Дошкольное образовательное учреждение, Детский сад, Бюджетное, Юго-Восточное окружное управление образования," 109443, Москва, ул. Юных Ленинцев, д. 75, кор. 2",(499) 175-95-10, sadik165@mail.ru,POINT (37.7699131 55.7007561)
1015, Государственное бюджетное образовательное учреждение города Москвы центр развития ребенка - детский сад № 1271, ГБОУ ЦРР - детский сад № 1271,"1 271", Дошкольное образовательное учреждение, Центр развития ребенка – детский сад, Бюджетное, Южное окружное управление образования," 115573 г. Москва, ул. Мусы Джалиля, д.14, к.3",(495) 395-26-18, dou1271@sinergi.ru,POINT (37.7380661 55.6245999)
1016, Государственное бюджетное образовательное учреждение города Москвы детский сад № 786, ГБОУ детский сад № 786,"786", Дошкольное образовательное учреждение, Детский сад, Бюджетное, Западное окружное управление образования," 121165, г.Москва, Кутузовский проспект, д. 30",(499) 249-37-56, ds786@mail.ru,POINT (37.5364363 55.741149)
1017, Государственное бюджетное образовательное учреждение города Москвы детский сад общеразвивающего вида № 103, ГБОУ детский сад № 103,"103", Дошкольное образовательное учреждение, Детский сад общеразвивающего вида с приоритетным осуществлением деятельности по одному из направлений развития детей, Бюджетное, Юго-Восточное окружное управление образования," 109439, г. Москва ул. Юных Ленинцев д.103 кор.2",(499) 175-52-75, doy103@mail.ru,POINT (37.7817936 55.6993091)
1018, Государственное бюджетное образовательное учреждение города Москвы Центр развития ребенка - детский сад № 953, ГОУ ЦРР - детский сад № 953,"953", Дошкольное образовательное учреждение, Центр развития ребенка – детский сад, Бюджетное, Южное окружное управление образования," 115563 г. Москва, Борисовский пр, д.46 к.2",(495) 394-23-00, dou953@sinergi.ru; dou953@sinergi.ru,POINT (37.727629 55.61441199999999)
1019, Государственное бюджетное образовательное учреждение города Москвы детский сад комбинированного вида № 936, ГБОУ детский сад № 936,"936", Дошкольное образовательное учреждение, Детский сад комбинированного вида, Бюджетное, Центральное окружное управление образования," 119034 г. Москва, Пречистенский пер., д. 3,",(495) 637-76-15, dskv936@mail.ru,POINT (37.5946483 55.7431917)
1020, Государственное бюджетное образовательное учреждение города Москвы детский сад № 1664, ГБОУ детский сад № 1664,"1 664", Дошкольное образовательное учреждение, Детский сад, Бюджетное, Юго-Восточное окружное управление образования," 109559, г. Москва, улица Ставропольская, дом 72",(495) 358-07-73, ds_1664@mail.ru; ds1664@uvuo.ru; natal-krotkova@yandex.ru; PakhomovaLV@yandex.ru; nyura.ibraeva@yandex.ru,POINT (37.7748718 55.6803051)
1021, Государственное бюджетное образовательное учреждение города Москвы детский сад общеразвивающего вида № 426, ГБОУ детский сад № 426,"426", Дошкольное образовательное учреждение, Детский сад общеразвивающего вида с приоритетным осуществлением деятельности по одному из направлений развития детей, Бюджетное, Северное окружное управление образования," 125239, г. Москва, улица Михалковская, дом 11А",(499) 154-65-41, detsad426@yandex.ru,POINT (37.5290414 55.8377805)
1022, Государственное бюджетное образовательное учреждение города Москвы детский сад комбинированного вида №1033, ГБОУ детский сад № 1033,"1 033", Дошкольное образовательное учреждение, Детский сад комбинированного вида, Бюджетное, Северо-Восточное окружное управление образования," 127543, г.Москва, ул. Корнейчука, д. 32А",(499) 206-65-47, svetlana_chzhan@mail.ru; detsad1033@mail.ru,POINT (37.6213407 55.89860479999999)
1023, Государственное бюджетное образовательное учреждение города Москвы детский сад компенсирующего вида № 4, ГБОУ детский сад № 4, 4, Дошкольное образовательное учреждение, Детский сад компенсирующего вида, Бюджетное, Юго-Западное окружное управление образования," 119333, г.Москва, Университетский проспект, дом 6, корп. 4",(499) 137-35-22, dou4@ou.mosuzedu.ru; kdou4uz@mail.ru,POINT (37.5546158 55.69975540000001)
1024, Государственное бюджетное образовательное учреждение города Москвы детский сад общеразвивающего вида № 702, ГБОУ детский сад № 702,"702", Дошкольное образовательное учреждение, Детский сад общеразвивающего вида с приоритетным осуществлением деятельности по одному из направлений развития детей, Бюджетное, Северо-Восточное окружное управление образования," 129226, г.Москва, улица Сельскохозяйственная, дом 13, корп. 3",(499) 181-20-61, ds702@yandex.ru,POINT (37.6392206 55.8358763)
1025, Государственное бюджетное образовательное учреждение города Москвы детский сад компенсирующего вида № 605, ГБОУ детский сад № 605,"605", Дошкольное образовательное учреждение, Детский сад компенсирующего вида, Бюджетное, Юго-Восточное окружное управление образования," 111020, г. Москва, ул. Сторожевая, д. 38А",(495) 360-31-17, ds605@mail.ru,POINT (37.7156115 55.7633697)
1026, Государственное бюджетное образовательное учреждение города Москвы детский сад комбинированного вида № 832, ГБОУ детский сад № 832,"832", Дошкольное образовательное учреждение, Детский сад комбинированного вида, Бюджетное, Северо-Восточное окружное управление образования," 127322, г.Москва, ул. Милашенкова, д.10Б",(495) 639-11-00, DOU832@yandex.ru,POINT (37.5836293 55.8269163)
1027, Государственное бюджетное образовательное учреждение города Москвы детский сад № 1874, ГБОУ детский сад № 1874,"1 874", Дошкольное образовательное учреждение, Детский сад, Бюджетное, Центральное окружное управление образования," 109172, г. Москва, Крестьянская площадь, дом 10/2",(495) 912-12-69, detsad1874@yandex.ru,POINT (37.655309 55.73298)
1028, Государственное бюджетное образовательное учреждение города Москвы детский сад комбинированного вида № 1453, ГБОУ детский сад № 1453,"1 453", Дошкольное образовательное учреждение, Детский сад комбинированного вида, Бюджетное, Северное окружное управление образования," 125599, г. Москва, ул. Бусиновская горка, д. 9",(495) 486-57-67, detsad1453@yandex.ru,POINT (37.4934187 55.8834218)
1029, Государственное бюджетное образовательное учреждение города Москвы детский сад № 2685, ГБОУ детский сад № 2685,"2 685", Дошкольное образовательное учреждение, Детский сад, Бюджетное, Юго-Западное окружное управление образования," 117148, город Москва, улица Маршала Савицкого, дом 26, корпус 3",(499) 232-49-27, dou2685@mosuzedu.ru,POINT (37.59559 55.5033008)
1030, Государственное бюджетное образовательное учреждение города Москвы центр развития ребенка - детский сад № 474, ГБОУ ЦРР-детский сад № 474,"474", Дошкольное образовательное учреждение, Центр развития ребенка – детский сад, Бюджетное, Северо-Восточное окружное управление образования," 127081, город Москва, улица Молодцова, 19, строение 1",(499) 477-04-22, detsad474@yandex.ru,POINT (37.631642 55.878091)
1031, Государственное бюджетное образовательное учреждение города Москвы детский сад № 2637, ГБОУ детский сад № 2637,"2 637", Дошкольное образовательное учреждение, Детский сад, Бюджетное, Западное окружное управление образования," 121615, г.Москва, Рублевское шоссе, д. 18, корп. 2",(495) 415-70-44, gou2637@mail.ru,POINT (37.432746 55.741591)
1032, Государственное бюджетное образовательное учреждение города Москвы детский сад № 2485, ГБОУ детский сад № 2485,"2 485", Дошкольное образовательное учреждение, Детский сад, Бюджетное, Юго-Западное окружное управление образования," 117042, г. Москва, улица Адмирала Лазарева, дом 13",(499) 743-15-54, dou2485@ou.mosuzedu.ru; dsuz2485.mskobr.ru; sadik2485@mail.ru,POINT (37.53760949999999 55.5452319)
1033, Государственное бюджетное образовательное учреждение города Москвы детский сад № 2590, ГБОУ детский сад № 2590,"2 590", Дошкольное образовательное учреждение, Детский сад, Бюджетное, Юго-Западное окружное управление образования," 117042, г. Москва, улица Академика Понтрягина, дом 11, корпус 2",(495)715-13-60, dc2590@mail.ru,POINT (37.5021793 55.53431699999999)
1034, Государственное бюджетное образовательное учреждение города Москвы детский сад комбинированного вида № 1368, ГБОУ детский сад № 1368,"1 368", Дошкольное образовательное учреждение, Детский сад комбинированного вида, Бюджетное, Южное окружное управление образования," 115142 г.Москва, ул.Коломенская, д.27, к.2",(499) 615-24-94, dou1368@sinergi.ru,POINT (37.690002 55.6755138)
1035, Государственное бюджетное образовательное учреждение города Москвы детский сад № 1255, ГБОУ детский сад № 1255,"1 255", Дошкольное образовательное учреждение, Детский сад, Бюджетное, Северо-Восточное окружное управление образования," 127642, город Москва, улица Сухонская, дом 3 А",(499) 478-26-34, goy_detsad1255@mail.ru,POINT (37.6496984 55.87527799999999)
1036, Государственное бюджетное образовательное учреждение города Москвы детский сад комбинированного вида № 1287, ГБОУ детский сад № 1287,"1 287", Дошкольное образовательное учреждение, Детский сад комбинированного вида, Бюджетное, Восточное окружное управление образования," 111395, г. Москва,ул.Красный Казанец, д,19 А, строение 1",(499) 373-98-06, rabota1287@mail.ru,POINT (37.803189 55.72290899999999)
1037, Государственное бюджетное образовательное учреждение города Москвы детский сад № 1275, ГБОУ детский сад № 1275,"1 275", Дошкольное образовательное учреждение, Детский сад, Бюджетное, Юго-Восточное окружное управление образования," 109390, г. Москва, ул. Артюхиной, д. 4, корп.2",(499) 178-61-50, ds1275@mail.ru,POINT (37.736425 55.7032775)
1038, Государственное бюджетное образовательное учреждение города Москвы детский сад компенсирующего вида № 778, ГБОУ детский сад № 778,"778", Дошкольное образовательное учреждение, Детский сад компенсирующего вида, Бюджетное, Восточное окружное управление образования," 107392, г. Москва, улица Халтуринская, д.6",(499) 162-11-32, ds778@mail.ru,POINT (37.7293915 55.800265)
1039," Государственное бюджетное образовательное учреждение города Москвы детский сад общеразвивающего вида № 794 ""Родничок"""," ГБОУ детский сад № 794 ""Родничок""","794", Дошкольное образовательное учреждение, Детский сад общеразвивающего вида с приоритетным осуществлением деятельности по одному из направлений развития детей, Бюджетное, Восточное окружное управление образования," 105568, город Москва,улица Чечулина,дом 20",(499) 308-29-54, ds794@yandex.ru,POINT (37.8298646 55.7799962)
1040, Государственное бюджетное образовательное учреждение города Москвы детский сад №1527, ГБОУ детский сад №1527,"1 527", Дошкольное образовательное учреждение, Детский сад, Бюджетное, Восточное окружное управление образования," 111539, город Москва,улица Реутовская, дом 2Б",(495) 375-85-18, ds1527@rambler.ru; ds1527@rambler.ru; ds1527@rambler.ru; ds1527@rambler.ru,POINT (37.8326721 55.74017809999999)
1052," Муниципальное автономное дошкольное образовательное учреждение Центр развития ребенка Детский сад №2 ""Рябинка"""," МАДОУ Детский сад №2 ""Рябинка""", 2, Дошкольное образовательное учреждение, Центр развития ребенка – детский сад, Автономное, Троицкое и новомосковское окружное управление образования," 142190, Москва Город, Троицк Город, Сиреневый Бульвар, 4",#Н/Д, —,POINT (37.2979522 55.47044709999999)
1041, Государственное бюджетное образовательное учреждение города Москвы детский сад общеразвивающего вида № 1725, ГБОУ детский сад № 1725,"1 725", Дошкольное образовательное учреждение, Детский сад общеразвивающего вида с приоритетным осуществлением деятельности по одному из направлений развития детей, Бюджетное, Западное окружное управление образования," 119620, г. Москва, ул. Авиаторов, д. 18, корп. 2",(495) 934-71-80, detsad1725@rambler.ru,POINT (37.402951 55.644848)
1042, Государственное бюджетное образовательное учреждение города Москвы детский сад № 2527, ГБОУ детский сад № 2527,"2 527", Дошкольное образовательное учреждение, Детский сад, Бюджетное, Северное окружное управление образования," 125252, город Москва, Ходынский бульвар, дом 17, строение 2",(499) 740-53-17, ds2527@mail.ru,POINT (37.521683 55.788366)
1043, Государственное бюджетное образовательное учреждение города Москвы центр развития ребенка - детский сад № 402, ГБОУ ЦРР-детский сад № 402,"402", Дошкольное образовательное учреждение, Центр развития ребенка – детский сад, Бюджетное, Северо-Восточное окружное управление образования," 127273, город Москва, улица Декабристов, дом 36а",(499) 904-08-01, detsad1127@yandex.ru,POINT (37.6157597 55.8584389)
1044, Государственное бюджетное образовательное учреждение города Москвы детский сад № 2436, ГБОУ детский сад № 2436,"2 436", Дошкольное образовательное учреждение, Детский сад общеразвивающего вида с приоритетным осуществлением деятельности по одному из направлений развития детей, Бюджетное, Юго-Восточное окружное управление образования," 109559, г. Москва, ул. Верхние поля, д. 33, кор. 2",(495) 359-67-01, qou2436@mail.ru,POINT (37.7550871 55.66911169999999)
1045, Государственное бюджетное образовательное учреждение города Москвы детский сад № 299, ГБОУ детский сад № 299,"299", Дошкольное образовательное учреждение, Детский сад, Бюджетное, Юго-Восточное окружное управление образования," 109117, г. Москва Волгоградский пр-т д. 107, к. 5",(499) 177-40-88, sadik262@yandex.ru; gou299@yandex.ru,POINT (37.7587054 55.7089491)
1046, Государственное бюджетное образовательное учреждение города Москвы детский сад № 1904, ГБОУ детский сад № 1904,"1 904", Дошкольное образовательное учреждение, Детский сад, Бюджетное, Восточное окружное управление образования," 111621, город Москва, улица Оренбургская, дом 10",(495) 700-00-60, dou1904@mail.ru; natalya-ds1904@mail.ru,POINT (37.8595319 55.7129668)
1047, Государственное бюджетное образовательное учреждение города Москвы детский сад № 958, ГБОУ детский сад № 958,"958", Дошкольное образовательное учреждение, Детский сад, Бюджетное, Юго-Западное окружное управление образования," 117513, г. Москва, Ленинский проспект, дом 131, корпус 3","8 (495) 438-21-88", ds958@mosuzedu.ru,POINT (37.47985 55.643432)
1048, Государственное бюджетное образовательное учреждение города Москвы детский сад комбинированного вида №1989, ГБОУ детский сад № 1989,"1 989", Дошкольное образовательное учреждение, Детский сад комбинированного вида, Бюджетное, Северо-Восточное окружное управление образования," 127282 город Москва, улица Тихомирова, дом 13 корпус 2",(499) 478-11-09, dousv1989@yandex.ru,POINT (37.6498795 55.8859241)
1049, Государственное бюджетное образовательное учреждение города Москвы детский сад комбинированного вида № 2612, ГБОУ детский сад № 2612,"2 612", Дошкольное образовательное учреждение, Детский сад комбинированного вида, Бюджетное, Юго-Восточное окружное управление образования," 109125, г. Москва, Васильцовский переулок, дом 4",(499) 742-82-31, detsad2612@yandex.ru,POINT (37.7493681 55.7153418)
1050, Государственное бюджетное образовательное учреждение города Москвы центр развития ребенка - детский сад № 2511, ГБОУ ЦРР - детский сад № 2511,"2 511", Дошкольное образовательное учреждение, Центр развития ребенка – детский сад, Бюджетное, Центральное окружное управление образования," 123022 г.Москва, ул.Большая Декабрьская, д.10",(495) 609-32-82, crrds2511@mail.ru,POINT (37.5557724 55.767877)
1051, Государственное бюджетное образовательное учреждение города Москвы детский сад № 2391, ГБОУ детский сад № 2391,"2 391", Дошкольное образовательное учреждение, Детский сад, Бюджетное, Юго-Западное окружное управление образования," 117624, г.Москва, Скобелевская улица, дом 1, корпус 4","8-495-717-12-09", dou2391@mosuzedu.ru,POINT (37.5579086 55.5512254)
1053, Государственное бюджетное образовательное учреждение города Москвы детский сад № 2223, ГБОУ детский сад № 2223,"2 223", Дошкольное образовательное учреждение, Детский сад, Бюджетное, Юго-Восточное окружное управление образования," 109145, г.Москва ул. Пронская, д.4, корп. 2",(495) 705-54-29, irina.2223@yandex.ru,POINT (37.84351 55.701794)
1054, Государственное бюджетное образовательное учреждение города Москвы детский сад № 895, ГБОУ детский сад № 895,"895", Дошкольное образовательное учреждение, Детский сад, Бюджетное, Южное окружное управление образования," 115551 г. Москва, ул. Домодедовская, д.22, корп.4",(495) 391-29-11, dou895@sinergi.ru,POINT (37.70597739999999 55.6126069)
1055, Государственное бюджетное образовательное учреждение города Москвы детский сад № 2738, ГБОУ детский сад № 2738,"2 738", Дошкольное образовательное учреждение, Детский сад, Бюджетное, Юго-Восточное окружное управление образования," 111020, г. Москва, ул. 2-ая Синичкина, дом 7",(495) 360-97-52, det-sad2738@mail.ru,POINT (37.7117449 55.763113)
1056, Государственное бюджетное образовательное учреждение города Москвы детский сад № 853, ГБОУ детский сад № 853,"853", Дошкольное образовательное учреждение, Детский сад, Бюджетное, Южное окружное управление образования," 117208, г. Москва, Сумской пр-д, д.2а",(499) 232-61-81, dou853@sinergi.ru,POINT (37.61352 55.6337132)
1057, Государственное бюджетное образовательное учреждение города Москвы детский сад комбинированного вида № 2494, ГБОУ детский сад № 2494,"2 494", Дошкольное образовательное учреждение, Детский сад комбинированного вида, Бюджетное, Юго-Восточное окружное управление образования," 109469, Москва, Перервинский бульвар д.21, корп. 2",(495) 658-90-10, qou2494@mail.ru,POINT (37.7746545 55.6580142)
1058, Государственное бюджетное образовательное учреждение города Москвы детский сад комбинированного вида № 589, ГБОУ детский сад № 589,"589", Дошкольное образовательное учреждение, Детский сад комбинированного вида, Бюджетное, Восточное окружное управление образования," 105264, Москва, 5-я Парковая ул , д. 39",(499) 164-95-93, parkovay1435@mail.ru,POINT (37.7868609 55.8012964)
1059, Государственное бюджетное образовательное учреждение города Москвы детский сад компенсирующего вида № 2162, ГБОУ детский сад № 2162,"2 162", Дошкольное образовательное учреждение, Детский сад компенсирующего вида, Бюджетное, Юго-Восточное окружное управление образования," 109144, город Москва, улица Люблинская, дом 120",(495) 349-12-60, gou2162@yandex.ru; srp-kp2162@mail.ru; gou2162uvao@ya.ru,POINT (37.7403151 55.6457758)
1060, Государственное бюджетное образовательное учреждение города Москвы детский сад № 705, ГБОУ детский сад № 705,"705", Дошкольное образовательное учреждение, Детский сад, Бюджетное, Южное окружное управление образования," 117208, г. Москва, ул.Сумская, д.8А",(495) 312-92-90, dou705@sinergi.ru,POINT (37.6016785 55.6257045)
1061, Государственное бюджетное образовательное учреждение города Москвы детский сад № 2306, ГБОУ детский сад № 2306,"2 306", Дошкольное образовательное учреждение, Детский сад, Бюджетное, Юго-Западное окружное управление образования," 117624, г. Москва, ул. Скобелевская, дом 16","495-716-95-36", http://dsuz2306.mskobr.ru; sad2306@yandex.ru,POINT (37.5529754 55.5462529)
1062, Государственное бюджетное образовательное учреждение города Москвы детский сад № 2544, ГБОУ детский сад № 2544,"2 544", Дошкольное образовательное учреждение, Детский сад, Бюджетное, Юго-Восточное окружное управление образования," 109443, г. Москва, Волгоградский проспект, д. 104, к. 2",(499) 746-96-40, sadik2544@mail.ru,POINT (37.77403 55.702801)
1063, Государственное бюджетное образовательное учреждение города Москвы детский сад № 686, ГБОУ детский сад № 686,"686", Дошкольное образовательное учреждение, Детский сад, Бюджетное, Южное окружное управление образования," 117208 г. Москва, Чертановская ул. 8-А",(495) 311-35-03, dou686@sinergi.ru,POINT (37.5971088 55.6313621)
1064, Государственное бюджетное образовательное учреждение города Москвы детский сад комбинированного вида № 1330, ГБОУ детский сад,"1 330", Дошкольное образовательное учреждение, Детский сад комбинированного вида, Бюджетное, Южное окружное управление образования," 115446 г. Москва, ул.Академика Миллионщикова, д.31, к.2",(499) 612-45-51, dou1330@sinergi.ru,POINT (37.6486378 55.66422)
1065, Государственное бюджетное образовательное учреждение города Москвы детский сад № 2582, ГБОУ детский сад № 2582,"2 582", Дошкольное образовательное учреждение, Детский сад, Бюджетное, Юго-Восточное окружное управление образования," 109380, г. Москва, Ставропольский проезд, дом 15",(499) 784-02-60, goudetsad2582@yandex.ru,POINT (37.80065760000001 55.6781482)
1078, Государственное бюджетное образовательное учреждение города Москвы детский сад общеразвивающего вида № 338, ГБОУ детский сад № 338,"338", Дошкольное образовательное учреждение, Детский сад, Бюджетное, Восточное окружное управление образования," 105215, г. Москва, 11-я Парковая улица, дом 53А",(499) 164-57-41, antonina-shmaneeva@yandex.ru,POINT (37.8032911 55.8078536)
1066, Государственное бюджетное образовательное учреждение города Москвы детский сад комбинированного вида № 710, ГБОУ детский сад № 710,"710", Дошкольное образовательное учреждение, Детский сад комбинированного вида, Бюджетное, Юго-Западное окружное управление образования," 117209, г. Москва, улица Перекопская, дом 12, корпус 2",(499) 122-70-69, dou710@mosuzedu.ru,POINT (37.582076 55.660121)
1067, Государственное бюджетное образовательное учреждение города Москвы детский сад комбинированного вида № 1098, ГБОУ детский сад № 1098,"1 098", Дошкольное образовательное учреждение, Детский сад комбинированного вида, Бюджетное, Северо-Восточное окружное управление образования," 127572, город Москва, ул. Новгородская, дом 29.",(499) 200-70-11, gou1098@rambler.ru,POINT (37.5789794 55.90364779999999)
1068, Государственное бюджетное образовательное учреждение города Москвы центр развития ребенка - детский сад № 2437, ГБОУ ЦРР - детский сад № 2437,"2 437", Дошкольное образовательное учреждение, Центр развития ребенка – детский сад, Бюджетное, Юго-Восточное окружное управление образования," 109469, г. Москва, Перервинский бульвар, д. 20, к. 2",(495) 346-13-00, ulybka2437@mail.ru,POINT (37.770229 55.65405000000001)
1069, Государственное бюджетное образовательное учреждение города Москвы детский сад общеразвивающего вида № 460, ГБОУ детский сад № 460,"460", Дошкольное образовательное учреждение, Детский сад, Бюджетное, Северное окружное управление образования," 127083, г. Москва, Петровско-Разумовская аллея, дом 20",(495) 612-71-53, supersad460@mail.ru; 456ds@mail.ru,POINT (37.5578909 55.7968898)
1070, Государственное бюджетное образовательное учреждение города Москвы центр развития ребенка - детский сад № 1195, ГБОУ ЦРР-детский сад № 1195,"1 195", Дошкольное образовательное учреждение, Центр развития ребенка – детский сад, Бюджетное, Северо-Восточное окружное управление образования," 127273, город Москва, улица Отрадная, дом 15А",(499) 203-00-61, centrrr1195@nm.ru,POINT (37.6174218 55.8559778)
1071, Государственное бюджетное образовательное учреждение города Москвы детский сад № 701, ГБОУ детский сад № 701,"701", Дошкольное образовательное учреждение, Детский сад, Бюджетное, Восточное окружное управление образования," 111141, г. Москва, улица Перовская, дом 52А",(495) 309-36-64, doy701@mail.ru,POINT (37.7868361 55.7446152)
1072, Государственное бюджетное образовательное учреждение города Москвы детский сад № 2609, ГБОУ детский сад № 2609,"2 609", Дошкольное образовательное учреждение, Детский сад, Бюджетное, Юго-Восточное окружное управление образования," 109443, г. Москва, Волгоградский проспект, дом 92, корпус 2",(499) 746-92-60, ds-2609@mail.ru,POINT (37.7702376 55.7033143)
1073, Государственное бюджетное образовательное учреждение города Москвы детский сад № 2091, ГБОУ детский сад № 2091,"2 091", Дошкольное образовательное учреждение, Детский сад, Бюджетное, Центральное окружное управление образования," 109316 Москва, Волгоградский пр-т, д. 17A",(495) 676-37-11, detsad2091@yandex.ru,POINT (37.6788672 55.7291023)
1074, Государственное бюджетное образовательное учреждение города Москвы детский сад №573, ГБОУ детский сад №573,"573", Дошкольное образовательное учреждение, Детский сад, Бюджетное, Восточное окружное управление образования," 105037, г. Москва, ул Первомайская, дом 3 А",(499) 166-45-01, gou573@mail.ru; gou573@mail.ru,POINT (37.77236800000001 55.791949)
1075, Государственное бюджетное образовательное учреждение города Москвы детский сад комбинированного вида № 1500, ГБОУ детский сад № 1500,"1 500", Дошкольное образовательное учреждение, Детский сад комбинированного вида, Бюджетное, Северное окружное управление образования," 123007, г. Москва, Хорошевское шоссе, дом 54",(495) 941-45-69, dshor1500@soudo.ru; sad1500@mail.ru,POINT (37.5327584 55.7779912)
1076, Государственное бюджетное образовательное учреждение города Москвы детский сад общеразвивающего вида № 1758, ГБОУ детский сад № 1758,"1 758", Дошкольное образовательное учреждение, Детский сад общеразвивающего вида с приоритетным осуществлением деятельности по одному из направлений развития детей, Бюджетное, Западное окружное управление образования," 119634, г.москва, ул.Шолохова, д. 6, корп. 1",(495) 733-54-53, sadik1758@ya.ru,POINT (37.3588195 55.6379841)
1077, Государственное бюджетное образовательное учреждение города Москвы детский сад комбинированного вида № 2679, ГБОУ детский сад № 2679,"2 679", Дошкольное образовательное учреждение, Детский сад комбинированного вида, Бюджетное, Южное окружное управление образования," 115477 г. Москва. ул. Бехтерева, д.13, корп.4",(499) 218-12-07, dou2679@sinergi.ru,POINT (37.651024 55.633458)
1079, Государственное бюджетное образовательное учреждение города Москвы детский сад общеразвивающего вида № 1028, ГБОУ детский сад № 1028,"1 028", Дошкольное образовательное учреждение, Детский сад общеразвивающего вида с приоритетным осуществлением деятельности по одному из направлений развития детей, Бюджетное, Южное окружное управление образования," 117208 г. Москва, Сумской пр-д, 12Б",(495) 312-55-63, dou1028@sinergi.ru,POINT (37.6075922 55.6351206)
1080, Государственное бюджетное образовательное учреждение города Москвы детский сад № 2540, ГБОУ детский сад № 2540,"2 540", Дошкольное образовательное учреждение, Детский сад, Бюджетное, Западное окружное управление образования," 119618, г.Москва, ул. Богданова, д. 10, корп. 3",(499) 727-70-65, gou2540@yandex.ru,POINT (37.3976715 55.6546719)
1081, Государственное бюджетное образовательное учреждение города Москвы детский сад комбинированного вида № 1490, ГБОУ детский сад № 1490,"1 490", Дошкольное образовательное учреждение, Детский сад комбинированного вида, Бюджетное, Юго-Восточное окружное управление образования," 109518, г. Москва, ул. Грайвороновская, д.8,кор.3",(499) 173-82-15, 1738215@mail.ru,POINT (37.730834 55.717137)
1082, Государственное бюджетное образовательное учреждение города Москвы детский сад общеразвивающего вида № 1166, ГБОУ детский сад № 1166,"1 166", Дошкольное образовательное учреждение, Детский сад общеразвивающего вида с приоритетным осуществлением деятельности по одному из направлений развития детей, Бюджетное, Южное окружное управление образования," 115561 г.Москва, ул.Домодедовкая, д.31, к.2",(495) 391-43-33, dou1166@sinergi.ru,POINT (37.7160755 55.6032972)
1083, Государственное бюджетное образовательное учреждение города Москвы детский сад комбинированного вида № 1751, ГБОУ детский сад № 1751,"1 751", Дошкольное образовательное учреждение, Детский сад комбинированного вида, Бюджетное, Северо-Восточное окружное управление образования," 127349, город Москва, улица Мурановская, дом 19 А",(499) 909-09-61, Gou1751@mail.ru,POINT (37.6006127 55.8961191)
1084, Государственное бюджетное образовательное учреждение города Москвы детский сад № 34, ГБОУ детский сад № 34, 34, Дошкольное образовательное учреждение, Детский сад, Бюджетное, Южное окружное управление образования," 117545, г. Москва, ул. Подольских курсантов, д. 6 А",(495) 381-42-56, dou34@sinergi.ru,POINT (37.6125685 55.6057208)
1085, Государственное бюджетное образовательное учреждение города Москвы детский сад № 466, ГБОУ детский сад № 466,"466", Дошкольное образовательное учреждение, Детский сад, Бюджетное, Юго-Западное окружное управление образования," 117246, г. Москва, ул. Обручева, д. 47 ""а","331-53-77", dou466@ou.mosuzedu.ru,POINT (37.5574431 55.6519962)
1086, Государственное бюджетное образовательное учреждение города Москвы детский сад № 1448, ГБОУ детский сад № 1448,"1 448", Дошкольное образовательное учреждение, Детский сад, Бюджетное, Юго-Западное окружное управление образования," 119334, г.Москва, Ленинский проспект, д.43Б",(499) 135-32-91, detsad1448@rambler.ru,POINT (37.57751690000001 55.7040982)
1087, Государственное бюджетное образовательное учреждение города Москвы детский сад комбинированного вида № 2173, ГБОУ детский сад № 2173,"2 173", Дошкольное образовательное учреждение, Детский сад комбинированного вида, Бюджетное, Юго-Восточное окружное управление образования," 109263, г.Москва, 7-я улица Текстильщиков дом 4а",(499) 179-60-00, ds2173@bk.ru,POINT (37.7473534 55.6958663)
1088, Государственное бюджетное образовательное учреждение города Москвы детский сад общеразвивающего вида № 1061, ГБОУ детский сад № 1061,"1 061", Дошкольное образовательное учреждение, Детский сад общеразвивающего вида с приоритетным осуществлением деятельности по одному из направлений развития детей, Бюджетное, Южное окружное управление образования," 115583 г. Москва, ул. Воронежская, 8, корп.5",(495) 399-38-59, dou1061@sinergi.ru,POINT (37.7270144 55.6076039)
1089, Государственное бюджетное образовательное учреждение города Москвы центр развития ребенка - детский сад № 1969, ГБОУ ЦРР - детский сад № 1969,"1 969", Дошкольное образовательное учреждение, Центр развития ребенка – детский сад, Бюджетное, Южное окружное управление образования," 115569 г. Москва, ул. Домодедовская д.6,к.3",(495) 391-24-33, dou1969@sinergi.ru,POINT (37.7024657 55.6150256)
1170, Государственное бюджетное образовательное учреждение города Москвы детский сад № 1457, ГБОУ детский сад № 1457,"1 457", Дошкольное образовательное учреждение, Детский сад, Бюджетное, Южное окружное управление образования," 115598 г. Москва, Липецкая ул., д.7, к.2",(495) 329-20-22, dou1457@sinergi.ru,POINT (37.6852727 55.58265919999999)
1090, Государственное бюджетное образовательное учреждение города Москвы детский сад общеразвивающего вида № 695, ГБОУ детский сад № 695,"695", Дошкольное образовательное учреждение, Детский сад общеразвивающего вида с приоритетным осуществлением деятельности по одному из направлений развития детей, Бюджетное, Южное окружное управление образования," 115408 г. Москва, ул. Алма-Атинская, д.8, к.2",(495) 341-36-83, dou695@sinergi.ru,POINT (37.7687962 55.6396563)
1091, Государственное бюджетное образовательное учреждение города Москвы детский сад общеразвивающего вида № 1056, ГБОУ детский сад № 1056,"1 056", Дошкольное образовательное учреждение, Детский сад общеразвивающего вида с приоритетным осуществлением деятельности по одному из направлений развития детей, Бюджетное, Троицкое и новомосковское окружное управление образования," 105318, Москва Город, Семеновская Площадь, 4",#Н/Д, mdoy37@mail.ru,POINT (37.7210321 55.7813321)
1092, Государственное бюджетное образовательное учреждение города Москвы детский сад комбинированного вида № 2510, ГБОУ детский сад № 2510,"2 510", Дошкольное образовательное учреждение, Детский сад комбинированного вида, Бюджетное, Северо-Западное окружное управление образования," 125466, г. Москва, Новокуркинское шоссе, д. 51",(499) 501-23-28,  dou2510@szouo.ru,POINT (37.3884905 55.9078148)
1093, Государственное бюджетное образовательное учреждение города Москвы детский сад № 1023, ГБОУ детский сад № 1023,"1 023", Дошкольное образовательное учреждение, Детский сад, Бюджетное, Западное окружное управление образования," 119361, г.Москва, ул. Озерная, д. 29, корп. 2",(095) 437-52-23, dou1023@mail.ru,POINT (37.452457 55.67319)
1094, Государственное бюджетное образовательное учреждение города Москвы детский сад общеразвивающего вида № 1444, ГБОУ детский сад № 1444,"1 444", Дошкольное образовательное учреждение, Детский сад общеразвивающего вида с приоритетным осуществлением деятельности по одному из направлений развития детей, Бюджетное, Северо-Восточное окружное управление образования," 127349, город Москва, Алтуфьевское шоссе, дом 92, корпус 2",(499) 909-94-55, detsad1444@mail.ru,POINT (37.58904150000001 55.8999211)
1095, Государственное бюджетное образовательное учреждение города Москвы детский сад № 1030, ГБОУ детский сад № 1030,"1 030", Дошкольное образовательное учреждение, Детский сад, Бюджетное, Юго-Восточное окружное управление образования," 109263, г. Москва, ул. Чистова,д. 10а",(499) 178-41-63, ds1030uvoyo.do@mail.ru,POINT (37.7414885 55.6958844)
1096," Государственное бюджетное образовательное учреждение города Москвы детский сад № 1154 ""Родничок""", ГБОУ детский сад № 1154 «Родничок»,"1 154", Дошкольное образовательное учреждение, Детский сад, Бюджетное, Троицкое и новомосковское окружное управление образования," 105318, г. Москва Город, Семеновская Площадь, 4",#Н/Д, —,POINT (37.7210321 55.7813321)
1097, Государственное бюджетное образовательное учреждение города Москвы детский сад комбинированного вида № 1063, ГБОУ д/с №1063,"1 063", Дошкольное образовательное учреждение, Детский сад комбинированного вида, Бюджетное, Троицкое и новомосковское окружное управление образования," 105318, г. Москва Город, Семеновская Площадь, 4",#Н/Д, —,POINT (37.7210321 55.7813321)
1098, Государственное бюджетное образовательное учреждение города Москвы детский сад общеразвивающего вида № 1606, ГБОУ детский сад № 1606,"1 606", Дошкольное образовательное учреждение, Детский сад общеразвивающего вида с приоритетным осуществлением деятельности по одному из направлений развития детей, Бюджетное, Северо-Восточное окружное управление образования," 127642, г. Москва, проезд Дежнёва, дом 8, корпус 2",(499) 477-13-44, detsad1606@gmail.com,POINT (37.64226499999999 55.872844)
1099, Государственное бюджетное образовательное учреждение города Москвы детский сад № 96, ГБОУ детский сад №96, 96, Дошкольное образовательное учреждение, Детский сад, Бюджетное, Юго-Западное окружное управление образования," 117292, г. Москва, ул. Ивана Бабушкина, дом 6","8 (499) 125-29-00", dou63@mosuzedu.ru,POINT (37.564174 55.688527)
1100, Государственное бюджетное образовательное учреждение города Москвы детский сад комбинированного вида № 88, ГБОУ детский сад комбинированного вида № 88, 88, Дошкольное образовательное учреждение, Детский сад комбинированного вида, Бюджетное, Юго-Восточное окружное управление образования," 109129, г. Москва, 1 ул. Текстильщиков, дом 13",(499) 178-50-19, detsad88@mail.ru,POINT (37.3269074 55.4924832)
1101, Государственное бюджетное образовательное учреждение города Москвы детский сад компенсирующего вида № 749, ГБОУ детский сад № 749,"749", Дошкольное образовательное учреждение, Детский сад компенсирующего вида, Бюджетное, Центральное окружное управление образования," 123317, г. Москва,Стрельбищенский пер., д.11 А",(499) 256-12-53, sadik749@yandex.ru,POINT (37.5379948 55.7605125)
1102, Государственное бюджетное образовательное учреждение города Москвы детский сад комбинированного вида № 500, ГБОУ детский сад № 500,"500", Дошкольное образовательное учреждение, Детский сад комбинированного вида, Бюджетное, Северное окружное управление образования," 125445, г. Москва, Ленинградское шоссе, дом 116А",(499) 457-63-21, detskii_sad-500@mail.ru,POINT (37.4650419 55.867161)
1103, Государственное бюджетное образовательное учреждение города Москвы детский сад комбинированного вида № 1940, ГБОУ детский сад № 1940,"1 940", Дошкольное образовательное учреждение, Детский сад комбинированного вида, Бюджетное, Юго-Восточное окружное управление образования," 109052, Москва, Новохохловская улица, д.8",(495) 678-05-34, dou1940@yandex.ru,POINT (37.7098886 55.7322588)
1104, Государственное бюджетное образовательное учреждение города Москвы детский сад № 184, ГБОУ детский сад № 184,"184", Дошкольное образовательное учреждение, Детский сад, Бюджетное, Западное окружное управление образования," 121108 г. Москва, ул.Олеко Дундича, д. 41",(499) 146-41-00, dou 184@bk.ru,POINT (37.4788939 55.73703159999999)
1105, Государственное бюджетное образовательное учреждение города Москвы центр развития ребенка - детский сад № 1839, ГБОУ ЦРР - детский сад № 1839,"1 839", Дошкольное образовательное учреждение, Центр развития ребенка – детский сад, Бюджетное, Юго-Западное окружное управление образования," 117624, г. Москва, улица Скобелевская, дом 18",(495) 716-95-18, gou1839@mosuzedu.ru,POINT (37.553601 55.5459013)
1106, Государственное бюджетное образовательное учреждение города Москвы детский сад № 520, ГБОУ детский сад № 520,"520", Дошкольное образовательное учреждение, Детский сад, Бюджетное, Южное окружное управление образования," 117405 г. Москва, Варшавское ш., д.149, к.2",(495) 387-72-09,  dou520@sinergi.ru,POINT (37.5993335 55.5785983)
1107, Государственное бюджетное образовательное учреждение города Москвы центр развития ребенка - детский сад № 151, ГБОУ ЦРР - детский сад № 151,"151", Дошкольное образовательное учреждение, Центр развития ребенка – детский сад, Бюджетное, Юго-Западное окружное управление образования," 117149, г. Москва, ул. Одесская, д.9, корп.2",(499) 613-33-81, dc151@mail.ru,POINT (37.6001859 55.66043630000001)
1108, Государственное бюджетное образовательное учреждение города Москвы центр развития ребенка - детский сад № 69, ГБОУ ЦРР - детский сад № 69, 69, Дошкольное образовательное учреждение, Центр развития ребенка – детский сад, Бюджетное, Южное окружное управление образования," 115597 г. Москва, ул.Ясеневая, д.39/2",(495) 398-50-52, dou69@sinergi.ru,POINT (37.7402238 55.607158)
1109, Государственное бюджетное образовательное учреждение города Москвы детский сад № 840, ГБОУ детский сад № 840,"840", Дошкольное образовательное учреждение, Детский сад, Бюджетное, Северо-Западное окружное управление образования," 123154, г. Москва, бульвар Генерала Карбышева, д. 5, корп. 4",(499) 199-09-64,  dou840@szouo.ru,POINT (37.4662558 55.7788987)
1110," Государственное бюджетное образовательное учреждение города Москвы центр развития ребенка - детский сад № 1171 ""Колокольчик""", ГБОУ ЦРР – детский сад № 1171 «Колокольчик»,"1 171", Дошкольное образовательное учреждение, Центр развития ребенка – детский сад, Бюджетное, Троицкое и новомосковское окружное управление образования," 105318, г. Москва Город, Семеновская Площадь, 4",#Н/Д, —,POINT (37.7210321 55.7813321)
1111, Государственное бюджетное образовательное учреждение города Москвы детский сад № 764, ГБОУ детский сад № 764,"764", Дошкольное образовательное учреждение, Детский сад, Бюджетное, Западное окружное управление образования," 121355, г.Москва, ул. Ивана Франко, д. 28, корп. 1",(495) 443-74-29, ds1774@mail.ru,POINT (37.4271826 55.7285464)
1112, Государственное бюджетное образовательное учреждение города Москвы детский сад компенсирующего вида № 342, ГБОУ детский сад № 342,"342", Дошкольное образовательное учреждение, Детский сад компенсирующего вида, Бюджетное, Центральное окружное управление образования," 123376 г.Москва, ул. Малая Грузинская, д.16",(499) 252-33-82, sad342@mail.ru,POINT (37.5725547 55.76443680000001)
1113, Государственное бюджетное образовательное учреждение города Москвы детский сад № 1470, ГБОУ детский сад № 1470,"1 470", Дошкольное образовательное учреждение, Детский сад, Бюджетное, Западное окружное управление образования," 121351, г.Москва, ул. Ивана Франко, д. 40, корп. 3",(495) 417-33-15, gou1470@yandex.ru,POINT (37.4091607 55.7294281)
1114, Государственное бюджетное образовательное учреждение города Москвы детский сад № 842, ГБОУ детский сад № 842,"842", Дошкольное образовательное учреждение, Детский сад, Бюджетное, Южное окружное управление образования," 115569 г.Москва, ул. Шипиловская, д.8, к.2",(495) 391-35-11, dou842@sinergi.ru,POINT (37.7004362 55.61572750000001)
1115, Государственное бюджетное образовательное учреждение города Москвы центр развития ребенка - детский сад № 2721, ГБОУ ЦРР № 2721,"2 721", Дошкольное образовательное учреждение, Центр развития ребенка – детский сад, Бюджетное, Северное окружное управление образования," 125493, г. Москва, улица Авангардная, дом 18А",(499) 747-69-40, crr2721@mail.ru,POINT (37.4897461 55.8481766)
1116, Государственное бюджетное образовательное учреждение города Москвы детский сад комбинированного вида № 554, ГБОУ детский сад № 554,"554", Дошкольное образовательное учреждение, Детский сад комбинированного вида, Бюджетное, Южное окружное управление образования," 115547 г. Москва, Загорьевский пр-д, д.3, к.4",(495) 329-23-22, dou1359@sinergi.ru,POINT (37.6655636 55.5769577)
1117, Государственное бюджетное образовательное учреждение города Москвы детский сад общеразвивающего вида № 1592, ГБОУ детский сад № 1592,"1 592", Дошкольное образовательное учреждение, Детский сад общеразвивающего вида с приоритетным осуществлением деятельности по одному из направлений развития детей, Бюджетное, Юго-Восточное окружное управление образования," 109382, г. Москва, ул. Судакова, дом 7 корп. 2",(499) 784-51-20, Tishina1592@yandex.ru; ds1592zav@bk.ru,POINT (37.7427207 55.6735543)
1118, Государственное бюджетное образовательное учреждение города Москвы детский сад компенсирующего вида № 865, ГБОУ детский сад № 865,"865", Дошкольное образовательное учреждение, Детский сад компенсирующего вида, Бюджетное, Восточное окружное управление образования," 107589 город Москва, Хабаровская улица, дом 12",(495) 467-59-10, detsad865.52@mail.ru,POINT (37.828149 55.8224915)
1119, Государственное бюджетное образовательное учреждение города Москвы детский сад компенсирующего вида № 1632, ГБОУ детский сад № 1632,"1 632", Дошкольное образовательное учреждение, Детский сад компенсирующего вида, Бюджетное, Северо-Восточное окружное управление образования," 127273, город Москва, Березовая аллея, дом 7А",(499) 202-33-44, dou1632@mail.ru; detsad1632@mail.ru,POINT (37.6114733 55.8527614)
1120, Государственное бюджетное образовательное учреждение города Москвы детский сад № 2041, ГБОУ детский сад № 2041,"2 041", Дошкольное образовательное учреждение, Детский сад, Бюджетное, Юго-Западное окружное управление образования," 119333, г. Москва, ул. Фотиевой, дом 11","499-137-12-39", gou2041@mosuzedu.ru,POINT (37.5571266 55.696676)
1121, Государственное бюджетное образовательное учреждение города Москвы детский сад №884, ГБОУ детский сад № 884,"884", Дошкольное образовательное учреждение, Детский сад, Бюджетное, Юго-Восточное окружное управление образования," 109129, Москва, ул. 1-я Текстильщиков, дом 11",(499) 178-71-89, detcad884@yandex.ru,POINT (37.7398291 55.702814)
1122, Государственное бюджетное образовательное учреждение города Москвы детский сад комбинированного вида № 355, ГБОУ детский сад № 355,"355", Дошкольное образовательное учреждение, Детский сад комбинированного вида, Бюджетное, Южное окружное управление образования," 115487 г. Москва, пр-т Андропова, д.46, к.3",(499) 612-22-94, dou355@sinergi.ru,POINT (37.6582022 55.670181)
1123, Государственное бюджетное образовательное учреждение города Москвы детский сад общеразвивающего вида № 374, ГБОУ детский сад № 374,"374", Дошкольное образовательное учреждение, Детский сад общеразвивающего вида с приоритетным осуществлением деятельности по одному из направлений развития детей, Бюджетное, Восточное окружное управление образования," 111141, г.Москва, ул.Перовская д.42 Б",(495) 309-44-43, detsad374@yandex.ru,POINT (37.7801901 55.7429962)
1124, Государственное бюджетное образовательное учреждение города Москвы детский сад № 969, ГБОУ детский сад № 969,"969", Дошкольное образовательное учреждение, Детский сад, Бюджетное, Западное окружное управление образования," 119526, г.Москва, ул. 26 Бакинских комиссаров, д. 6, корп. 3",(495) 433-40-83, dou969@mail.ru,POINT (37.4931814 55.65882329999999)
1125," Государственное бюджетное образовательное учреждение города Москвы детский сад присмотра и оздоровления №1173 ""Сказка"""," ГБОУ детский сад №1173 ""Сказка""","1 173", Дошкольное образовательное учреждение, Детский сад присмотра и оздоровления, Бюджетное, Троицкое и новомосковское окружное управление образования," 105318, Москва Город, Семеновская Площадь, 4",#Н/Д, skazkaerino4@mail.ru,POINT (37.7210321 55.7813321)
1126, Государственное бюджетное образовательное учреждение города Москвы детский сад комбинированного вида № 452, ГБОУ детский сад № 452,"452", Дошкольное образовательное учреждение, Детский сад комбинированного вида, Бюджетное, Центральное окружное управление образования," 105094 г.Москва, Госпитальный вал, д.3, к.1",(495) 360-53-14, dc452co@mail.ru,POINT (37.7066835 55.7723245)
1127, Государственное образовательное учреждение Детский сад №2674, ГОУ детский сад №2674,"2 674", Дошкольное образовательное учреждение, Детский сад, Бюджетное, Восточное окружное управление образования," г. Москва, Плющева улица, 16А",#Н/Д, —,POINT (37.7607922 55.7424056)
1128, Государственное бюджетное образовательное учреждение города Москвы детский сад присмотра и оздоровления № 1938, ГБОУ детский сад № 1938,"1 938", Дошкольное образовательное учреждение, Детский сад присмотра и оздоровления, Бюджетное, Западное окружное управление образования," 121108, г. Москва, ул. Герасима Курина, д. 4, корп. 2",(499) 146-43-44, dou1938@yandex.ru,POINT (37.4859417 55.73394769999999)
1129, Государственное бюджетное образовательное учреждение города Москвы детский сад общеразвивающего вида № 1765, ГБОУ детский сад № 1765,"1 765", Дошкольное образовательное учреждение, Детский сад общеразвивающего вида с приоритетным осуществлением деятельности по одному из направлений развития детей, Бюджетное, Северо-Восточное окружное управление образования," 127349, город Москва, Шенкурский проезд, дом 13",(499) 908-93-81, detsad1765@mail.ru,POINT (37.590025 55.8955383)
1130, Государственное бюджетное образовательное учреждение города Москвы центр развития ребенка - детский сад № 2030, ГБОУ ЦРР - детский сад №2030,"2 030", Дошкольное образовательное учреждение, Центр развития ребенка – детский сад, Бюджетное, Центральное окружное управление образования," 115054 г. Москва, Новокузнецкая ул.,д.29-31, стр.6",(495) 951-63-22, dc47@yandex.ru,POINT (37.6334992 55.7348)
1131, Государственное бюджетное образовательное учреждение города Москвы детский сад комбинированного вида № 1962, ГБОУ детский сад № 1962,"1 962", Дошкольное образовательное учреждение, Детский сад комбинированного вида, Бюджетное, Северо-Восточное окружное управление образования," 129347, город Москва, Ярославское шоссе, дом 128, корпус 1.",(499) 183-20-63, goydc-1962@yandex.ru,POINT (37.716337 55.872476)
1132, Государственное бюджетное образовательное учреждение города Москвы детский сад комбинированного вида № 2495, ГБОУ детский сад № 2495,"2 495", Дошкольное образовательное учреждение, Детский сад комбинированного вида, Бюджетное, Юго-Восточное окружное управление образования," 109559, Москва, ул. Новороссийская, д.30, корп. 2",(495) 359-33-23, DOU2495@yandex.ru,POINT (37.757601 55.670683)
1133, Государственное бюджетное образовательное учреждение города Москвы центр развития ребенка - детский сад № 777, ГБОУ ЦРР- детский сад № 777,"777", Дошкольное образовательное учреждение, Центр развития ребенка – детский сад, Бюджетное, Восточное окружное управление образования," 105318, г.Москва, ул. Мироновская, д.12",(495) 918-32-56, shad777.svetlana@yandex.ru,POINT (37.7339807 55.7858496)
1134, Государственное бюджетное образовательное учреждение города Москвы детский сад комбинированного вида № 2572, ГБОУ детский сад № 2572,"2 572", Дошкольное образовательное учреждение, Детский сад комбинированного вида, Бюджетное, Западное окружное управление образования," 121351, г.Москва, ул. Молодогвардейская, д. 34, корп. 1",(499) 140-08-50, dou2572@yandex.ru,POINT (37.418913 55.73580699999999)
1135, Государственное бюджетное образовательное учреждение города Москвы детский сад № 1283, ГБОУ детский сад № 1283,"1 283", Дошкольное образовательное учреждение, Детский сад, Бюджетное, Юго-Восточное окружное управление образования," 109651, г. Москва, Новочеркасский б-р, д.24",(499) 357-42-61, cadik1283@yandex.ru,POINT (37.7226964 55.6452128)
1183, Государственное бюджетное образовательное учреждение города Москвы детский сад № 74, ГБОУ детский сад № 74, 74, Дошкольное образовательное учреждение, Детский сад, Бюджетное, Центральное окружное управление образования," 127055 г. Москва, ул. Новослободская, д.51",(499) 791-21-90, detsad74@mail.ru,POINT (37.5934889 55.7864874)
1136, Государственное бюджетное образовательное учреждение города Москвы детский сад общеразвивающего вида № 2493, ГБОУ детский сад № 2493,"2 493", Дошкольное образовательное учреждение, Детский сад общеразвивающего вида с приоритетным осуществлением деятельности по одному из направлений развития детей, Бюджетное, Юго-Восточное окружное управление образования," 109451, Москва, ул. Верхние поля, д.38, кор.2",(495) 658-14-14, LSV2493@mail.ru,POINT (37.7723538 55.6661888)
1137, Государственное бюджетное образовательное учреждение города Москвы детский сад комбинированного вида № 1832, ГБОУ детский сад № 1832,"1 832", Дошкольное образовательное учреждение, Детский сад комбинированного вида, Бюджетное, Северо-Восточное окружное управление образования," 127322, город Москва, улица Яблочкова, дом 23, корпус 4",(495) 639-45-76, gou1832@yandex.ru,POINT (37.576865 55.820946)
1138, Государственное бюджетное образовательное учреждение города Москвы детский сад № 2286, ГБОУ детский сад № 2286,"2 286", Дошкольное образовательное учреждение, Детский сад, Бюджетное, Западное окружное управление образования," 121170, г.Москва, Площадь Победы, д. 1",(499) 148-12-04, dou2286@mail.ru,POINT (37.5223334 55.73656219999999)
1139, Государственное бюджетное образовательное учреждение города Москвы детский сад общеразвивающего вида № 453, ГБОУ детский сад № 453,"453", Дошкольное образовательное учреждение, Детский сад общеразвивающего вида с приоритетным осуществлением деятельности по одному из направлений развития детей, Бюджетное, Северное окружное управление образования," 125183, г. Москва, улица Генерала Рычагова, дом 7А",(499) 154-00-21, dou453@mail.ru; detskiisad470@mail.ru,POINT (37.5352326 55.8415551)
1140, Государственное бюджетное образовательное учреждение города Москвы детский сад № 348, ГБОУ детский сад № 348,"348", Дошкольное образовательное учреждение, Детский сад, Бюджетное, Восточное окружное управление образования," 105523, г.Москва, улица 15-я Парковая дом 43",(495) 530-84-10, albertovna348@mail.ru; babinaeliena@mail.ru,POINT (37.8159994 55.8060747)
1141, Государственное бюджетное образовательное учреждение города Москвы детский сад комбинированного вида № 2704, ГБОУ детский сад № 2704,"2 704", Дошкольное образовательное учреждение, Детский сад комбинированного вида, Бюджетное, Северо-Восточное окружное управление образования," 129347 город Москва, Ярославское шоссе, дом 142, корпус 6",(499) 181-81-40, detsad2704@mail.ru; dou.2704@yandex.ru,POINT (37.7202066 55.8754243)
1142, Государственное бюджетное образовательное учреждение города Москвы детский сад общеразвивающего вида № 66, ГБОУ детский сад № 66, 66, Дошкольное образовательное учреждение, Детский сад общеразвивающего вида с приоритетным осуществлением деятельности по одному из направлений развития детей, Бюджетное, Восточное окружное управление образования," 107258, Москва ул. Игральная, 7А",(499) 168-37-06, detsad66@yandex.ru,POINT (37.7123084 55.815803)
1143, Государственное бюджетное образовательное учреждение города Москвы детский сад общеразвивающего вида № 304, ГБОУ детский сад № 304,"304", Дошкольное образовательное учреждение, Детский сад, Бюджетное, Центральное окружное управление образования," 103062 г.Москва, ул.Воронцово поле,д.5/7,стр.2",(495) 916-22-44, gou304@yandex.ru,POINT (37.6526779 55.7540489)
1144, Государственное бюджетное образовательное учреждение города Москвы центр развития ребенка-детский сад № 2321, ГБОУ ЦРР - детский сад № 2321,"2 321", Дошкольное образовательное учреждение, Центр развития ребенка – детский сад, Бюджетное, Восточное окружное управление образования," 111673, г.Москва, Новокосинская ул. д.17Б",(495) 701-08-10, ds2321@yandex.ru,POINT (37.854777 55.740158)
1145, Государственное бюджетное образовательное учреждение города Москвы детский сад №1651, ГБОУ детский сад №1651,"1 651", Дошкольное образовательное учреждение, Детский сад, Бюджетное, Восточное окружное управление образования," 107207, г.Москва, Байкальская ул., д. 28А",(495) 466-71-10, ds16511974@mail.ru,POINT (37.8021529 55.81590199999999)
1146, Государственное бюджетное образовательное учреждение города Москвы детский сад № 907, ГБОУ детский сад № 907,"907", Дошкольное образовательное учреждение, Детский сад, Бюджетное, Южное окружное управление образования," 117587 г. Москва, Сумская ул. 4 А",(495) 315-27-85, dou907@sinergi.ru,POINT (37.6074161 55.6246884)
1147, Государственное бюджетное образовательное учреждение города Москвы центр развития ребенка - детский сад № 1462, ГБОУ ЦРР-детский сад № 1462,"1 462", Дошкольное образовательное учреждение, Центр развития ребенка – детский сад, Бюджетное, Юго-Западное окружное управление образования," 117209, г. Москва, Нахимовский проспект, дом 25, корпус 4","8-(499)-122-05-01", tarancevams@mail.ru,POINT (37.589308 55.666543)
1148, Государственное бюджетное образовательное учреждение города Москвы детский сад № 699, ГБОУ детский сад № 699,"699", Дошкольное образовательное учреждение, Детский сад, Бюджетное, Восточное окружное управление образования," 107065, г. Москва, ул. Сахалинская, д. 6",(495) 466-51-44, sad699@rambler.ru,POINT (37.8188725 55.8267782)
1149, Государственное бюджетное образовательное учреждение города Москвы детский сад комбинированного вида № 935, ГБОУ детский сад № 935,"935", Дошкольное образовательное учреждение, Детский сад комбинированного вида, Бюджетное, Южное окружное управление образования," 115569 г.Москва, ул.Шипиловская, д.10, к.2",(495) 391-06-00, dou935@sinergi.ru,POINT (37.7001924 55.6144952)
1150, Государственное бюджетное образовательное учреждение города Москвы центр развития ребенка - детский сад № 14, ГБОУ ЦРР - детский сад № 14, 14, Дошкольное образовательное учреждение, Центр развития ребенка – детский сад, Бюджетное, Северное окружное управление образования," 127591, г. Москва, Дубнинская улица, дом 38, корпус 3",(495) 485-26-16, boss@detsad14.ru,POINT (37.5615566 55.8874158)
1151, Государственное бюджетное образовательное учреждение города Москвы детский сад компенсирующего вида № 1854, ГБОУ детский сад № 1854,"1 854", Дошкольное образовательное учреждение, Детский сад компенсирующего вида, Бюджетное, Северное окружное управление образования," 125319, г. Москва, улица Черняховского, дом 15, корпус 3",(499) 152-74-51, gou1854@gmail.com,POINT (37.5366964 55.8076607)
1152, Государственное бюджетное образовательное учреждение города Москвы детский сад комбинированного вида № 974, ГБОУ детский сад №974,"974", Дошкольное образовательное учреждение, Детский сад комбинированного вида, Бюджетное, Юго-Западное окружное управление образования," 117513, г.Москва, Ленинский проспект, дом № 125, корпус 3","0", natasha-detsad@mail.ru,POINT (37.4834708 55.6451281)
1153, Государственное бюджетное образовательное учреждение города Москвы детский сад № 1282, ГБОУ детский сад № 1282,"1 282", Дошкольное образовательное учреждение, Детский сад, Бюджетное, Северо-Восточное окружное управление образования," 127642 город Москва, проезд Дежнева, дом 15, корпус 2",(499) 186-51-47, gouds1282@yandex.ru,POINT (37.6417288 55.8697735)
1154, Государственное бюджетное образовательное учреждение города Москвы детский сад общеразвивающего вида № 1012, ГБОУ детский сад № 1012,"1 012", Дошкольное образовательное учреждение, Детский сад общеразвивающего вида с приоритетным осуществлением деятельности по одному из направлений развития детей, Бюджетное, Юго-Восточное окружное управление образования," 109507, Москва, Ферганский проезд, дом 9, корпус 3",(495) 377-70-01, Sadik1012@mail.ru,POINT (37.821656 55.69349399999999)
1155, Государственное бюджетное образовательное учреждение города Москвы детский сад № 2486, ГБОУ детский сад № 2486,"2 486", Дошкольное образовательное учреждение, Детский сад, Бюджетное, Юго-Западное окружное управление образования," 117449, г.Москва, улица Шверника, дом 1, корпус 2",(499) 126-28-68," dou_2486@mail,ru",POINT (37.579945 55.6940257)
1156, Государственное бюджетное образовательное учреждение города Москвы детский сад № 293, ГБОУ детский сад № 293,"293", Дошкольное образовательное учреждение, Детский сад, Бюджетное, Юго-Западное окружное управление образования," 117393, г. Москва, ул. Профсоюзная, д. 60А",(499)794-44-68, gou293@mosuzedu.ru,POINT (37.5496676 55.6685895)
1157, Государственное бюджетное образовательное учреждение города Москвы детский сад с этнокультурным (татарским) компонентом образования №2497, ГБОУ детский сад № 2497,"2 497", Дошкольное образовательное учреждение, Детский сад с этнокультурным (национальным) компонентом образования, Бюджетное, Юго-Восточное окружное управление образования," 109559, Москва, ул.Маршала Кожедуба, д.12, корп.2",(495) 654-99-33, 2497@inbox.ru; alsina.81@mail.ru,POINT (37.791607 55.67187999999999)
1219, Государственное бюджетное образовательное учреждение города Москвы детский сад № 1905, ГБОУ детский сад № 1905,"1 905", Дошкольное образовательное учреждение, Детский сад, Бюджетное, Восточное окружное управление образования," 105118, г.Москва,пр-т Буденного, д.30/8",(495) 672-38-70, vao1905@yandex.ru,POINT (37.7346729 55.762169)
1158, Государственное бюджетное образовательное учреждение города Москвы детский сад № 458, ГБОУ детский сад № 458,"458", Дошкольное образовательное учреждение, Детский сад общеразвивающего вида с приоритетным осуществлением деятельности по одному из направлений развития детей, Бюджетное, Северное окружное управление образования," 125319, г. Москва, улица Коккинаки, 7",(499) 152-34-61, detsad458@gmail.com,POINT (37.5468374 55.8055165)
1159, Государственное бюджетное образовательное учреждение города Москвы детский сад № 631, ГБОУ детский сад № 631,"631", Дошкольное образовательное учреждение, Детский сад, Бюджетное, Северное окружное управление образования," 125183, г. Москва, улица Большая Академическая, дом 73А",(495) 482-58-06,  detskysad631k@mail.ru,POINT (37.550054 55.843573)
1160, Государственное бюджетное образовательное учреждение города Москвы центр развития ребенка - детский сад № 643, ГБОУ ЦРР - детский сад № 643,"643", Дошкольное образовательное учреждение, Центр развития ребенка – детский сад, Бюджетное, Центральное окружное управление образования," 109544 г.Москва, ул. Рабочая, д.35, к.2",(495) 678-51-51, ds643@mail.ru,POINT (37.6878721 55.7424287)
1161, Государственное бюджетное образовательное учреждение города Москвы детский сад № 872, ГБОУ детский сад № 872,"872", Дошкольное образовательное учреждение, Детский сад, Бюджетное, Юго-Восточное окружное управление образования," 109548, Москва, ул. Гурьянова, д. 21",(495) 353-99-49, aser872@mail.ru,POINT (37.721576 55.688009)
1162, Государственное бюджетное образовательное учреждение города Москвы центр развития ребенка-детский сад № 1622, ГБОУ ЦРР-детский сад № 1622,"1 622", Дошкольное образовательное учреждение, Центр развития ребенка – детский сад, Бюджетное, Восточное окружное управление образования," 111141, город Москва, Перовская улица, дом 27",(495) 368-27-01, ds1622@bk.ru; tlmalysheva@mail.ru,POINT (37.77161299999999 55.7473055)
1163, Государственное бюджетное образовательное учреждение города Москвы детский сад комбинированного вида № 2001, ГБОУ детский сад № 2001,"2 001", Дошкольное образовательное учреждение, Детский сад комбинированного вида, Бюджетное, Восточное окружное управление образования," 111399, город Москва, улица Металлургов, д.28 А",(495) 304-73-72, ds2001vo@yandex.ru,POINT (37.7924019 55.7582855)
1164, Государственное бюджетное образовательное учреждение города Москвы детский сад компенсирующего вида № 2555, ГБОУ детский сад № 2555,"2 555", Дошкольное образовательное учреждение, Детский сад компенсирующего вида, Бюджетное, Центральное окружное управление образования," 105066 г. Москва, Денисовский пер., д.15",(499) 267-86-27, barmina1955.55@mail.ru,POINT (37.6758809 55.767183)
1165, Государственное бюджетное образовательное учреждение города Москвы детский сад комбинированного вида № 2372, ГБОУ детский сад № 2372,"2 372", Дошкольное образовательное учреждение, Детский сад комбинированного вида, Бюджетное, Южное окружное управление образования," 117535, г.Москва, ул. Дорожная, д.22 Б",(495) 382-24-04, dou2372@sinergi.ru,POINT (37.6192451 55.599615)
1166, Государственное бюджетное образовательное учреждение города Москвы детский сад с этнокультурным (русским) компонентом образования № 1776, ГБОУ детский сад № 1776,"1 776", Дошкольное образовательное учреждение, Детский сад с этнокультурным (национальным) компонентом образования, Бюджетное, Северное окружное управление образования," 127635, г. Москва, ул. Новая, д. 12",(499) 906-07-08, ds1776@mail.ru,POINT (37.2061517 55.95941699999999)
1167, Государственное бюджетное образовательное учреждение города Москвы детский сад № 839, ГБОУ детский сад № 839,"839", Дошкольное образовательное учреждение, Детский сад, Бюджетное, Юго-Восточное окружное управление образования," 111116, г. Москва, ул. Энергетическая, д.2",(495) 361-62-64, ds839@yandex.ru,POINT (37.7011161 55.76169909999999)
1168, Государственное бюджетное образовательное учреждение города Москвы детский сад № 1835, ГБОУ детский сад № 1835,"1 835", Дошкольное образовательное учреждение, Детский сад, Бюджетное, Юго-Западное окружное управление образования," 117186, г.Москва, Севастопольский проспект, дом 23, корпус 2","499-127-76-80", ds1835@mosuzedu.ru,POINT (37.5953823 55.67689619999999)
1169, Государственное бюджетное образовательное учреждение города Москвы детский сад № 280, ГБОУ детский сад № 280,"280", Дошкольное образовательное учреждение, Детский сад, Бюджетное, Южное окружное управление образования," 115551 г.Москва, ул.Домодедовская, д.1, к.2",(495) 392-71-66, dou840@sinergi.ru,POINT (37.70553779999999 55.6177605)
1171, Государственное бюджетное образовательное учреждение города Москвы детский сад комбинированного вида № 809, ГБОУ детский сад № 809,"809", Дошкольное образовательное учреждение, Детский сад комбинированного вида, Бюджетное, Центральное окружное управление образования," 123290 г. Москва, Шмитовский проезд, д.42, к.2",(499) 259-17-41, detskiisad-809@mail.ru,POINT (37.5205398 55.7563411)
1172, Государственное бюджетное образовательное учреждение города Москвы детский сад № 793, ГБОУ детский сад № 793,"793", Дошкольное образовательное учреждение, Детский сад, Бюджетное, Восточное окружное управление образования," 105264, г.Москва,ул.10-я Парковая д.18 а",(495) 465-04-47, gou793@mail.ru,POINT (37.8035617 55.797984)
1173, Государственное бюджетное образовательное учреждение города Москвы центр развития ребенка - детский сад № 1544, ГБОУ ЦРР-детский сад № 1544,"1 544", Дошкольное образовательное учреждение, Центр развития ребенка – детский сад, Бюджетное, Западное окружное управление образования," 119607, г.Москва, ул. Раменки, д. 13, корп. 1",(495) 932-20-80, dou1544@mail.ru,POINT (37.499077 55.691433)
1174, Государственное бюджетное образовательное учреждение города Москвы детский сад комбинированного вида № 810, ГБОУ детский сад,"810", Дошкольное образовательное учреждение, Детский сад комбинированного вида, Бюджетное, Западное окружное управление образования," 121552 г. Москва, ул. Ельнинская, д. 7, корп. 2",(499) 141-72-23, sad_810@mail.ru,POINT (37.420868 55.736517)
1175, Государственное бюджетное образовательное учреждение города Москвы детский сад комбинированного вида № 268, ГБОУ детский сад № 268,"268", Дошкольное образовательное учреждение, Детский сад комбинированного вида, Бюджетное, Центральное окружное управление образования," 123100 г. Москва, Шмитовский проезд, д.9",(499) 256-53-14, detsad268@rambler.ru,POINT (37.5527964 55.75809049999999)
1176, Государственное бюджетное образовательное учреждение города Москвы детский сад № 2608, ГБОУ детский сад № 2608,"2 608", Дошкольное образовательное учреждение, Детский сад, Бюджетное, Юго-Восточное окружное управление образования," 109457, Москва, улица Федора Полетаева, дом 6, корпус 3",(499) 746-55-30, detsad2608@mail.ru,POINT (37.773706 55.714102)
1177, Государственное бюджетное образовательное учреждение города Москвы детский сад № 706, ГБОУ детский сад № 706,"706", Дошкольное образовательное учреждение, Детский сад, Бюджетное, Южное окружное управление образования," 117525 г. Москва, ул.Красного Маяка, д. 9 А",(495) 387-38-53, dou706@sinergi.ru,POINT (37.587447 55.6114754)
1178, Государственное бюджетное образовательное учреждение города Москвы детский сад № 260, ГБОУ детский сад № 260,"260", Дошкольное образовательное учреждение, Детский сад, Бюджетное, Юго-Западное окружное управление образования," 117452, г.Москва, Балаклавский проспект, д.18",(495) 318-05-32, detsad260@yandex.ru; ds260@mosuzedu.ru,POINT (37.5977884 55.6422006)
1179, Государственное бюджетное образовательное учреждение города Москвы детский сад № 1344, ГБОУ детский сад № 1344,"1 344", Дошкольное образовательное учреждение, Детский сад, Бюджетное, Северо-Восточное окружное управление образования," 129347, город Москва, улица Ротерта, дом 14",(499) 188-37-47, dou1344@yandex.ru,POINT (37.7251458 55.8778367)
1180, Государственное бюджетное образовательное учреждение города Москвы детский сад комбинированного вида №1073, ГБОУ детский сад № 1073,"1 073", Дошкольное образовательное учреждение, Детский сад комбинированного вида, Бюджетное, Северо-Восточное окружное управление образования," 127572 город Москва, улица Абрамцевская, дом 14, корпус 2",(499) 200-50-11, detsad1073@mail.ru,POINT (37.5757572 55.9004456)
1181, Государственное бюджетное образовательное учреждение города Москвы детский сад № 1972, ГБОУ детский сад № 1972,"1 972", Дошкольное образовательное учреждение, Детский сад, Бюджетное, Южное окружное управление образования," 115404 г. Москва, ул Касимовская, д.11",(495) 326-51-47, dou1972@sinergi.ru,POINT (37.657066 55.5983655)
1182, Государственное бюджетное образовательное учреждение города Москвы детский сад № 1649, ГБОУ детский сад № 1649,"1 649", Дошкольное образовательное учреждение, Детский сад, Бюджетное, Западное окружное управление образования," 121351, г.Москва, ул. Кунцевская, д. 7, корп. 3",(495) 417-20-45, dou1649@mail.ru; http://ds1649.mszapad.ru,POINT (37.4203713 55.7293307)
1184, Государственное бюджетное образовательное учреждение города Москвы детский сад комбинированного вида № 1353, ГБОУ детский сад № 1353,"1 353", Дошкольное образовательное учреждение, Детский сад комбинированного вида, Бюджетное, Северо-Восточное окружное управление образования," 127276 г.Москва, ул.Ботаническая, д.6",(499) 201-49-22, dou1353@yandex.ru,POINT (37.5860801 55.8444413)
1185, Государственное бюджетное образовательное учреждение города Москвы центр развития ребенка - детский сад № 577, ГБОУ ЦРР - детский сад № 577,"577", Дошкольное образовательное учреждение, Центр развития ребенка – детский сад, Бюджетное, Южное окружное управление образования," 115409 г.Москва ул. Кантемировская,д.20,к.6",(499) 323-63-08, dou577@sinergi.ru,POINT (37.662353 55.641303)
1186, Государственное бюджетное образовательное учреждение города Москвы детский сад № 2621, ГБОУ детский сад № 2621,"2 621", Дошкольное образовательное учреждение, Детский сад, Бюджетное, Юго-Западное окружное управление образования," 117042, г. Москва, ул. Горчакова, дом 19",(499)793-19-54, dou2621@ou.mosuzedu.ru,POINT (37.5339755 55.5395502)
1187, Государственное бюджетное образовательное учреждение города Москвы детский сад № 1605, ГБОУ детский сад № 1605,"1 605", Дошкольное образовательное учреждение, Детский сад, Бюджетное, Западное окружное управление образования," 121609, г.Москва, ул. Крылатские холмы, д. 9",(495) 413-56-25, dou1605@mail.ru,POINT (37.4216661 55.74913129999999)
1188," Государственное бюджетное образовательное учреждение города Москвы центр развития ребенка - детский сад № 1156 ""Василек""", ГБОУ ЦРР – детский сад № 1156 «Василек»,"1 156", Дошкольное образовательное учреждение, Детский сад, Бюджетное, Троицкое и новомосковское окружное управление образования," 105318, Москва Город, Семеновская Площадь, 4",#Н/Д, vasilek34@list.ru,POINT (37.7210321 55.7813321)
1189, Государственное бюджетное образовательное учреждение города Москвы детский сад компенсирующего вида № 1019, ГБОУ детский сад № 1019,"1 019", Дошкольное образовательное учреждение, Детский сад компенсирующего вида, Бюджетное, Северо-Восточное окружное управление образования," 127576, г. Москва, Алтуфьевское ш., д. 91 Б",(499) 200-70-88, Goy_ds1019@mail.ru,POINT (37.584 55.89624999999999)
1190, Государственное бюджетное образовательное учреждение города Москвы детский сад № 1383, ГБОУ детский сад № 1383,"1 383", Дошкольное образовательное учреждение, Детский сад, Бюджетное, Южное окружное управление образования," 115597, г. Москва, ул.Ясеневая, д.34, к.3",(495) 398-53-58, dou1383@sinergi.ru,POINT (37.7428645 55.6040212)
1191, Государственное бюджетное образовательное учреждение города Москвы детский сад № 139, ГБОУ детский сад №139,"139", Дошкольное образовательное учреждение, Детский сад, Бюджетное, Юго-Восточное окружное управление образования," 109439, г. Москва, ул. Юных Ленинцев, д. 107, корп. 2",(499) 175-52-22, ds139@rambler.ru,POINT (37.78352599999999 55.699151)
1192, Государственное бюджетное образовательное учреждение города Москвы детский сад № 236, ГБОУ детский сад № 236,"236", Дошкольное образовательное учреждение, Детский сад, Бюджетное, Юго-Западное окружное управление образования," 117418, г. Москва, ул. Новочеремушкинская, д.52, корп.1","8-499-128-39-23", dou236@mosuzedu.ru,POINT (37.5638837 55.67000669999999)
1193, Государственное бюджетное образовательное учреждение города Москвы детский сад общеразвивающего вида № 905, ГБОУ детский сад № 905,"905", Дошкольное образовательное учреждение, Детский сад общеразвивающего вида с приоритетным осуществлением деятельности по одному из направлений развития детей, Бюджетное, Южное окружное управление образования," 115563 г. Москва, Борисовский пр. д.24, кор.2",(495) 393-39-00, dou905@sinergi.ru,POINT (37.7240876 55.6239011)
1194, Государственное бюджетное образовательное учреждение города Москвы детский сад № 2443, ГБОУ детский сад № 2443,"2 443", Дошкольное образовательное учреждение, Детский сад, Бюджетное, Восточное окружное управление образования, 105173 г. Москва ул. Главная д. 5а,(499) 780-69-58, detsad2443@yandex.ru,POINT (37.8618234 55.8194204)
1195, Государственное бюджетное образовательное учреждение города Москвы детский сад № 689, ГБОУ детский сад №689,"689", Дошкольное образовательное учреждение, Детский сад, Бюджетное, Юго-Западное окружное управление образования," 117342, г. Москва, ул.Введенского, 11 А",(495)333-25-16, dou689@ou.mosuzedu.ru,POINT (37.54481699999999 55.64253)
1196, Государственное бюджетное образовательное учреждение города Москвы центр развития ребенка - детский сад № 1352, ГБОУ ЦРР - детский сад № 1352,"1 352", Дошкольное образовательное учреждение, Центр развития ребенка – детский сад, Бюджетное, Восточное окружное управление образования," 105568, г. Москва, ул. Челябинская, д. 26 А",(499) 308-00-08, detsad1352@mail.ru; detsad1352@rambler.ru,POINT (37.8356808 55.7780166)
1197, Государственное бюджетное образовательное учреждение города Москвы центр развития ребенка - детский сад № 2348, ГБОУ ЦРР - детский сад № 2348,"2 348", Дошкольное образовательное учреждение, Центр развития ребенка – детский сад, Бюджетное, Юго-Восточное окружное управление образования," 109469, г. Москва, ул. Марьинский бульвар, дом 9",(499) 784-88-79, centrRR-2348@rambler.ru,POINT (37.761503 55.65304399999999)
1198, Государственное бюджетное образовательное учреждение города Москвы детский сад № 281, ГБОУ детский сад № 281,"281", Дошкольное образовательное учреждение, Детский сад компенсирующего вида, Бюджетное, Северное окружное управление образования," 125412, г. Москва, улица Клязьминская, дом 10Б",(499) 906-63-25, 281zdravstvyi@mail.ru,POINT (37.5244485 55.8843897)
1199, Государственное бюджетное образовательное учреждение города Москвы детский сад № 2221, ГБОУ детский сад № 2221,"2 221", Дошкольное образовательное учреждение, Детский сад, Бюджетное, Юго-Восточное окружное управление образования," 109145, г. Москва, Хвалынский бульвар, дом 4, корпус 3",(495) 705-62-00, det-2221@yandex.ru,POINT (37.8492066 55.6995517)
1200, Государственное бюджетное образовательное учреждение города Москвы центр развития ребенка - детский сад № 2530, ГБОУ ЦРР - детский сад № 2530,"2 530", Дошкольное образовательное учреждение, Центр развития ребенка – детский сад, Бюджетное, Северное окружное управление образования," 125130, г. Москва, Старопетровский проезд, дом 12а",(499) 747-43-19, gou2530@mail.ru,POINT (37.509659 55.82485939999999)
1201, Государственное бюджетное образовательное учреждение города Москвы детский сад комбинированного вида № 635, ГБОУ детский сад № 635,"635", Дошкольное образовательное учреждение, Детский сад комбинированного вида, Бюджетное, Восточное окружное управление образования," 111555, г. Москва, Напольный проезд, дом 3",(495) 305-87-03, dscombvida635@mail.ru; zav635@mail.ru,POINT (37.823152 55.7585961)
1202, Государственное бюджетное образовательное учреждение города Москвы детский сад общеразвивающего вида № 275, ГБОУ детский сад № 275,"275", Дошкольное образовательное учреждение, Детский сад общеразвивающего вида с приоритетным осуществлением деятельности по одному из направлений развития детей, Бюджетное, Центральное окружное управление образования," 105062 г. Москва, ул. Машкова, д.3 а",(495) 624-95-44, basmanka1@mail.ru; mysykaeva827@mail.ru; detsad275@mail.ru,POINT (37.649559 55.7631003)
1203, Государственное бюджетное образовательное учреждение города Москвы детский сад № 1422, ГБОУ детский сад № 1422,"1 422", Дошкольное образовательное учреждение, Детский сад, Бюджетное, Восточное окружное управление образования," 105275, г.Москва,проспект Буденного, д. 47",(495) 366-78-55, det1422@rambler.ru,POINT (37.7362602 55.7620149)
1204, Государственное бюджетное образовательное учреждение города Москвы детский сад комбинированного вида № 1323, ГБОУ детский сад № 1323,"1 323", Дошкольное образовательное учреждение, Детский сад комбинированного вида, Бюджетное, Северное окружное управление образования," 127591, г. Москва, Керамический проезд, дом 71, корпус 4",(495) 485-29-68, ds1323@mail.ru,POINT (37.561587 55.890257)
1205, Государственное бюджетное образовательное учреждение города Москвы детский сад комбинированного вида № 2532, ГБОУ детский сад № 2532,"2 532", Дошкольное образовательное учреждение, Детский сад комбинированного вида, Бюджетное, Северо-Восточное окружное управление образования," 127253, город Москва, улица Псковская, дом 7, корпус 2",(499) 501-13-03, ds2532@mail.ru,POINT (37.549883 55.90483099999999)
1206, Государственное бюджетное образовательное учреждение города Москвы детский сад компенсирующего вида № 1949, ГБОУ детский сад № 1949,"1 949", Дошкольное образовательное учреждение, Детский сад компенсирующего вида, Бюджетное, Юго-Восточное окружное управление образования," 111020, г. Москва, ул. Авиамоторная, дом 13",(495) 362-11-44, sadik1949@mail.ru,POINT (37.714892 55.76101500000001)
1207, Государственное бюджетное образовательное учреждение города Москвы детский сад компенсирующего вида №1286, ГБОУ детский сад № 1286,"1 286", Дошкольное образовательное учреждение, Детский сад компенсирующего вида, Бюджетное, Восточное окружное управление образования," 111555, г. Москва, ул. Молостовых, дом 1, корпус 5",(495) 300-02-30, detсad1286@yandex.ru,POINT (37.83544699999999 55.765404)
1208, Государственное бюджетное образовательное учреждение города Москвы детский сад № 1899, ГБОУ детский сад № 1899,"1 899", Дошкольное образовательное учреждение, Детский сад, Бюджетное, Восточное окружное управление образования," 111396,г.Москва,Зеленый проспект,дом 64А",(495) 302-23-05, ds1899@mail.ru,POINT (37.8195754 55.7493187)
1209, Государственное бюджетное образовательное учреждение города Москвы детский сад комбинированного вида № 784, ГБОУ детский сад № 784,"784", Дошкольное образовательное учреждение, Детский сад комбинированного вида, Бюджетное, Южное окружное управление образования," 115404 г.Москва, ул.Ряжская, д.11",(495) 327-34-89, dou784@sinergi.ru,POINT (37.66792969999999 55.5911313)
1210, Государственное бюджетное образовательное учреждение города Москвы детский сад комбинированного вида № 1010, ГБОУ детский сад № 1010,"1 010", Дошкольное образовательное учреждение, Детский сад комбинированного вида, Бюджетное, Восточное окружное управление образования," 107589, г. Москва, ул. Красноярская, д.9A",(495) 467-49-00, DC-1010@yandex.ru,POINT (37.8327316 55.8226486)
1211," Государственное бюджетное образовательное учреждение города Москвы детский сад комбинированного вида № 1086 ""Белоснежка""", ГБОУ детский сад № 1086 «Белоснежка»,"1 086", Дошкольное образовательное учреждение, Детский сад комбинированного вида, Бюджетное, Троицкое и новомосковское окружное управление образования," 105318, Москва Город, Семеновская Площадь, 4",#Н/Д, plimplim@mail.ru,POINT (37.7210321 55.7813321)
1212, Государственное бюджетное образовательное учреждение города Москвы детский сад комбинированного вида № 435, ГБОУ детский сад № 435,"435", Дошкольное образовательное учреждение, Детский сад комбинированного вида, Бюджетное, Северное окружное управление образования," 127644, г. Москва, Карельский бульвар, дом 23 А",(495) 485-12-11, detsad435@yandex.ru,POINT (37.5327348 55.8958307)
1213, Государственное бюджетное образовательное учреждение города Москвы детский сад № 1528, ГБОУ детский сад № 1528,"1 528", Дошкольное образовательное учреждение, Детский сад, Бюджетное, Восточное окружное управление образования," 111539, г. Москва,ул.Реутовская ,12А",(495) 375-51-96, ds1528@rambler.ru; samoldinarosa@mail.ru; nsokolova1528@rambler.ru; nvivev@mail.ru,POINT (37.83440820000001 55.736391)
1214, Государственное бюджетное образовательное учреждение города Москвы детский сад компенсирующего вида № 2664, ГБОУ детский сад № 2664,"2 664", Дошкольное образовательное учреждение, Детский сад компенсирующего вида, Бюджетное, Северное окружное управление образования," 125412, г. Москва, улица Клязьминская, дом 10 В",(499) 905-39-42, galkina2664@yandex.ru,POINT (37.52372769999999 55.8848344)
1215, Государственное бюджетное образовательное учреждение города Москвы детский сад компенсирующего вида № 1047, ГБОУ детский сад № 1047,"1 047", Дошкольное образовательное учреждение, Детский сад компенсирующего вида, Бюджетное, Северо-Восточное окружное управление образования," 127224 г. Москва, Студеный проезд, д. 32а",(499) 479-21-09, detsad1047@mail.ru,POINT (37.669424 55.8913434)
1216, Государственное бюджетное образовательное учреждение города Москвы детский сад № 487, ГБОУ детский сад № 487,"487", Дошкольное образовательное учреждение, Детский сад, Бюджетное, Северо-Восточное окружное управление образования," 129343, г.Москва, ул. Амундсена, д. 13, корп.3",(499) 180-11-43, dou487@yandex.ru,POINT (37.65348760000001 55.8527372)
1217, Государственное бюджетное образовательное учреждение города Москвы детский сад компенсирующего вида № 802, ГБОУ детский сад № 802,"802", Дошкольное образовательное учреждение, Детский сад компенсирующего вида, Бюджетное, Центральное окружное управление образования," 109004, г. Москва, Николоямской пер., д.3 А, кор. 2",(495) 912-08-34, detsad802@yandex.ru,POINT (37.6598167 55.7482604)
1218, Государственное бюджетное образовательное учреждение города Москвы центр развития ребенка - детский сад № 2426, ГБОУ ЦРР - детский сад № 2426,"2 426", Дошкольное образовательное учреждение, Центр развития ребенка – детский сад, Бюджетное, Юго-Восточное окружное управление образования," 109451, г. Москва, ул. Братиславская, д. 9",(495) 658-52-59, 2426@inbox.ru,POINT (37.7558938 55.6647155)
1221, Государственное бюджетное образовательное учреждение города Москвы детский сад № 116, ГБОУ детский сад № 116,"116", Дошкольное образовательное учреждение, Детский сад общеразвивающего вида с приоритетным осуществлением деятельности по одному из направлений развития детей, Бюджетное, Северное окружное управление образования," 127238, г. Москва, 3-й Нижнелихоборский проезд, дом 5А",(499) 790-47-22, gbou116@yandex.ru,POINT (37.5658603 55.8468615)
1222, Государственное бюджетное образовательное учреждение города Москвы детский сад общеразвивающего вида № 2583, ГБОУ детский сад № 2583,"2 583", Дошкольное образовательное учреждение, Детский сад общеразвивающего вида с приоритетным осуществлением деятельности по одному из направлений развития детей, Бюджетное, Юго-Восточное окружное управление образования," 115193, г. Москва, ул. 5 Кожуховская, дом 27, к.2",(495) 671-94-69, sad2583@mail.ru,POINT (37.677955 55.706146)
1223, Государственное бюджетное образовательное учреждение города Москвы детский сад № 2499, ГБОУ детский сад № 2499,"2 499", Дошкольное образовательное учреждение, Детский сад, Бюджетное, Юго-Восточное окружное управление образования," 109559, г. Москва, ул. Белореченская, д. 10, корп. 2",(495) 359-25-29, detskiysad_2499@mail.ru; ds2499@mail.ru,POINT (37.763089 55.671819)
1224, Государственное бюджетное образовательное учреждение города Москвы детский сад комбинированного вида № 632, ГБОУ детский сад № 632,"632", Дошкольное образовательное учреждение, Детский сад комбинированного вида, Бюджетное, Северное окружное управление образования," 127247, г. Москва, Дмитровское шоссе, дом 88",(499) 488-20-95, detsad632@yandex.ru,POINT (37.5496117 55.8710579)
1225, Государственное бюджетное образовательное учреждение города Москвы детский сад общеразвивающего вида № 790, ГБОУ детский сад № 790,"790", Дошкольное образовательное учреждение, Детский сад общеразвивающего вида с приоритетным осуществлением деятельности по одному из направлений развития детей, Бюджетное, Юго-Западное окружное управление образования," 117321, г.Москва, ул.Профсоюзная, д.130Б",(495)338-48-00, dou790@mosuzedu.ru,POINT (37.5115392 55.63171510000001)
1226, Государственное бюджетное образовательное учреждение города Москвы центр развития ребенка - детский сад № 1407, ГБОУ ЦРР - детский сад № 1407,"1 407", Дошкольное образовательное учреждение, Центр развития ребенка – детский сад, Бюджетное, Южное окружное управление образования," 115446 г. Москва, Миллионщикова Академика ул. д.31, к.3",(499) 612-32-78, dou1407@sinergi.ru,POINT (37.5301582 55.8294661)
1227, Государственное бюджетное образовательное учреждение города Москвы детский сад компенсирующего вида № 1363, ГБОУ детский сад № 1363,"1 363", Дошкольное образовательное учреждение, Детский сад компенсирующего вида, Бюджетное, Южное окружное управление образования," 117648, г. Москва, Северное Чертаново, корп. 812",(495) 319-69-27, dou1363@sinergi.ru,POINT (37.5961887 55.6383327)
1228," Государственное бюджетное образовательное учреждение города Москвы детский сад комбинированного вида № 1139 ""Боровичок""", ГБОУ детский сад № 1139 «Боровичок»,"1 139", Дошкольное образовательное учреждение, Детский сад комбинированного вида, Бюджетное, Троицкое и новомосковское окружное управление образования," 142762, Москва Город, Марьино Деревня",#Н/Д, borovichok38@bk.ru,POINT (37.3341022 55.5552157)
1229, Государственное бюджетное образовательное учреждение города Москвы центр развития ребенка - детский сад № 1417, ГБОУ ЦРР - детский сад № 1417,"1 417", Дошкольное образовательное учреждение, Центр развития ребенка – детский сад, Бюджетное, Восточное окружное управление образования," 107065, г. Москва, ул. Уссурийская, д. 1",(495) 469-45-38, ds1417@mail.ru,POINT (37.8105113 55.825455)
1230, Государственное бюджетное образовательное учреждение города Москвы детский сад № 616, ГБОУ детский сад № 616,"616", Дошкольное образовательное учреждение, Детский сад, Бюджетное, Юго-Восточное окружное управление образования," 109386, г. Москва, Таганрогская улица, дом22",(495) 359-12-42, ds616@yandex.ru,POINT (37.7549937 55.6758239)
1231, Государственное бюджетное образовательное учреждение города Москвы детский сад № 978, ГБОУ детский сад № 978,"978", Дошкольное образовательное учреждение, Детский сад, Бюджетное, Северо-Восточное окружное управление образования," 127566, город Москва, улица Бестужевых, д. 8в",(499) 204-39-00, detsad978@mail.ru,POINT (37.60326 55.868629)
1232, Государственное бюджетное образовательное учреждение города Москвы детский сад общеразвивающего вида № 36, ГБОУ детский сад № 36, 36, Дошкольное образовательное учреждение, Детский сад общеразвивающего вида с приоритетным осуществлением деятельности по одному из направлений развития детей, Бюджетное, Восточное окружное управление образования," 105118, г.Москва, 9-я ул. Соколиной горы, д.5 А",(495) 365-31-07, gou36@rambler.ru,POINT (37.73066439999999 55.7718788)
1233, Государственное бюджетное образовательное учреждение города Москвы детский сад компенсирующего вида № 65, ГБОУ детский сад № 65, 65, Дошкольное образовательное учреждение, Детский сад компенсирующего вида, Бюджетное, Юго-Восточное окружное управление образования," 109280, г. Москва, улица 1-ая Машиностроения, дом 2/7, корпус 2",(495) 675-86-48, gouds65@mail.ru,POINT (37.6659459 55.71345119999999)
1234, Государственное бюджетное образовательное учреждение города Москвы детский сад № 989, ГБОУ детский сад № 989,"989", Дошкольное образовательное учреждение, Детский сад, Бюджетное, Восточное окружное управление образования," 107143,г. Москва, Открытое шоссе, дом 23",(499) 167-40-78, detsad989@mail.ru,POINT (37.7542084 55.8263456)
1235, Государственное бюджетное образовательное учреждение города Москвы детский сад комбинированного вида № 765, ГБОУ детский сад № 765,"765", Дошкольное образовательное учреждение, Детский сад комбинированного вида, Бюджетное, Южное окружное управление образования," 115304 г. Москва,ул. Ереванская,18, к.1",(495) 321-27-47, dou765@sinergi.ru,POINT (37.6718908 55.6269812)
1236, Государственное бюджетное образовательное учреждение города Москвы детский сад № 134, ГБОУ детский сад № 134,"134", Дошкольное образовательное учреждение, Детский сад, Бюджетное, Юго-Восточное окружное управление образования," 109202, Москва, Перовское шоссе, дом 8-а",(499) 170-24-47, vashh-lyudmila@yandex.ru; gou.ds134@ya.ru,POINT (37.7454638 55.73513819999999)
1237, Государственное бюджетное образовательное учреждение города Москвы детский сад № 2126, ГБОУ детский сад № 2126,"2 126", Дошкольное образовательное учреждение, Детский сад, Бюджетное, Юго-Восточное окружное управление образования," 109388, Москва, Шоссейная ул., д.39, стр.1",(495) 354-35-44, ds2126@uvuo.ru; anna.kaw@yandex.ru,POINT (37.7256443 55.6788159)
1238, Государственное бюджетное образовательное учреждение города Москвы детский сад № 944, ГБОУ детский сад № 944,"944", Дошкольное образовательное учреждение, Детский сад, Бюджетное, Западное окружное управление образования," 121596, г.Москва, ул. Барвихинская, д. 12",(495) 448-92-35, sad944@mail.ru,POINT (37.3889326 55.7173894)
1239, Государственное бюджетное образовательное учреждение города Москвы детский сад общеразвивающего вида № 45, ГБОУ детский сад № 45, 45, Дошкольное образовательное учреждение, Детский сад общеразвивающего вида с приоритетным осуществлением деятельности по одному из направлений развития детей, Бюджетное, Центральное окружное управление образования," 123104 г.Москва, ул. Малая Бронная, дом 15, корпус 1.",(495) 691-44-96, dou45@rambler.ru; gbou45@yandex.ru,POINT (37.5962167 55.7609285)
1240, Государственное бюджетное образовательное учреждение города Москвы Детский сад №14, ГБОУ детский сад №14, 14, Дошкольное образовательное учреждение, Детский сад, Бюджетное, Восточное окружное управление образования," 105264, г. Москва, 5-я Парковая улица, д. 37",(495) 485-26-16, —,POINT (37.7875373 55.7999089)
1241, Государственное бюджетное образовательное учреждение города Москвы детский сад № 1464, ГБОУ детский сад № 1464,"1 464", Дошкольное образовательное учреждение, Детский сад, Бюджетное, Юго-Восточное окружное управление образования," 109444, г. Москва Самарканский б-р, д. 22, корп. 2",(495) 372-92-60, dc1464@mail.ru,POINT (37.8174191 55.7019752)
1242, Государственное бюджетное образовательное учреждение города Москвы детский сад компенсирующего вида № 1183, ГБОУ детский сад № 1183,"1 183", Дошкольное образовательное учреждение, Детский сад компенсирующего вида, Бюджетное, Центральное окружное управление образования," 119121 г. Москва, ул. Плющиха, д.16, к. 3",(499) 248-09-84, larads195@yandex.ru,POINT (37.5783496 55.7441577)
1243, Государственное бюджетное образовательное учреждение города Москвы детский сад № 2010, ГБОУ детский сад № 2010,"2 010", Дошкольное образовательное учреждение, Детский сад общеразвивающего вида с приоритетным осуществлением деятельности по одному из направлений развития детей, Бюджетное, Северное окружное управление образования," 125183, г. Москва, улица Лихоборские бугры, дом 6 А",(495) 482-58-01, detsad-2010@yandex.ru,POINT (37.5494375 55.842781)
1244, Государственное бюджетное образовательное учреждение города Москвы детский сад комбинированного вида № 1076, ГБОУ детский сад № 1076,"1 076", Дошкольное образовательное учреждение, Детский сад комбинированного вида, Бюджетное, Троицкое и новомосковское окружное управление образования," 105318, Москва Город, Семеновская Площадь, 4",#Н/Д, —,POINT (37.7210321 55.7813321)
1245, Государственное бюджетное образовательное учреждение города Москвы детский сад комбинированного вида № 1921, ГБОУ Детский сад комбинированного вида № 1921,"1 921", Дошкольное образовательное учреждение, Детский сад комбинированного вида, Бюджетное, Центральное окружное управление образования," 127006, Москва, Нововоротниковский пер., д. 6",(495) 681-14-45, ds1918@mail.ru; eleonora.sad1921@gmail.com,POINT (37.603885 55.779274)
1246, Государственное бюджетное образовательное учреждение города Москвы детский сад комбинированного вида № 1973, ГБОУ детский сад № 1973,"1 973", Дошкольное образовательное учреждение, Детский сад комбинированного вида, Бюджетное, Южное окружное управление образования," 115404 г. Москва,ул. Липецкая,д.8,корп.2",(495) 326-42-10, dou1973@sinergi.ru,POINT (37.6683285 55.5990633)
1247, Государственное бюджетное образовательное учреждение города Москвы детский сад № 1163, ГБОУ детский сад № 1163,"1 163", Дошкольное образовательное учреждение, Детский сад, Бюджетное, Юго-Восточное окружное управление образования," 109559, г. Москва, ул. Совхозная, д. 16, к. 2",(495) 358-11-56, melehova1163@yandex.ru,POINT (37.767089 55.679606)
1248, Государственное бюджетное образовательное учреждение города Москвы детский сад № 205, ГБОУ детский сад № 205,"205", Дошкольное образовательное учреждение, Детский сад, Бюджетное, Юго-Восточное окружное управление образования," 109462, г. Москва, улица Маршала Чуйкова, дом 6, корпус 1",(499) 172-96-09, ds205@mail.ru,POINT (37.762198 55.703817)
1249, Государственное бюджетное образовательное учреждение города Москвы детский сад № 1588, ГБОУ детский сад № 1588,"1 588", Дошкольное образовательное учреждение, Детский сад, Бюджетное, Южное окружное управление образования," 117152 г. Москва, Загородное ш,д.6 к.6",(495) 952-94-79, dou1588@sinergi.ru,POINT (37.6155376 55.6999941)
1250, Государственное бюджетное образовательное учреждение города Москвы детский сад общеразвивающего вида № 1279, ГБОУ детский сад №1279,"1 279", Дошкольное образовательное учреждение, Детский сад общеразвивающего вида с приоритетным осуществлением деятельности по одному из направлений развития детей, Бюджетное, Юго-Западное окружное управление образования," 117418, г. Москва, улица Цюрупы, дом 15, корпус 1","4953313885", gouds1279@mosuzedu.ru,POINT (37.568867 55.66648799999999)
1251, Государственное бюджетное образовательное учреждение города Москвы детский сад № 1745, ГБОУ детский сад № 1745,"1 745", Дошкольное образовательное учреждение, Детский сад, Бюджетное, Северо-Восточное окружное управление образования," 127322, город Москва, улица Фонвизина, дом 17, корпус 1",(495) 610-07-22, dou1745@yandex.ru,POINT (37.5869007 55.8210869)
1252, Государственное бюджетное образовательное учреждение города Москвы детский сад № 449, ГБОУ детский сад № 449,"449", Дошкольное образовательное учреждение, Детский сад, Бюджетное, Северное окружное управление образования," 125195, г. Москва, улица Фестивальная, дом 35Б",(499) 458-17-74, yasli-sad449@yandex.ru,POINT (37.480778 55.859118)
1253, Государственное бюджетное образовательное учреждение города Москвы детский сад комбинированного вида № 1421, ГБОУ детский сад № 1421,"1 421", Дошкольное образовательное учреждение, Детский сад комбинированного вида, Бюджетное, Юго-Западное окружное управление образования," 117593, г. Москва, Литовский бульвар, дом 11, корпус 4","8-495-425-00-33", gou1421@mosuzedu.ru,POINT (37.5428365 55.6147577)
1254, Государственное бюджетное образовательное учреждение города Москвы центр развития ребенка - детский сад № 2343, ГБОУ ЦРР - детский сад № 2343,"2 343", Дошкольное образовательное учреждение, Центр развития ребенка – детский сад, Бюджетное, Восточное окружное управление образования," ""111673, г. Москва, ул. Новокосинская, д.15 ""Б""",(495) 701-99-50, sad-2343@yandex.ru,POINT (37.8525158 55.7390112)
1255, Государственное бюджетное образовательное учреждение города Москвы детский сад №2480, ГБОУ детский сад №2480,"2 480", Дошкольное образовательное учреждение, Детский сад, Бюджетное, Юго-Западное окружное управление образования," 117452, г. Москва, улица Азовская, дом 24, корпус 2","319-95-63", dou2480@ou.mosuzedu.ru,POINT (37.5958572 55.6514729)
1256, Государственное бюджетное образовательное учреждение города Москвы детский сад № 1137, ГБОУ детский сад № 1137,"1 137", Дошкольное образовательное учреждение, Детский сад, Бюджетное, Западное окружное управление образования," 119526, г.Москва, ул. 26-ти Бакинских комиссаров, д. 10, к. 3",(499) 739-56-24, ds1137@mail.ru; ds1137@yandex.ru; gou1137@gmail.com,POINT (37.6150527 55.7568721)
1257, Государственное бюджетное образовательное учреждение города Москвы детский сад комбинированного вида № 828, ГБОУ детский сад № 828,"828", Дошкольное образовательное учреждение, Детский сад компенсирующего вида, Бюджетное, Северное окружное управление образования," 125183, г. Москва, 4-ый Новомихалковский проезд, дом 6 А",(499) 154-31-18, surova.marina-79@yandex.ru,POINT (37.5458162 55.841939)
1258, Государственное бюджетное образовательное учреждение города Москвы детский сад компенсирующего вида № 2720, ГБОУ детский сад № 2720,"2 720", Дошкольное образовательное учреждение, Детский сад компенсирующего вида, Бюджетное, Юго-Западное окружное управление образования," 117623, г.Москва, ул. Маршала Савицкого, дом 30, корп.2",(499) 232-49-90, dou2720@mosuzedu.ru; dou2720@ou.mosuzedu.ru; dou2720@mosuzedu.ru,POINT (37.5987314 55.5024549)
1259, Государственное бюджетное образовательное учреждение города Москвы детский сад комбинированного вида № 2009, ГБОУ детский сад № 2009,"2 009", Дошкольное образовательное учреждение, Детский сад комбинированного вида, Бюджетное, Центральное окружное управление образования," 123290 г.Москва, Шелепихинская наб., д.12, стр.2",(499) 259-76-24, agureeva.anna@rambler.ru; gouds2009@yandex.ru,POINT (37.5221985 55.7527055)
1260, Государственное бюджетное образовательное учреждение города Москвы детский сад компенсирующего вида № 2156, ГБОУ детский сад № 2156,"2 156", Дошкольное образовательное учреждение, Детский сад компенсирующего вида, Бюджетное, Юго-Западное окружное управление образования," 117628, г. Москва, ул. Куликовская, дом 1 Г",(495) 712-08-46, ds2156@yandex.ru,POINT (37.56655670000001 55.5737403)
1261, Государственное бюджетное образовательное учреждение города Москвы детский сад № 962, ГБОУ детский сад № 962,"962", Дошкольное образовательное учреждение, Детский сад, Бюджетное, Северо-Восточное окружное управление образования," 129337, г. Москва, ул. Федоскинская, д. 3 корпус 1",(499) 182-14-74, detsad962@yandex.ru; dou962@yandex.ru,POINT (37.702539 55.86786799999999)
1262, Государственное бюджетное образовательное учреждение города Москвы детский сад комбинированного вида № 1713, ГБОУ детский сад № 1713,"1 713", Дошкольное образовательное учреждение, Детский сад комбинированного вида, Бюджетное, Юго-Восточное окружное управление образования," 109125, г. Москва, Волжский бульвар, квартал 95, корпус 4",(499) 177-99-40, ds1713@mail.ru,POINT (37.7350562 55.7022918)
1263, Государственное бюджетное образовательное учреждение города Москвы детский сад общеразвивающего вида № 1932, ГБОУ детский сад № 1932,"1 932", Дошкольное образовательное учреждение, Детский сад общеразвивающего вида с приоритетным осуществлением деятельности по одному из направлений развития детей, Бюджетное, Юго-Восточное окружное управление образования," 109369, г. Москва, Новочеркасский бульвар, дом 39",(499) 356-10-74, NN@ds1932.ru,POINT (37.7362932 55.6499692)
1264, Государственное бюджетное образовательное учреждение города Москвы детский сад комбинированного вида № 1146, ГБОУ детский сад № 1146,"1 146", Дошкольное образовательное учреждение, Детский сад комбинированного вида, Бюджетное, Троицкое и новомосковское окружное управление образования," 105318, Москва Город, Семеновская Площадь, 4",#Н/Д, —,POINT (37.7210321 55.7813321)
1265, Государственное бюджетное образовательное учреждение города Москвы детский сад компенсирующего вида №1763, ГБОУ детский сад № 1763,"1 763", Дошкольное образовательное учреждение, Детский сад компенсирующего вида, Бюджетное, Юго-Восточное окружное управление образования," 111020, г. Москва 1-ая Синичкина ул., д. 2",(495) 360-49-09, filutichai@list.ru; ds1763@mail.ru,POINT (37.70417339999999 55.7660261)
1266, Государственное бюджетное образовательное учреждение города Москвы детский сад № 1554, ГБОУ детский сад № 1554,"1 554", Дошкольное образовательное учреждение, Детский сад, Бюджетное, Южное окружное управление образования," 115612 г. Москва, ул.Ключевая, д.8, к.3",(495) 342-51-51, dou1554@sinergi.ru,POINT (37.7548785 55.6358679)
1267, Государственное бюджетное образовательное учреждение города Москвы детский сад № 942, ГБОУ детский сад № 942,"942", Дошкольное образовательное учреждение, Детский сад, Бюджетное, Юго-Западное окружное управление образования," 119313, г.Москва, ул.Гарибальди, д. 4а","134-45-03", dou942@ou.mosuzedu.ru,POINT (37.5345099 55.6758444)
1268, Государственное бюджетное образовательное учреждение города Москвы детский сад общеразвивающего вида № 2503, ГБОУ детский сад № 2503,"2 503", Дошкольное образовательное учреждение, Детский сад общеразвивающего вида с приоритетным осуществлением деятельности по одному из направлений развития детей, Бюджетное, Южное окружное управление образования," 115598 г. Москва, ул. Загорьевская д.27,к.2",(495) 329-70-80, dou2503@sinergi.ru,POINT (37.695532 55.5838755)
1269, Государственное бюджетное образовательное учреждение города Москвы детский сад № 1880, ГБОУ детский сад № 1880,"1 880", Дошкольное образовательное учреждение, Детский сад, Бюджетное, Северо-Восточное окружное управление образования," 129642, г.Москва, проезд Дежнева, дом 8, корпус 1.",(499) 477-14-18, detsad1880@mail.ru,POINT (37.6429353 55.8720425)
1270, Государственное бюджетное образовательное учреждение города Москвы детский сад комбинированного вида № 876, ГБОУ детский сад № 876,"876", Дошкольное образовательное учреждение, Детский сад комбинированного вида, Бюджетное, Восточное окружное управление образования," 111539, г. Москва, ул. Реутовская, д. 24 А",(495) 375-53-04, sadik876@inbox.ru,POINT (37.8340033 55.7331817)
1271, Государственное бюджетное образовательное учреждение города Москвы детский сад № 1941, ГБОУ детский сад № 1941,"1 941", Дошкольное образовательное учреждение, Детский сад, Бюджетное, Юго-Восточное окружное управление образования," 109518 Москва улица Грайвороновская дом 10, корпус 3",(499) 173-47-72, mariyatroshina1941@yandex.ru,POINT (37.73243 55.717521)
1272, Государственное бюджетное образовательное учреждение города Москвы детский сад общеразвивающего вида № 2476, ГБОУ детский сад № 2476,"2 476", Дошкольное образовательное учреждение, Детский сад с этнокультурным (национальным) компонентом образования, Бюджетное, Западное окружное управление образования," 119361 г.Москва, ул. Наташи Ковшовой, д. 15, корп. 1",(495) 430-40-14, ds2476@mail.ru,POINT (37.4509981 55.6810487)
1273, Государственное бюджетное образовательное учреждение города Москвы детский сад № 1052, ГБОУ детский сад № 1052,"1 052", Дошкольное образовательное учреждение, Детский сад, Бюджетное, Юго-Западное окружное управление образования," 117574, г.Москва, Новоясеневский проспект, дом 12, корпус 4","423-36-00", gou1052@mail.ru,POINT (37.5186321 55.61044219999999)
1274, Государственное бюджетное образовательное учреждение города Москвы детский сад № 1375, ГБОУ детский сад № 1375,"1 375", Дошкольное образовательное учреждение, Детский сад, Бюджетное, Юго-Восточное окружное управление образования," 109559, г. Москва, ул. Белореченская, д. 9",(495) 358-01-75," oksana-geltuhina@rambler.ru; gou1375@yandex,ru",POINT (37.7695251 55.6733534)
1275, Государственное бюджетное образовательное учреждение города Москвы детский сад № 1260, ГБОУ детский сад № 1260,"1 260", Дошкольное образовательное учреждение, Детский сад, Бюджетное, Юго-Западное окружное управление образования," 119296, г.Москва, ул. Молодежная, дом 3 А","930-62-30", dou1260@mosuzedu.ru,POINT (37.5454969 55.69255339999999)
1276, Государственное бюджетное образовательное учреждение города Москвы детский сад комбинированного вида № 1985, ГБОУ детский сад № 1985,"1 985", Дошкольное образовательное учреждение, Детский сад комбинированного вида, Бюджетное, Северное окружное управление образования," 125319, г. Москва, ул. Академика Ильюшина, д. 16",(499) 152-08-62, Detsad.1985@mail.ru,POINT (37.5469593 55.8063481)
1277," Государственное бюджетное образовательное учреждение города Москвы детский сад комбинированного вида № 2594 ""Теремок"""," ГБОУ детский сад № 2594 ""Теремок""","2 594", Дошкольное образовательное учреждение, Детский сад комбинированного вида, Бюджетное, Городское подчинение: Управление дошкольного и общего образования," 141335, Московская область, Сергиево-Посадский район, село Шеметово, микрорайон Новый, д. 54",#Н/Д, teremok2594@mail.ru; teremok2594@yandex.ru,POINT (38.0855501 56.52209999999999)
1278, Государственное бюджетное образовательное учреждение города Москвы детский сад № 971, ГБОУ д/с № 971,"971", Дошкольное образовательное учреждение, Детский сад, Бюджетное, Юго-Восточное окружное управление образования," 109263, Москва, ул.Артюхиной, 25, к.4",(499) 179-34-41, D-S-N-971@yandex.ru,POINT (37.740979 55.6953496)
1279, Государственное бюджетное образовательное учреждение города Москвы детский сад общеразвивающего вида с приоритетным осуществлением деятельности по художественно-эстетическому развитию детей № 1441, ГБОУ детский сад № 1441,"1 441", Дошкольное образовательное учреждение, Детский сад общеразвивающего вида с приоритетным осуществлением деятельности по одному из направлений развития детей, Бюджетное, Южное окружное управление образования," 115372 г. Москва, ул. Бирюлевская, д.55, к.2",(495) 329-86-60, dou1441@sinergi.ru; dou1441@yandex.ru,POINT (37.6752918 55.58228030000001)
1280, Государственное бюджетное образовательное учреждение города Москвы детский сад № 863, ГБОУ детский сад № 863,"863", Дошкольное образовательное учреждение, Детский сад, Бюджетное, Западное окружное управление образования," 119517, г.Москва, ул. Нежинская, д. 8",(495) 442-90-23, olsor@mail.ru; sad863@mail.ru,POINT (37.4688038 55.7093438)
1281, Государственное бюджетное образовательное учреждение города Москвы центр развития ребенка - детский сад № 2561, ГБОУ ЦРР-детский сад № 2561,"2 561", Дошкольное образовательное учреждение, Центр развития ребенка – детский сад, Бюджетное, Западное окружное управление образования," 121609 г. Москва, ул. Крылатская, дом 45, корп.4",(499) 726-69-79, dc2561@mail.ru,POINT (37.396309 55.769572)
1282, Государственное бюджетное образовательное учреждение города Москвы детский сад № 2676, ГБОУ детский сад № 2676,"2 676", Дошкольное образовательное учреждение, Детский сад, Бюджетное, Восточное окружное управление образования," 107065, г. Москва, ул. Алтайская, д. 13А",(499) 780-13-05, ds2676@yandex.ru,POINT (37.81790280000001 55.8213602)
1283, Государственное бюджетное образовательное учреждение города Москвы детский сад № 1463, ГБОУ детский сад № 1463,"1 463", Дошкольное образовательное учреждение, Детский сад, Бюджетное, Западное окружное управление образования," 119330, г.Москва, ул. Мосфильмовская, д. 17 А",(499) 143-03-03, down1463@mail.ru,POINT (37.516212 55.715493)
1284, Государственное бюджетное образовательное учреждение города Москвы детский сад № 1684, ГБОУ Детский сад № 1684,"1 684", Дошкольное образовательное учреждение, Детский сад, Бюджетное, Северо-Восточное окружное управление образования," 129281, город Москва, улица Изумрудная, дом 11, корпус 1",(499) 184-50-33, detcad1684@mail.ru,POINT (37.6815967 55.8721803)
1285, Государственное бюджетное образовательное учреждение города Москвы детский сад комбинированного вида № 1825, ГБОУ детский сад № 1825,"1 825", Дошкольное образовательное учреждение, Детский сад комбинированного вида, Бюджетное, Центральное окружное управление образования," 115184 ул. Пятницкая, дом 54, стр.3",(495) 953-83-17, gou1825@mail.ru,POINT (37.62655910000001 55.7340385)
1286, Государственное бюджетное образовательное учреждение города Москвы детский сад общеразвивающего вида с приоритетным осуществлением деятельности по физическому развитию детей № 988, ГБОУ детский сад № 988,"988", Дошкольное образовательное учреждение, Детский сад общеразвивающего вида с приоритетным осуществлением деятельности по одному из направлений развития детей, Бюджетное, Юго-Западное окружное управление образования," 117574, г.Москва, Вильнюсская улица, дом 3, корп. 2",(495)421-97-00, Knippel_nina@mail.ru,POINT (37.5256828 55.60586319999999)
1287, Государственное бюджетное образовательное учреждение города Москвы детский сад № 892, ГБОУ детский сад № 892,"892", Дошкольное образовательное учреждение, Детский сад, Бюджетное, Западное окружное управление образования," 119526, г.Москва, Проспект Вернадского, д. 99, корп. 2",(495) 434-66-36, douds892@mail.ru; dc892@rambler.ru,POINT (37.491116 55.665475)
1288, Государственное бюджетное образовательное учреждение города Москвы детский сад № 250, ГБОУ детский сад № 250,"250", Дошкольное образовательное учреждение, Детский сад, Бюджетное, Юго-Западное окружное управление образования," 117321, г. Москва, ул. Профсоюзная, дом 152Б","0", ds793@mail.ru,POINT (37.5020266 55.6236194)
1289, Государственное бюджетное образовательное учреждение города Москвы детский сад общеразвивающего вида № 868, ГБОУ детский сад № 868,"868", Дошкольное образовательное учреждение, Детский сад общеразвивающего вида с приоритетным осуществлением деятельности по одному из направлений развития детей, Бюджетное, Восточное окружное управление образования," 111555, г. Москва,ул. Сталеваров, 8Б.",(495) 300-03-01,  sad868@yandex.ru,POINT (37.8379146 55.7654422)
1290, Государственное бюджетное образовательное учреждение города Москвы детский сад № 982, ГБОУ детский сад № 982,"982", Дошкольное образовательное учреждение, Детский сад, Бюджетное, Юго-Западное окружное управление образования," 117209, г.Москва, Перекопская ул., дом 32","331-69-21", doukinder982@yandex.ru,POINT (37.5681681 55.6615176)
1291, Государственное бюджетное образовательное учреждение города Москвы детский сад комбинированного вида №733, ГБОУ детский сад № 733,"733", Дошкольное образовательное учреждение, Детский сад комбинированного вида, Бюджетное, Северо-Западное окружное управление образования," 123181, г. Москва, ул. Исаковского, д. 22, корп. 2",(495) 750-85-57,  dou733@szouo.ru; dou-733@yandex.ru; dou733@mail.ru,POINT (37.4117981 55.8104843)
1292, Государственное бюджетное образовательное учреждение города Москвы детский сад присмотра и оздоровления № 1891, ГБОУ детский сад № 1891,"1 891", Дошкольное образовательное учреждение, Детский сад присмотра и оздоровления, Бюджетное, Западное окружное управление образования," 121170, г.Москва, ул. Поклонная, д. 4",(499) 249-03-70, gou1891@gmail.com; gou1891@gmail.com; gou1891@gmail.com; gou1891@gmail.com,POINT (37.5327961 55.7371981)
1293, Государственное бюджетное образовательное учреждение города Москвы детский сад № 124, ГБОУ детский сад № 124,"124", Дошкольное образовательное учреждение, Детский сад, Бюджетное, Северо-Восточное окружное управление образования," 129164, г.Москва, Ракетный бульвар, д.14",(495) 683-51-72, gouds124@mail.ru; dou124@yandex.ru,POINT (37.6539615 55.81751939999999)
1294, Государственное бюджетное образовательное учреждение города Москвы детский сад № 1202, ГБОУ детский сад № 1202,"1 202", Дошкольное образовательное учреждение, Детский сад, Бюджетное, Южное окружное управление образования," 115580 г.Москва, ул.Мусы Джалиля, д.17, к.4",(495) 396-24-66, dou1202@sinergi.ru,POINT (37.746341 55.6248593)
1295, Государственное бюджетное образовательное учреждение города Москвы детский сад общеразвивающего вида № 882, ГБОУ детский сад № 882,"882", Дошкольное образовательное учреждение, Детский сад общеразвивающего вида с приоритетным осуществлением деятельности по одному из направлений развития детей, Бюджетное, Восточное окружное управление образования," 107241 г.Москва, улица Амурская, дом 38",(495) 167-44-84, d.sad882@list.ru,POINT (37.7799682 55.8117661)
1296, Государственное бюджетное образовательное учреждение города Москвы детский сад № 2256, ГБОУ детский сад № 2256,"2 256", Дошкольное образовательное учреждение, Детский сад, Бюджетное, Северо-Восточное окружное управление образования," 129085, город Москва, улица Бочкова, дом 5, корпус 1.",(495) 615-39-60, dou2256@yandex.ru,POINT (37.632803 55.810101)
1297, Государственное бюджетное образовательное учреждение города Москвы детский сад № 617, ГБОУ детский сад № 617,"617", Дошкольное образовательное учреждение, Детский сад, Бюджетное, Восточное окружное управление образования," 105264, Москва, ул.Верхняя Первомайская. д.28",(495) 965-02-29, dets-617@yandex.ru,POINT (37.7950822 55.7988149)
1298, Государственное бюджетное образовательное учреждение города Москвы детский сад № 339, ГБОУ детский сад № 339,"339", Дошкольное образовательное учреждение, Детский сад, Бюджетное, Юго-Восточное окружное управление образования," 109457, город Москва, улица Зеленодольская, дом 13, корпус 3",(499) 175-83-55, ds339@mail.ru; dsuv.339.mskobr.ru,POINT (37.7768583 55.7099519)
1299, Государственное бюджетное образовательное учреждение города Москвы детский сад № 27, ГБОУ детский сад № 27, 27, Дошкольное образовательное учреждение, Детский сад, Бюджетное, Северное окружное управление образования," 125493, г. Москва, улица Авангардная, дом 4А",(495) 452-54-71, gou-ds-2@mail.ru,POINT (37.493241 55.843471)
1300," Муниципальное автономное дошкольное образовательное учреждение Центр развития ребенка Детский сад №7 ""Сказка"""," МАДОУ Детский сад №7 ""Сказка""", 7, Дошкольное образовательное учреждение, Центр развития ребенка – детский сад, Автономное, Троицкое и новомосковское окружное управление образования," 142191, Москва Город, Троицк Город, В Микрорайон, 23",#Н/Д, madou7.skazka@yandex.ru,POINT (37.3032108 55.4903205)
1301, Государственное бюджетное образовательное учреждение города Москвы детский сад № 1021, ГБОУ детский сад № 1021,"1 021", Дошкольное образовательное учреждение, Детский сад, Бюджетное, Центральное окружное управление образования," 129272 г.Москва, ул.Трифоновская ,д.45 А, стр.1",(495) 684-14-15, sad1021@yandex.ru,POINT (37.626245 55.78927299999999)
1302, Государственное бюджетное образовательное учреждение города Москвы детский сад компенсирующего вида № 2028, ГБОУ детский сад № 2028,"2 028", Дошкольное образовательное учреждение, Детский сад компенсирующего вида, Бюджетное, Южное окружное управление образования," 117208 г. Москва, Сумской пр. 7а",(495) 311-00-54, dou2028@sinergi.ru,POINT (37.6059386 55.633588)
1303, Государственное бюджетное образовательное учреждение города Москвы детский сад общеразвивающего вида № 95, ГБОУ детский сад № 95, 95, Дошкольное образовательное учреждение, Детский сад общеразвивающего вида с приоритетным осуществлением деятельности по одному из направлений развития детей, Бюджетное, Северо-Восточное окружное управление образования," 129594, г.Москва, 2-ая улица Марьиной Рощи, дом 20, корпус 1",(495) 631-03-21, dou63@yandex.ru,POINT (37.620256 55.798908)
1304, Государственное бюджетное образовательное учреждение города Москвы детский сад № 2611, ГБОУ детский сад № 2611,"2 611", Дошкольное образовательное учреждение, Детский сад, Бюджетное, Юго-Восточное окружное управление образования," 111674, Москва, ул. 1-ая Вольская, дом 12, корпус 2",(495) 706-82-04, detskiisad2611@yandex.ru,POINT (37.92015 55.682505)
1305, Государственное бюджетное образовательное учреждение города Москвы детский сад комбинированного вида № 1335, ГБОУ детский сад №1335,"1 335", Дошкольное образовательное учреждение, Детский сад комбинированного вида, Бюджетное, Юго-Западное окружное управление образования," 117296, г.Москва, Ломоносовский проспект, дом 6, корпус 1","8-499-134-43-58", dou1335@ou.mosuzedu.ru; dskv-1335@yandex.ru,POINT (37.5489323 55.6877538)
1306, Государственное бюджетное образовательное учреждение города Москвы центр развития ребенка - детский сад № 1456, ГБОУ ЦРР - детский сад № 1456,"1 456", Дошкольное образовательное учреждение, Центр развития ребенка – детский сад, Бюджетное, Юго-Западное окружное управление образования," 117463, г.Москва, проезд Карамзина, д.1, корп.2",(495) 423-19-00, ds_1456@mail.ru,POINT (37.5361771 55.5941975)
1307, Государственное бюджетное образовательное учреждение города Москвы детский сад № 1017, ГБОУ детский сад № 1017,"1 017", Дошкольное образовательное учреждение, Детский сад, Бюджетное, Северо-Восточное окружное управление образования," 129626, г.Москва, улица Павла Корчагина, дом 12",(495) 682-03-94, detsad1017@yandex.ru,POINT (37.6602378 55.815731)
1308, Государственное бюджетное образовательное учреждение города Москвы детский сад компенсирующего вида № 1226, ГБОУ детский сад № 1226,"1 226", Дошкольное образовательное учреждение, Детский сад компенсирующего вида, Бюджетное, Зеленоградское окружное управление образования," 124536, г. Москва, Зеленоград, корп. 517",(499) 734-51-59, d1226@zou.ru,POINT (37.1829061 55.9780311)
1309, Государственное бюджетное образовательное учреждение города Москвы детский сад № 1646, ГБОУ детский сад № 1646,"1 646", Дошкольное образовательное учреждение, Детский сад, Бюджетное, Северо-Восточное окружное управление образования," 127543 г. Москва, ул. Белозерская, д. 8",(499) 902-90-01, nsds1646@yandex.ru,POINT (37.611036 55.8978201)
1310," Муниципальное автономное дошкольное образовательное учреждение Центр развития ребенка Детский сад №1 ""Успех"""," МАДОУ Детский сад №1 ""Успех""", 1, Дошкольное образовательное учреждение, Центр развития ребенка – детский сад, Автономное, Троицкое и новомосковское окружное управление образования," 142191, Москва Город, Троицк Город, Октябрьская Б. Улица, 4",#Н/Д, madou1.troitsk@yandex.ru,POINT (37.2979874 55.4926014)
1311, Государственное бюджетное образовательное учреждение города Москвы центр развития ребенка - детский сад № 1844, ГБОУ ЦРР-детский сад № 1844,"1 844", Дошкольное образовательное учреждение, Центр развития ребенка – детский сад, Бюджетное, Западное окружное управление образования," 119634 г.Москва, ул. Шолохова, д. 9, корпус 2",(495) 732-30-00, crr-ds1844@rambler.ru,POINT (37.3453496 55.6381465)
1312, Государственное бюджетное образовательное учреждение города Москвы детский сад № 2139, ГБОУ детский сад № 2139,"2 139", Дошкольное образовательное учреждение, Детский сад, Бюджетное, Северо-Восточное окружное управление образования," 129075 город Москва, улица 2-ая Новоостанкинская, дом 10А",(495) 616-80-10, gou-ds-2139@yandex.ru,POINT (37.6258859 55.8155799)
1313, Государственное бюджетное образовательное учреждение города Москвы детский сад № 2692, ГБОУ детский сад №2692,"2 692", Дошкольное образовательное учреждение, Детский сад, Бюджетное, Юго-Западное окружное управление образования," 117041, г. Москва, ул. Академика Семенова, дом 85",(499) 793-70-10, dou2692@ou.mosuzedu.ru; t-v-nik@mail.ru,POINT (37.4867296 55.53863020000001)
1314, Государственное бюджетное образовательное учреждение города Москвы детский сад № 934, ГБОУ детский сад № 934,"934", Дошкольное образовательное учреждение, Детский сад, Бюджетное, Юго-Восточное окружное управление образования," 109457, г. Москва, ул. Окская дом 30. корпус 5",(499) 172-09-05, dou934@mail.ru,POINT (37.76864 55.713247)
1315, Государственное бюджетное образовательное учреждение города Москвы детский сад № 2378, ГБОУ детский сад № 2378,"2 378", Дошкольное образовательное учреждение, Детский сад, Бюджетное, Южное окружное управление образования," 115211, г.Москва, ул. Борисовские пруды д.6, корп.3",(095) 341-41-11, dou2378@sinergi.ru,POINT (37.7359819 55.6327648)
1316, Государственное бюджетное образовательное учреждение города Москвы детский сад компенсирующего вида № 1288, ГБОУ детский сад № 1288,"1 288", Дошкольное образовательное учреждение, Детский сад компенсирующего вида, Бюджетное, Юго-Восточное окружное управление образования," 109651, г. Москва, ул. Донецкая, 31",(499) 356-30-10, Detsad1288@mail.ru,POINT (37.7125081 55.6450133)
1317, Государственное бюджетное образовательное учреждение города Москвы детский сад № 746, ГБОУ детский сад № 746,"746", Дошкольное образовательное учреждение, Детский сад, Бюджетное, Восточное окружное управление образования," 105043, г.Москва, Измайловский бульвар, дом 20А",(499) 367-56-63, sadik1755@yandex.ru,POINT (37.7923369 55.7958483)
1318, Государственное бюджетное образовательное учреждение города Москвы детский сад компенсирующего вида № 1907, ГБОУ детский сад № 1907,"1 907", Дошкольное образовательное учреждение, Детский сад компенсирующего вида, Бюджетное, Восточное окружное управление образования," 111395, г. Москва, ул. Молдагуловой, д.16-А",(499) 374-32-20, detki1907zabava1@rambler.ru,POINT (37.8173924 55.7216659)
1319, Государственное бюджетное образовательное учреждение города Москвы детский сад № 1945, ГБОУ детский сад № 1945,"1 945", Дошкольное образовательное учреждение, Детский сад, Бюджетное, Юго-Восточное окружное управление образования," 111116, Москва, Красноказарменная ул., д.19",(495) 362-48-02, gou1945@gmail.com,POINT (37.7100171 55.7541326)
1320, Государственное бюджетное образовательное учреждение города Москвы детский сад общеразвивающего вида № 2375, ГБОУ детский сад № 2375,"2 375", Дошкольное образовательное учреждение, Детский сад общеразвивающего вида с приоритетным осуществлением деятельности по одному из направлений развития детей, Бюджетное, Южное окружное управление образования," 115561 г. Москва, Шипиловский пр., д.69, к.2",(495) 391-74-00, dou2375@sinergi.ru,POINT (37.717224 55.59772299999999)
1321, Государственное бюджетное образовательное учреждение города Москвы детский сад комбинированного вида № 973, ГБОУ детский сад № 973,"973", Дошкольное образовательное учреждение, Детский сад комбинированного вида, Бюджетное, Южное окружное управление образования," 117535 г. Москва, Дорожный 3-й пр-д, д.9а",(495) 381-70-29, dou973@sinergi.ru,POINT (37.62116109999999 55.5986622)
1322, Государственное бюджетное образовательное учреждение города Москвы детский сад № 367, ГБОУ детский сад № 367,"367", Дошкольное образовательное учреждение, Детский сад, Бюджетное, Восточное окружное управление образования," 107564, г.Москва, ул.Миллионная, дом 12А",(499) 169-42-90, million367@mail.ru,POINT (37.7005465 55.8154699)
1323, Государственное бюджетное образовательное учреждение города Москвы детский сад комбинированного вида № 2469, ГБОУ детский сад № 2469,"2 469", Дошкольное образовательное учреждение, Детский сад комбинированного вида, Бюджетное, Южное окружное управление образования," 117452 г. Москва, Симферопольский б-р, д.29, к.4",(499) 619-26-81, dou2469@sinergi.ru,POINT (37.6076672 55.6470326)
1324, Государственное бюджетное образовательное учреждение города Москвы детский сад компенсирующего вида № 1189, ГБОУ детский сад № 1189,"1 189", Дошкольное образовательное учреждение, Детский сад компенсирующего вида, Бюджетное, Центральное окружное управление образования," 129272 г. Москва, Трифоновская ул., д.31а",(495) 689-54-20, det.sad-1189@yandex.ru,POINT (37.6192914 55.7894289)
1325, Государственное бюджетное образовательное учреждение города Москвы детский сад №144, ГБОУ детский сад №144,"144", Дошкольное образовательное учреждение, Детский сад, Бюджетное, Восточное окружное управление образования," 107207,г. Москва, Алтайская ул., д.6А",(495) 466-63-22, sad.144@yandex.ru; nadezhda-zinina@yandex.ru,POINT (37.805911 55.818796)
1326, Государственное бюджетное образовательное учреждение города Москвы детский сад № 1045, ГБОУ детский сад № 1045,"1 045", Дошкольное образовательное учреждение, Детский сад, Бюджетное, Северо-Восточное окружное управление образования," 127543, город Москва, улица Корнейчука, дом 50а",(499) 205-87-01, detsad_1045@mail.ru,POINT (37.627916 55.8953539)
1327, Государственное бюджетное образовательное учреждение города Москвы центр развития ребенка - детский сад № 2667, ГБОУ ЦРР - детский сад № 2667,"2 667", Дошкольное образовательное учреждение, Центр развития ребенка – детский сад, Бюджетное, Северное окружное управление образования," 125412, г. Москва, улица Ангарская, дом 45А",(495) 483-28-75, ds2667@yandex.ru,POINT (37.5255674 55.8825145)
1328," Муниципальное автономное дошкольное образовательное учреждение Центр развития ребенка Детский сад №3 ""Светлячок"""," МАДОУ Детский сад №3 ""Светлячок""", 3, Дошкольное образовательное учреждение, Центр развития ребенка – детский сад, Автономное, Троицкое и новомосковское окружное управление образования," 142190, Москва Город, Троицк Город, Сиреневый Бульвар, 9",#Н/Д, troitskdou3@yandex/ru,POINT (37.2945751 55.4696972)
1329, Государственное бюджетное образовательное учреждение города Москвы центр развития ребенка- детский сад № 743, ГБОУ ЦРР - детский сад № 743,"743", Дошкольное образовательное учреждение, Центр развития ребенка – детский сад, Бюджетное, Южное окружное управление образования," 115580 г. Москва, ул. Мусы Джалиля, 9, корп.4",(495) 395-17-22, dou1745@sinergi.ru,POINT (37.7477944 55.62761820000001)
1330, Государственное бюджетное образовательное учреждение города Москвы детский сад компенсирующего вида № 1505, ГБОУ детский сад №1505,"1 505", Дошкольное образовательное учреждение, Детский сад компенсирующего вида, Бюджетное, Юго-Западное окружное управление образования," 117393, г.Москва, ул. Гарибальди, дом № 10, корп. 5","132-01-00", gou_1505@mail.ru,POINT (37.539577 55.674885)
1331, Государственное бюджетное образовательное учреждение города Москвы детский сад комбинированного вида № 1388, ГБОУ детский сад № 1388,"1 388", Дошкольное образовательное учреждение, Детский сад комбинированного вида, Бюджетное, Юго-Западное окружное управление образования," 117292, г.Москва, ул. Ивана Бабушкина, дом 24А",(495) 719-04-40, aver-1388@yandex.ru,POINT (37.557828 55.682516)
1332, Государственное бюджетное образовательное учреждение города Москвы детский сад № 2186, ГБОУ детский сад № 2186,"2 186", Дошкольное образовательное учреждение, Детский сад, Бюджетное, Юго-Западное окружное управление образования," 119313, г.Москва, Ленинский проспект, дом 86 А","8 (499) 138-18-08", gou2186@mosuzedu.ru,POINT (37.5263223 55.6775701)
1333, Государственное бюджетное образовательное учреждение города Москвы детский сад № 668, ГБОУ детский сад № 668,"668", Дошкольное образовательное учреждение, Детский сад, Бюджетное, Южное окружное управление образования," 117519 г. Москва, Кировоградская ул., д.6 А, кор.1",(495) 311-84-72, dou668@sinergi.ru,POINT (37.6105041 55.629648)
1334, Государственное бюджетное образовательное учреждение города Москвы детский сад общеразвивающего вида № 1960, ГБОУ детский сад № 1960,"1 960", Дошкольное образовательное учреждение, Детский сад общеразвивающего вида с приоритетным осуществлением деятельности по одному из направлений развития детей, Бюджетное, Северо-Восточное окружное управление образования," 129337, город Москва, улица Палехская, дом 4",(499) 183-35-79, goumet1960@mail.ru; gou1960@mail.ru,POINT (37.6944643 55.8635155)
1335, Государственное бюджетное образовательное учреждение города Москвы детский сад № 1216, ГБОУ детский сад № 1216,"1 216", Дошкольное образовательное учреждение, Детский сад, Бюджетное, Восточное окружное управление образования," 111401, г. Москва ул.1 Владимировская д.15а",(495) 304-27-60, 1216dc@mail.ru,POINT (37.7772177 55.7585668)
1336, Государственное бюджетное образовательное учреждение города Москвы детский сад компенсирующего вида № 418, ГБОУ детский сад № 418,"418", Дошкольное образовательное учреждение, Детский сад компенсирующего вида, Бюджетное, Северное окружное управление образования," 123308, г. Москва, улица Куусинена, дом 7",(499) 943-07-86, sadik1158@mail.ru,POINT (37.515482 55.779753)
1337, Государственное бюджетное образовательное учреждение города Москвы детский сад № 1159, ГБОУ детский сад № 1159,"1 159", Дошкольное образовательное учреждение, Детский сад, Бюджетное, Северо-Восточное окружное управление образования," 129626, город Москва, улица Староалексеевская, дом 12",(495) 687-51-17, dou1159@yandex.ru,POINT (37.6404595 55.8089589)
1338, Государственное бюджетное образовательное учреждение города Москвы детский сад общеразвивающего вида № 923, ГБОУ детский сад № 923,"923", Дошкольное образовательное учреждение, Детский сад общеразвивающего вида с приоритетным осуществлением деятельности по одному из направлений развития детей, Бюджетное, Юго-Восточное окружное управление образования," 109548, Москва, ул. Гурьянова, д. 3 А",(495) 353-33-38, Sad923@yandex.ru,POINT (37.7249731 55.6920553)
1339," Государственное бюджетное образовательное учреждение города Москвы центр развития ребенка – детский сад № 2534 ""Золотой ключик"""," ГБОУ ЦРР - детский сад № 2534 ""Золотой ключик""","2 534", Дошкольное образовательное учреждение, Центр развития ребенка – детский сад, Бюджетное, Северо-Западное окружное управление образования," 125368, г. Москва, ул. Барышиха, д. 20, к.1",(495) 794-71-20,  dou2534@szouo.ru,POINT (37.35249659999999 55.8442807)
1340, Государственное бюджетное образовательное учреждение города Москвы детский сад № 2240, ГБОУ детский сад № 2240,"2 240", Дошкольное образовательное учреждение, Детский сад, Бюджетное, Южное окружное управление образования," 117525, г. Москва, ул.Днепропетровская, д.5 А",(495) 315-01-03, dou2240@sinergi.ru,POINT (37.6007818 55.6193512)
1341, Государственное бюджетное образовательное учреждение города Москвы детский сад компенсирующего вида № 1913, ГБОУ детский сад № 1913,"1 913", Дошкольное образовательное учреждение, Детский сад компенсирующего вида, Бюджетное, Юго-Восточное окружное управление образования," 109457, г.Москва, ул.Жигулевская, д.3, корп.2",(499) 172-28-19, detsad1913@mail.ru,POINT (37.764181 55.71197100000001)
1342, Государственное бюджетное образовательное учреждение города Москвы детский сад комбинированного вида № 1362, ГБОУ детский сад № 1362,"1 362", Дошкольное образовательное учреждение, Детский сад комбинированного вида, Бюджетное, Северное окружное управление образования," 125599, г. Москва, улица Бусиновская горка, дом 3",(495) 486-26-06, detsad1362@yandex.ru; ds.1362@yandex.ru; ninalawrowa@yandex.ru,POINT (37.4947433 55.8814629)
1343, Государственное бюджетное образовательное учреждение города Москвы детский сад № 2146, ГБОУ детский сад № 2146,"2 146", Дошкольное образовательное учреждение, Детский сад, Бюджетное, Северо-Восточное окружное управление образования," 127427, г.Москва, ул.Академика Королева, дом 30А",(495) 618-13-14, dou.2146@yandex.ru,POINT (37.5967048 55.823459)
1344, Государственное бюджетное образовательное учреждение города Москвы детский сад комбинированного вида № 727, ГБОУ детский сад № 727,"727", Дошкольное образовательное учреждение, Детский сад комбинированного вида, Бюджетное, Юго-Западное окружное управление образования," 117279, Москва, ул. Профсоюзная, д. 93 ""В""",(495)420-83-11, detsad727@rambler.ru,POINT (37.5276072 55.63841439999999)
1345," Государственное бюджетное образовательное учреждение города Москвы детский сад присмотра и оздоровления № 754 ""Солнышко"""," ГБОУ детский сад № 754 ""Солнышко""","754", Дошкольное образовательное учреждение, Детский сад присмотра и оздоровления, Бюджетное, Западное окружное управление образования, 121433 г.Москва ул.Малая Филевская д.52,(499) 146-25-11, sun754@mail.ru,POINT (37.4515844 55.73347099999999)
1346, Государственное бюджетное образовательное учреждение города Москвы детский сад общеразвивающего вида № 1641, ГБОУ детский сад № 1641,"1 641", Дошкольное образовательное учреждение, Детский сад общеразвивающего вида с приоритетным осуществлением деятельности по одному из направлений развития детей, Бюджетное, Западное окружное управление образования," 121614, г.Москва, ул. Крылатские холмы, д. 30, корп. 6",(495) 413-37-05, kindergaten-1641@yandex.ru,POINT (37.412453 55.767829)
1347, Государственное бюджетное образовательное учреждение города Москвы детский сад № 50, ГБОУ детский сад № 50, 50, Дошкольное образовательное учреждение, Детский сад, Бюджетное, Западное окружное управление образования," 119618 50 лет Октября улица, д. 19 А",(495) 439-31-17, ds_50@mail.ru,POINT (37.4132491 55.6536765)
1348, Муниципальное бюджетное дошкольное образовательное учреждение городского округа Щербинка в городе Москве детский сад комбинированного вида № 1 «Березка», МБДОУ детский сад комбинированного вида № 1 «Березка», 1, Дошкольное образовательное учреждение, Детский сад комбинированного вида, Бюджетное, Троицкое и новомосковское окружное управление образования," 142171, Москва Город, Щербинка Город, Спортивная Улица, 5А",#Н/Д, sadberezka1.jimdo.com,POINT (37.566116 55.5021941)
1349, Государственное бюджетное образовательное учреждение города Москвы детский сад № 2538, ГБОУ детский сад № 2538,"2 538", Дошкольное образовательное учреждение, Детский сад, Бюджетное, Восточное окружное управление образования," 1111621, г.Москва, ул. Медведева, дом 14",(499) 721-55-58, DSN2538@yandex.ru,POINT (37.8944957 55.71814639999999)
1350, Государственное бюджетное образовательное учреждение города Москвы детский сад общеразвивающего вида №2410, ГБОУ Детский сад № 2410,"2 410", Дошкольное образовательное учреждение, Детский сад общеразвивающего вида с приоритетным осуществлением деятельности по одному из направлений развития детей, Бюджетное, Северное окружное управление образования," 125130, г. Москва, улица Зои и Александра Космодемьянских, дом 13",(499) 159-94-55, dc-2410@yandex.ru,POINT (37.5133308 55.8227615)
1351, Государственное бюджетное образовательное учреждение города Москвы детский сад комбинированного вида № 28, ГБОУ детский сад № 28, 28, Дошкольное образовательное учреждение, Детский сад комбинированного вида, Бюджетное, Западное окружное управление образования," 119618 город Москва, ул. 50 лет Октября, дом 25, корп.1",(495) 435-87-52, dskv3@rambler.ru,POINT (37.4117579 55.65629089999999)
1352, Государственное бюджетное образовательное учреждение города Москвы детский сад компенсирующего вида № 557, ГБОУ детский сад № 557,"557", Дошкольное образовательное учреждение, Детский сад компенсирующего вида, Бюджетное, Юго-Западное окружное управление образования," 117209, г. Москва, Перекопская улица, дом 7, корпус 2",(499)122-91-71, gouds557@mosuzedu.ru,POINT (37.5804246 55.6586227)
1353, Государственное бюджетное образовательное учреждение города Москвы детский сад № 2414, ГБОУ детский сад № 2414,"2 414", Дошкольное образовательное учреждение, Детский сад, Бюджетное, Юго-Западное окружное управление образования," 117042, г. Москва, улица Южнобутовская, дом 29, корпус 2","0716-10-01", gou2414@ou.mosuzedu.ru,POINT (37.5391322 55.5387958)
1354, Государственное бюджетное образовательное учреждение города Москвы детский сад №996, ГБОУ детский сад №996,"996", Дошкольное образовательное учреждение, Детский сад, Бюджетное, Западное окружное управление образования," г. Москва, Мичуринский проспект, квартал 5-6, д. 24",#Н/Д, —,POINT (37.6150527 55.7568721)
1355, Государственное бюджетное образовательное учреждение города Москвы детский сад № 167, ГБОУ детский сад № 167,"167", Дошкольное образовательное учреждение, Детский сад, Бюджетное, Западное окружное управление образования," 119415 г.Москва, ул. Лобачевского, д. 30",(499) 431-11-92, dou167-70@mail.ru,POINT (37.5056205 55.6689746)
1356, Государственное бюджетное образовательное учреждение города Москвы детский сад № 77, ГБОУ детский сад № 77, 77, Дошкольное образовательное учреждение, Детский сад, Бюджетное, Юго-Восточное окружное управление образования," 115088, г. Москва, Дубровский проезд, дом 7",(495) 674-55-92, gouds77@mail.ru,POINT (37.6655275 55.72371099999999)
1357, Государственное бюджетное образовательное учреждение города Москвы детский сад № 314, ГБОУ детский сад № 314,"314", Дошкольное образовательное учреждение, Детский сад, Бюджетное, Юго-Западное окружное управление образования," 117303, г.Москва, ул. Каховка дом 7, корпус 3","318-39-21", gou314@mosuzedu.ru,POINT (37.5902074 55.6489068)
1358, Государственное бюджетное образовательное учреждение города Москвы центр развития ребенка - детский сад № 1327, ГБОУ ЦРР-детский сад № 1327,"1 327", Дошкольное образовательное учреждение, Центр развития ребенка – детский сад, Бюджетное, Северо-Восточное окружное управление образования," 127566, город Москва, Алтуфьевское шоссе, дом 40, корпус 1",(499) 201-26-54, detsad1327@mail.ru,POINT (37.5873134 55.87287629999999)
1359, Государственное бюджетное образовательное учреждение города Москвы детский сад № 1083, ГБОУ детский сад № 1083,"1 083", Дошкольное образовательное учреждение, Детский сад, Бюджетное, Юго-Восточное окружное управление образования," 111020, г.Москва, ул. Сторожевая, д. 30а",(495) 360-67-40, gjkzr1083@mail.ru; dc1083@mail.ru,POINT (37.7148563 55.7638952)
1360, Государственное бюджетное образовательное учреждение города Москвы детский сад общеразвивающего вида № 2313, ГБОУ детский сад № 2313,"2 313", Дошкольное образовательное учреждение, Детский сад общеразвивающего вида с приоритетным осуществлением деятельности по одному из направлений развития детей, Бюджетное, Юго-Восточное окружное управление образования," 109652, г. Москва Мячковский б-р, д. 16, корп. 2",(495) 345-90-91, det-2313@yandex.ru,POINT (37.756535 55.6513465)
1361, Государственное бюджетное образовательное учреждение города Москвы детский сад общеразвивающего вида № 1614, ГБОУ детский сад № 1614,"1 614", Дошкольное образовательное учреждение, Детский сад общеразвивающего вида с приоритетным осуществлением деятельности по одному из направлений развития детей, Бюджетное, Юго-Восточное окружное управление образования," 109382, г. Москва Краснодонская ул., д. 44",(495) 351-92-94, Sad1614@yandex.ru,POINT (37.7456223 55.6676407)
1362, Государственное бюджетное образовательное учреждение города Москвы детский сад № 2254, ГБОУ детский сад № 2254,"2 254", Дошкольное образовательное учреждение, Детский сад, Бюджетное, Северо-Восточное окружное управление образования," 129344, город Москва, улица Верхоянская, дом 14",(499) 180-32-16, dousv2254@yandex.ru,POINT (37.6647782 55.85801919999999)
1363, Государственное бюджетное образовательное учреждение города Москвы детский сад № 694, ГБОУ детский сад № 694,"694", Дошкольное образовательное учреждение, Детский сад, Бюджетное, Юго-Восточное окружное управление образования," 109388, г. Москва, ул. Шоссейная, дом 31, корп. 1",(495) 353-69-54, GOU-694@mail.ru,POINT (37.724891 55.681058)
1364, Государственное бюджетное образовательное учреждение города Москвы детский сад № 2247, ГБОУ детский сад № 2247,"2 247", Дошкольное образовательное учреждение, Детский сад, Бюджетное, Северное окружное управление образования," 127540, г. Москва, улица Дубнинская, дом 12 А",(499) 481-55-92, detsad2247@mail.ru,POINT (37.5666438 55.8641417)
1365, Государственное бюджетное образовательное учреждение города Москвы детский сад присмотра и оздоровления № 410, ГБОУ детский сад № 410,"410", Дошкольное образовательное учреждение, Детский сад присмотра и оздоровления, Бюджетное, Юго-Восточное окружное управление образования," 109462, г. Москва, ул. Маршала Чуйкова, д. 9, корп. 5",(499) 179-85-40,  ds.radost.410@yandex.ru,POINT (37.7620631 55.6962912)
1366, Государственное бюджетное образовательное учреждение города Москвы детский сад комбинированного вида № 1565, ГБОУ детский сад № 1565,"1 565", Дошкольное образовательное учреждение, Детский сад комбинированного вида, Бюджетное, Западное окружное управление образования," 119607 г. Москва, ул. Раменки, д.13, корп.2",(495) 931-04-12, gou1565@yandex.ru,POINT (37.497609 55.690589)
1367, Государственное бюджетное образовательное учреждение города Москвы детский сад компенсирующего вида № 2204, ГБОУ детский сад № 2204,"2 204", Дошкольное образовательное учреждение, Детский сад компенсирующего вида, Бюджетное, Центральное окружное управление образования," 119049 г. Москва, ул. Шаболовка, д. 19 а",(499) 236-34-37, tarasova4999@yandex.ru,POINT (37.6123117 55.7234402)
1368, Государственное бюджетное образовательное учреждение города Москвы детский сад комбинированного вида № 216, ГБОУ детский сад № 216,"216", Дошкольное образовательное учреждение, Детский сад комбинированного вида, Бюджетное, Западное окружное управление образования," 119415 г.Москва, Ленинский проспект, д. 118",(499) 432-46-22, gou216@yandex.u,POINT (37.5101417 55.6684698)
1369, Государственное бюджетное образовательное учреждение города Москвы детский сад № 1181, ГБОУ детский сад № 1181,"1 181", Дошкольное образовательное учреждение, Детский сад, Бюджетное, Юго-Западное окружное управление образования," 117463, г.Москва, улица Голубинская, дом 24, корпус 2","8 (495) 425-03-16", gou1181@mail.ru,POINT (37.53776800000001 55.594815)
1370, Государственное бюджетное образовательное учреждение города Москвы детский сад № 2710, ГБОУ детский сад № 2710,"2 710", Дошкольное образовательное учреждение, Детский сад, Бюджетное, Северо-Восточное окружное управление образования," 127576, г.Москва, Алтуфьевское шоссе, д.87 ,корп.4",(499) 209-30-74, dou2710@yandex.ru,POINT (37.5842924 55.89255799999999)
1371, Государственное бюджетное образовательное учреждение города Москвы детский сад комбинированного вида № 381, ГБОУ детский сад № 381,"381", Дошкольное образовательное учреждение, Детский сад комбинированного вида, Бюджетное, Восточное окружное управление образования," 107258, г.Москва, ул. 3-я Гражданская, д.64 А",(495) 963-33-27, sadik-381@mail.ru,POINT (37.7112194 55.8081021)
1372, Государственное бюджетное образовательное учреждение города Москвы детский сад компенсирующего вида № 47, ГБОУ детский сад № 47, 47, Дошкольное образовательное учреждение, Детский сад компенсирующего вида, Бюджетное, Восточное окружное управление образования," 111555, г.Москва, Свободный проспект, д.9А",(495) 300-62-51, korekciadou47@mail.ru,POINT (37.8242175 55.764067)
1373, Государственное бюджетное образовательное учреждение города Москвы детский сад № 535, ГБОУ детский сад № 535,"535", Дошкольное образовательное учреждение, Детский сад, Бюджетное, Восточное окружное управление образования," 107150, г .Москва, Бойцовая улица, д.18А",(499) 160-12-13, sadik535@mail.ru,POINT (37.7243992 55.8141763)
1374, Государственное бюджетное образовательное учреждение города Москвы детский сад комбинированного вида № 1068, ГБОУ детский сад № 1068,"1 068", Дошкольное образовательное учреждение, Детский сад комбинированного вида, Бюджетное, Юго-Западное окружное управление образования," 117418, г.Москва, улица Цюрупы, дом 11, корпус 2","331-67-11", dou1068@mosuzedu.ru,POINT (37.5721655 55.6664897)
1375, Государственное бюджетное образовательное учреждение города Москвы детский сад № 532, ГБОУ детский сад № 532,"532", Дошкольное образовательное учреждение, Детский сад, Бюджетное, Южное окружное управление образования," 115470 г. Москва ул. Новинки, 11",(499) 615-64-23, dou532@sinergi.ru,POINT (37.6712133 55.6768797)
1376, Государственное бюджетное образовательное учреждение города Москвы детский сад № 2477, ГБОУ детский сад № 2477,"2 477", Дошкольное образовательное учреждение, Детский сад, Бюджетное, Юго-Западное окружное управление образования," 117513, г. Москва, улица Академика Бакулева, дом 8, корпус 1",(495)438-28-11, dou2477@ou.mosuzedu.ru; GOU2477@mail.ru,POINT (37.486713 55.642306)
1377, Государственное бюджетное образовательное учреждение города Москвы детский сад компенсирующего вида № 72, ГБОУ детский сад № 72, 72, Дошкольное образовательное учреждение, Детский сад компенсирующего вида, Бюджетное, Западное окружное управление образования," 121108 г.Москва, ул. Кастанаевская, д. 25, стр. 2",(499) 144-65-63, dou72@inbox.ru,POINT (37.4831279 55.735985)
1378, Государственное бюджетное образовательное учреждение города Москвы детский сад комбинированного вида № 602, ГБОУ детский сад № 602,"602", Дошкольное образовательное учреждение, Детский сад комбинированного вида, Бюджетное, Юго-Западное окружное управление образования," 117209, Москва, ул. Перекопская, д. 7, к. 1",(499) 122-91-70, gou602@inbox.ru,POINT (37.5816306 55.6586025)
1379, Государственное бюджетное образовательное учреждение города Москвы детский сад № 2677, ГБОУ детский сад № 2677,"2 677", Дошкольное образовательное учреждение, Детский сад, Бюджетное, Восточное окружное управление образования," 105037, Москва, ул. Первомайская, д.17 А",(499) 165-41-36, park2677@mail.ru,POINT (37.778218 55.792948)
1380, Государственное бюджетное образовательное учреждение города Москвы детский сад компенсирующего вида № 2399, ГБОУ детский сад № 2399,"2 399", Дошкольное образовательное учреждение, Детский сад компенсирующего вида, Бюджетное, Северо-Восточное окружное управление образования," 127521, город Москва, улица Шереметьевская, дом 27, корпус 1",(495) 619-53-71, dousv-2399@yandex.ru,POINT (37.6154988 55.8032738)
1381, Государственное бюджетное образовательное учреждение города Москвы детский сад № 1900, ГБОУ детский сад № 1900,"1 900", Дошкольное образовательное учреждение, Детский сад, Бюджетное, Восточное окружное управление образования," 111399, город Москва, Федеративный проспект, д. 5 А",(495) 305-42-35, DOU1900@yandex.ru,POINT (37.7997758 55.75800410000001)
1382, Государственное бюджетное образовательное учреждение города Москвы детский сад № 629, ГБОУ детский сад № 629,"629", Дошкольное образовательное учреждение, Детский сад, Бюджетное, Юго-Западное окружное управление образования," 119421, г.Москва, ул. Обручева, д.26А",(495) 936-62-75, sad629@mail.ru,POINT (37.515189 55.657396)
1383, Государственное бюджетное образовательное учреждение города Москвы детский сад № 2150, ГБОУ детский сад № 2150,"2 150", Дошкольное образовательное учреждение, Детский сад, Автономное, Северо-Восточное окружное управление образования," 127081 г.Москва, ул. Ясный проезд, д.30",(499) 477-10-88, detsad2150@mail.ru,POINT (37.6217641 55.8773734)
1384, Государственное бюджетное образовательное учреждение города Москвы детский сад № 178, ГБОУ детский сад № 178,"178", Дошкольное образовательное учреждение, Детский сад, Бюджетное, Западное окружное управление образования," 119361, г.Москва, ул. Большая Очаковская, д. 39, корп. 1",(499) 792-29-81, dou413@MAIL.RU,POINT (37.448789 55.67659)
1385, Государственное бюджетное образовательное учреждение города Москвы детский сад № 2151, ГБОУ детский сад № 2151,"2 151", Дошкольное образовательное учреждение, Детский сад, Бюджетное, Северо-Восточное окружное управление образования," 127254, город Москва, Огородный проезд, дом 19Б",(495) 618-13-76, ds1262@mail.ru; DETcad2151@yandex.ru,POINT (37.596493 55.815176)
1386, Государственное бюджетное образовательное учреждение города Москвы детский сад комбинированного вида № 1430, ГБОУ детский сад № 1430,"1 430", Дошкольное образовательное учреждение, Детский сад комбинированного вида, Бюджетное, Западное окружное управление образования," 119607, г. Москва, ул. Удальцова, д. 87",(495) 932-43-00, dou1430@mail.ru,POINT (37.4869864 55.6855334)
1387, Государственное бюджетное образовательное учреждение города Москвы детский сад присмотра и оздоровления № 766, ГБОУ детский сад № 766,"766", Дошкольное образовательное учреждение, Детский сад присмотра и оздоровления, Бюджетное, Северное окружное управление образования," 127206, г. Москва, ул. Астрадамская, д. 5 ""В""",(495) 611-41-33, ds_766@mail.ru,POINT (37.561447 55.810634)
1388, Государственное бюджетное образовательное учреждение города Москвы детский сад № 1677, ГБОУ детский сад № 1677,"1 677", Дошкольное образовательное учреждение, Детский сад, Бюджетное, Юго-Восточное окружное управление образования," 109378, Москва, ул. Фёдора Полетаева дом 36, корпус 3",(495) 378-78-68, sadik1677@mail.ru,POINT (37.788945 55.7057649)
1389, Государственное бюджетное образовательное учреждение города Москвы детский сад общеразвивающего вида № 1318, ГБОУ детский сад № 1318,"1 318", Дошкольное образовательное учреждение, Детский сад общеразвивающего вида с приоритетным осуществлением деятельности по одному из направлений развития детей, Бюджетное, Южное окружное управление образования," 117570, г. Москва, ул.Красного Маяка, д.19, к.4",(495) 387-80-02, dou1318@sinergi.ru,POINT (37.5816231 55.605776)
1390, Государственное бюджетное образовательное учреждение города Москвы детский сад № 2322, ГБОУ детский сад № 2322,"2 322", Дошкольное образовательное учреждение, Детский сад, Бюджетное, Юго-Восточное окружное управление образования," 109156, г. Москва, ул. Маршала Полубоярова, д. 6, корп. 2",(495) 705-62-29, gou2322@mail.ru,POINT (37.8624561 55.687222)
1391, Государственное бюджетное образовательное учреждение города Москвы детский сад комбинированного вида № 1475, ГБОУ детский сад № 1475,"1 475", Дошкольное образовательное учреждение, Детский сад комбинированного вида, Бюджетное, Восточное окружное управление образования," 107150,город Москва, улица Ивантеевская, дом 32 Б",(499) 160-12-02, sadik1475@mail.ru; http://dskv1475.umihost.info,POINT (37.7300865 55.8149113)
1392, Государственное бюджетное образовательное учреждение города Москвы детский сад комбинированного вида № 1951, ГБОУ детский сад № 1951,"1 951", Дошкольное образовательное учреждение, Детский сад комбинированного вида, Бюджетное, Центральное окружное управление образования," 125047, Оружейный переулок, дом 25, строение 1а",(499) 978-32-00, detsad1951@mail.ru,POINT (37.601853 55.772515)
1393, Государственное бюджетное образовательное учреждение города Москвы детский сад комбинированного вида № 997, ГБОУ детский сад № 997,"997", Дошкольное образовательное учреждение, Детский сад комбинированного вида, Бюджетное, Северо-Восточное окружное управление образования," 129347, г. Москва, ул. Холмогорская, д. 5, стр. 1",(499) 182-22-65, detsad997@mail.ru,POINT (37.7172533 55.8798271)
1394, Государственное бюджетное образовательное учреждение города Москвы детский сад компенсирующего вида № 795, ГБОУ детский сад №795,"795", Дошкольное образовательное учреждение, Детский сад компенсирующего вида, Бюджетное, Юго-Западное окружное управление образования," 117465, город Москва, улица Профсоюзная, дом 156, корпус 4",(495) 337-18-88, gou795@yandex.ru,POINT (37.496416 55.6178115)
1395, Государственное бюджетное образовательное учреждение города Москвы детский сад комбинированного вида № 2032, ГБОУ детский сад № 2032,"2 032", Дошкольное образовательное учреждение, Детский сад комбинированного вида, Бюджетное, Центральное окружное управление образования," 101000 г. Москва, Малый Златоустинский пер., д.7, стр.2",(495) 625-72-81, podarimradugu@mail.ru,POINT (37.63463 55.759633)
1396, Государственное бюджетное образовательное учреждение города Москвы детский сад компенсирующего вида № 1029, ГБОУ детский сад № 1029,"1 029", Дошкольное образовательное учреждение, Детский сад компенсирующего вида, Бюджетное, Юго-Восточное окружное управление образования," 109559, Москва, Тихорецкий бульвар, дом 8",(495) 358-60-56, det1029@yandex.ru,POINT (37.7733915 55.6787647)
1476, Государственное бюджетное образовательное учреждение города Москвы детский сад № 1425, ГБОУ детский сад № 1425,"1 425", Дошкольное образовательное учреждение, Детский сад, Бюджетное, Юго-Западное окружное управление образования," 117593, г. Москва, Литовский бульвар, дом 15, корпус 2",(495)426-33-22, gou1425@mosuzedu.ru,POINT (37.549522 55.608331)
1397, Государственное бюджетное образовательное учреждение города Москвы детский сад № 1495, ГБОУ детский сад № 1495,"1 495", Дошкольное образовательное учреждение, Детский сад, Бюджетное, Северо-Восточное окружное управление образования," 127224, город Москва, улица Осташковская, дом 26, корпус 2",(495) 475-98-89, DOU-1495@yandex.ru,POINT (37.676768 55.889998)
1398," Государственное бюджетное образовательное учреждение города Москвы центр развития ребенка - детский сад № 1161 ""Колосок""", ГБОУ ЦРР – детский сад № 1161 «Колосок»,"1 161", Дошкольное образовательное учреждение, Детский сад, Бюджетное, Троицкое и новомосковское окружное управление образования," 105318, Москва Город, Семеновская Площадь, 4",#Н/Д, ds1kolosok@yandex.ru,POINT (37.7210321 55.7813321)
1399, Государственное бюджетное образовательное учреждение города Мосвы детский сад общеразвивающего вида № 622, ГБОУ детский сад № 622,"622", Дошкольное образовательное учреждение, Детский сад общеразвивающего вида с приоритетным осуществлением деятельности по одному из направлений развития детей, Бюджетное, Южное окружное управление образования," 115598 г. Москва,ул. Лебедянская,24 к.3",(495) 328-96-55, dou1498@sinergi.ru,POINT (37.684617 55.583911)
1400, Государственное бюджетное образовательное учреждение города Москвы детский сад комбинированного вида № 2405, ГБОУ детский сад № 2405,"2 405", Дошкольное образовательное учреждение, Детский сад комбинированного вида, Бюджетное, Юго-Западное окружное управление образования," 117042, г.Москва, ул. Южнобутовская, дом 88","715-64-63", dou2405@ou.mosuzedu.ru; dou2405@ou.mosuzedu.ru,POINT (37.5130345 55.5332486)
1401, Государственное бюджетное образовательное учреждение города Москвы детский сад № 2726, ГБОУ детский сад № 2726,"2 726", Дошкольное образовательное учреждение, Детский сад, Бюджетное, Юго-Восточное окружное управление образования," 109443, город Москва, ул. Волгоградский проспект, дом 137, кор.2",(499) 746-59-91, detsad_2726@mail.ru,POINT (37.774253 55.706136)
1402, Государственное бюджетное образовательное учреждение города Москвы детский сад комбинированного вида №437, ГБОУ детский сад № 437,"437", Дошкольное образовательное учреждение, Детский сад комбинированного вида, Бюджетное, Восточное окружное управление образования," 107150, г. Москва, бул. Маршала Рокоссовского, д. 26",(499) 160-28-01, cad437@mail.ru,POINT (37.719303 55.81575249999999)
1403, Государственное бюджетное образовательное учреждение города Москвы детский сад № 464, ГБОУ детский сад № 464,"464", Дошкольное образовательное учреждение, Детский сад, Бюджетное, Юго-Восточное окружное управление образования," 109390, г. Москва, ул. Малышева, д. 18, к. 2",(499) 178-78-91, detsad464@mail.ru,POINT (37.7417704 55.6976068)
1404, Государственное бюджетное образовательное учреждение города Москвы детский сад № 1222, ГБОУ детский сад,"1 222", Дошкольное образовательное учреждение, Детский сад, Бюджетное, Северо-Восточное окружное управление образования," 127081 город Москва, Проезд Ясный, д.5Б",(499) 473-93-30, ds1222@mail.ru,POINT (37.6249409 55.8722797)
1405, Государственное бюджетное образовательное учреждение города Москвы детский сад общеразвивающего вида № 1313, ГБОУ детский сад № 1313,"1 313", Дошкольное образовательное учреждение, Детский сад общеразвивающего вида с приоритетным осуществлением деятельности по одному из направлений развития детей, Бюджетное, Северо-Восточное окружное управление образования," 129336, город Москва, улица Стартовая, дом 21, строение 1",(495) 475-84-72, 1313-48@mail.ru,POINT (37.6947576 55.885165)
1406, Государственное бюджетное образовательное учреждение города Москвы детский сад комбинированного вида № 1365, ГБОУ детский сад № 1365,"1 365", Дошкольное образовательное учреждение, Детский сад комбинированного вида, Бюджетное, Юго-Восточное окружное управление образования," 109651, г. Москва Подольская ул., д. 29",(499) 357-34-31, mpytkova@yandex.ru; ds1365@yandex.ru,POINT (37.7113534 55.6495543)
1407, Государственное бюджетное образовательное учреждение города Москвы детский сад комбинированного вида № 1042, ГБОУ детский сад № 1042,"1 042", Дошкольное образовательное учреждение, Детский сад комбинированного вида, Бюджетное, Центральное окружное управление образования," 107140, г. Москва, ул. Русаковская, д.7-9, стр.3",(499) 264-31-97, ds1042@yandex.ru,POINT (37.6721564 55.7830418)
1408, Государственное бюджетное образовательное учреждение города Москвы детский сад комбинированного вида № 296, ГБОУ детский сад № 296,"296", Дошкольное образовательное учреждение, Детский сад комбинированного вида, Бюджетное, Восточное окружное управление образования," 105122,Москва, ул. Амурская, д.12",(495) 462-21-42, ds296@mail.ru; http://dskv296.mskobr.ru/,POINT (37.7633196 55.8075848)
1409, Государственное бюджетное образовательное учреждение города Москвы детский сад № 2171, ГБОУ детский сад № 2171,"2 171", Дошкольное образовательное учреждение, Детский сад, Бюджетное, Юго-Западное окружное управление образования," 117292, г. Москва, ул. Профсоюзная, дом 22/10, корп. 1","8(499)125-39-71", gou2171@mail.ru,POINT (37.5655179 55.681158)
1410, Государственное бюджетное образовательное учреждение города Москвы детский сад общеразвивающего вида с приоритетным осуществлением деятельности по физическому развитию детей № 1103, ГБОУ детский сад № 1103,"1 103", Дошкольное образовательное учреждение, Детский сад общеразвивающего вида с приоритетным осуществлением деятельности по одному из направлений развития детей, Бюджетное, Юго-Западное окружное управление образования," 117463, город Москва, Новоясеневский проспект, дом 32, корпус 4","8 (495) 426-14-00", ds1103@yandex.ru,POINT (37.539475 55.602917)
1411, Государственное бюджетное образовательное учреждение города Москвы детский сад № 114, ГБОУ детский сад № 114,"114", Дошкольное образовательное учреждение, Детский сад, Бюджетное, Западное окружное управление образования," 121374, г.Москва, ул. Алексея Свиридова, д. 3, корп. 2",(499) 449-32-04, dou140@bk.ru,POINT (37.45733999999999 55.726644)
1412," Государственное бюджетное образовательное учреждение города Москвы детский сад № 2523 "" Академия детства"""," ГБОУ детский сад № 2523 "" Академия детства""","2 523", Дошкольное образовательное учреждение, Детский сад, Бюджетное, Западное окружное управление образования," 119192 г.Москва, Мичуринский проспект, д. 5, корпус 3",(495) 544-53-85, aka.detstva@gmail.com,POINT (37.5131613 55.7018536)
1413, Государственное бюджетное образовательное учреждение города Москвы детский сад № 2434, ГБОУ детский сад № 2434,"2 434", Дошкольное образовательное учреждение, Детский сад, Бюджетное, Юго-Западное окружное управление образования," 117041, г.Москва, улица Бунинская аллея, дом 2, корпус 1",+7-495-714-74-81, dou2434@mosuzedu.ru; dou2434@mail.ru,POINT (37.511168 55.542513)
1414, Государственное бюджетное образовательное учреждение города Москвы детский сад № 899, ГБОУ детский сад № 899,"899", Дошкольное образовательное учреждение, Детский сад, Бюджетное, Восточное окружное управление образования," 111555, г. Москва, ул. Сталеваров, д. 8 А",(495) 300-07-04, sad899@yandex.ru,POINT (37.8374777 55.7663777)
1415, Государственное бюджетное образовательное учреждение города Москвы детский сад общеразвивающего вида № 1095, ГБОУ детский сад общеразвивающего вида № 1095,"1 095", Дошкольное образовательное учреждение, Детский сад общеразвивающего вида с приоритетным осуществлением деятельности по одному из направлений развития детей, Бюджетное, Юго-Восточное окружное управление образования," 109542, Москва, Рязанский проспект, д.80, к.4",(495) 377-82-60, blue-bird1095@mail.ru,POINT (37.8218879 55.7083142)
1416, Государственное бюджетное образовательное учреждение города Москвы детский сад общеразвивающего вида № 1326, ГБОУ детский сад № 1326,"1 326", Дошкольное образовательное учреждение, Детский сад общеразвивающего вида с приоритетным осуществлением деятельности по одному из направлений развития детей, Бюджетное, Западное окружное управление образования," 119297, г.Москва, ул. Родниковая, д. 16, корп. 1",(495) 435-14-87, detsad1326@mail.ru,POINT (37.3827615 55.63530970000001)
1417, Государственное бюджетное образовательное учреждение города Москвы детский сад № 2020, ГБОУ детский сад № 2020,"2 020", Дошкольное образовательное учреждение, Детский сад, Бюджетное, Западное окружное управление образования," 1231151, г. Москва, набережная Тараса Шевченко, д. 15",(499) 243-51-01, detsad2020@mail.ru,POINT (37.5510412 55.7479001)
1418, Государственное бюджетное образовательное учреждение города Москвы детский сад № 473, ГБОУ детский сад № 473,"473", Дошкольное образовательное учреждение, Детский сад, Бюджетное, Северо-Восточное окружное управление образования," 129515, г. Москва, ул. 3-я Новоостанкинская, д. 17",(495) 602-41-12, dedsad473@mail.ru,POINT (37.6270974 55.8195755)
1419, Государственное бюджетное образовательное учреждение города Москвы детский сад № 392, ГБОУ детский сад № 392,"392", Дошкольное образовательное учреждение, Детский сад, Бюджетное, Северо-Восточное окружное управление образования," 127427, город Москва, улица Ботаническая, дом 5А",(495) 610-27-10, goy392@mail.ru; dou392@yandex.ru,POINT (37.6009559 55.82341)
1420, Государственное бюджетное образовательное учреждение города Москвы детский сад № 1367, ГБОУ детский сад № 1367,"1 367", Дошкольное образовательное учреждение, Детский сад, Бюджетное, Западное окружное управление образования," 119602 г.Москва, ул. Академика Анохина, д. 40, корп. 1",(495) 430-98-93, dou1367@mail.ru,POINT (37.4701341 55.6574261)
1421, Государственное бюджетное образовательное учреждение города Москвы детский сад компенсирующего вида № 164, ГБОУ детский сад № 164,"164", Дошкольное образовательное учреждение, Детский сад компенсирующего вида, Бюджетное, Южное окружное управление образования," 115516, г. Москва, ул. Бехтерева, д. 37, корп. 5",(495) 325-46-58, dou367@sinergi.ru,POINT (37.651126 55.620548)
1422, Государственное бюджетное образовательное учреждение города Москвы детский сад № 1676, ГБОУ детский сад № 1676,"1 676", Дошкольное образовательное учреждение, Детский сад, Бюджетное, Западное окружное управление образования," 121614 г. Москва, ул. Крылатские холмы, д.28, к.2",(495) 412-04-73, dou1676@mail.ru,POINT (37.4143174 55.7656871)
1423, Государственное бюджетное образовательное учреждение города Москвы детский сад комбинированного вида № 2376, ГБОУ детский сад № 2376,"2 376", Дошкольное образовательное учреждение, Детский сад комбинированного вида, Бюджетное, Юго-Западное окружное управление образования," 117042, г.Москва, Чечёрский проезд, дом 106","8(495)715-55-30", dou2376@ou.mosuzedu.ru; gou2376@mosuzedu.ru,POINT (37.5155349 55.5294106)
1424, Государственное бюджетное образовательное учреждение города Москвы детский сад компенсирующего вида № 940, ГБОУ детский сад № 940,"940", Дошкольное образовательное учреждение, Детский сад компенсирующего вида, Бюджетное, Центральное окружное управление образования," 119049 г. Москва, 1-ый Спасоналивковский пер.,д.15а,стр 1",(499) 238-70-20, 940detsad@mail.ru,POINT (37.6167206 55.7330172)
1425, Государственное бюджетное образовательное учреждение города Москвы детский сад № 598, ГБОУ детский сад № 598,"598", Дошкольное образовательное учреждение, Детский сад, Бюджетное, Северо-Восточное окружное управление образования," 129327, город Москва, улица Ленская, дом 19а",(495) 471-15-38, dou598@yandex.ru,POINT (37.6604195 55.8670518)
1426, Государственное бюджетное образовательное учреждение города Москвы детский сад общеразвивающего вида № 961, ГБОУ детский сад № 961,"961", Дошкольное образовательное учреждение, Детский сад общеразвивающего вида с приоритетным осуществлением деятельности по одному из направлений развития детей, Бюджетное, Южное окружное управление образования," 115598 г. Москва, Загорьевская ул., д.12 корп.2",(495) 329-14-66, dou961@sinergi.ru,POINT (37.6786629 55.5790854)
1427, Государственное бюджетное образовательное учреждение города Москвы детский сад № 2647, ГБОУ детский сад № 2647,"2 647", Дошкольное образовательное учреждение, Детский сад, Бюджетное, Центральное окружное управление образования," 123557 г.Москва, Новопресненский пер., дом 6",(499) 253-20-78, 2647ds@mail.ru,POINT (37.5749928 55.7673329)
1428, Государственное бюджетное образовательное учреждение города Москвы детский сад № 1437, ГБОУ детский сад № 1437,"1 437", Дошкольное образовательное учреждение, Детский сад, Бюджетное, Южное окружное управление образования," 117519 г.Москва, Варшавское ш., д.142а",(495) 387-45-77, dou1437@sinergi.ru,POINT (37.6046116 55.6078436)
1429, Государственное бюджетное образовательное учреждение города Москвы центр развития ребенка - детский сад № 2042, ГБОУ детский сад № 2042,"2 042", Дошкольное образовательное учреждение, Центр развития ребенка – детский сад, Бюджетное, Юго-Западное окружное управление образования," 119296, г.Москва, ул. Молодежная, дом 4 А","499-137-2052", dou2042@ou.mosuzedu.ru,POINT (37.5487013 55.69437139999999)
1430, Государственное бюджетное образовательное учреждение города Москвы детский сад № 251, ГБОУ детский сад № 251,"251", Дошкольное образовательное учреждение, Детский сад, Бюджетное, Западное окружное управление образования," 121552 г.Москва, Рублевское шоссе, д. 95, корп. 2",(499) 141-50-01, GOU.251@gmail.com,POINT (37.4245398 55.741006)
1431," Государственное бюджетное образовательное учреждение города Москвы детский сад общеразвивающего вида № 1151 ""Радуга""", ГБОУ детский сад № 1151 «Радуга»,"1 151", Дошкольное образовательное учреждение, Детский сад общеразвивающего вида с приоритетным осуществлением деятельности по одному из направлений развития детей, Бюджетное, Троицкое и новомосковское окружное управление образования," 105318, Москва Город, Семеновская Площадь, 4",#Н/Д, mou-raduga11@mail.ru,POINT (37.7210321 55.7813321)
1432, Государственное бюджетное образовательное учреждение города Москвы детский сад компенсирующего вида № 908, ГБОУ детский сад № 908,"908", Дошкольное образовательное учреждение, Детский сад компенсирующего вида, Бюджетное, Северо-Восточное окружное управление образования," 127349, г. Москва, Шенкурский проезд, дом 10а",(499) 909-72-21, ds908svo@mail.ru,POINT (37.5924808 55.89478709999999)
1433, Государственное бюджетное образовательное учреждение города Москвы детский сад № 2623, ГБОУ детский сад № 2623,"2 623", Дошкольное образовательное учреждение, Детский сад, Бюджетное, Юго-Западное окружное управление образования," 117042, г.Москва, ул. Бартеневская, дом 29",(499)715-02-09, dou2623@mosuzedu.ru,POINT (37.5280099 55.5491695)
1434, Государственное бюджетное образовательное учреждение города Москвы детский сад № 2651, ГБОУ детский сад № 2651,"2 651", Дошкольное образовательное учреждение, Детский сад, Бюджетное, Восточное окружное управление образования," 111396, город Москва , улица Алексея Дикого, дом 7А",(499) 781-07-20, dc2651@mail.ru,POINT (37.8126204 55.7489029)
1435, Государственное бюджетное образовательное учреждение города Москвы детский сад № 1340, ГБОУ детский сад № 1340,"1 340", Дошкольное образовательное учреждение, Детский сад, Бюджетное, Восточное окружное управление образования," 107014, г. Москва, улица Стромынка, д. 5",(499) 268-04-81, GOUdetsad1340@yandex.ru,POINT (37.6843482 55.79115669999999)
1436, Государственное бюджетное образовательное учреждение города Москвы центр развития ребенка - детский сад № 2568, ГБОУ ЦРР- детский сад № 2568,"2 568", Дошкольное образовательное учреждение, Центр развития ребенка – детский сад, Бюджетное, Восточное окружное управление образования," 105523, г. Москва, 15 Парковая ул., д. 51",(499) 748-83-97, sad2568@yandex.ru,POINT (37.8162703 55.8096228)
1437, Государственное бюджетное образовательное учреждение города Москвы детский сад комбинированного вида № 965, ГБОУ детский сад № 965,"965", Дошкольное образовательное учреждение, Детский сад комбинированного вида, Бюджетное, Северо-Восточное окружное управление образования," 127490, город Москва, улица Декабристов, дом 35 ""б""",(499) 203-08-09, dou965@yandex.ru,POINT (37.61802 55.862345)
1438, Государственное бюджетное образовательное учреждение города Москвы детский сад общеразвивающего вида № 722, ГБОУ детский сад № 722,"722", Дошкольное образовательное учреждение, Детский сад общеразвивающего вида с приоритетным осуществлением деятельности по одному из направлений развития детей, Бюджетное, Южное окружное управление образования," 115404 г. Москва, ул. Педагогическая,д.5",(495) 326-75-57, dou722@sinergi.ru,POINT (37.6675795 55.5965259)
1439, Государственное бюджетное образовательное учреждение города Москвы детский сад общеразвивающего вида № 1091, ГБОУ детский сад № 1091,"1 091", Дошкольное образовательное учреждение, Детский сад общеразвивающего вида с приоритетным осуществлением деятельности по одному из направлений развития детей, Бюджетное, Южное окружное управление образования," 115583 г. Москва, ул. Генерала Белова, 55 корп.2",(495) 399-45-12, dou1091@sinergi.ru,POINT (37.728698 55.604295)
1440, Государственное бюджетное образовательное учреждение города Москвы детский сад № 1964, ГБОУ детский сад № 1964,"1 964", Дошкольное образовательное учреждение, Детский сад, Бюджетное, Северо-Восточное окружное управление образования," 129626, город Москва, улица Павла Корчагина, дом 1, строение 1",(495) 686-38-63, detsad1964@yandex.ru,POINT (37.654476 55.813706)
1441, Государственное бюджетное образовательное учреждение города Москвы детский сад комбинированного вида № 2092, ГБОУ детский сад № 2092,"2 092", Дошкольное образовательное учреждение, Детский сад комбинированного вида, Бюджетное, Восточное окружное управление образования," 111673, г. Москва, ул.Суздальская д.22А",(495) 702-36-00, ds2092vou@rambler.ru,POINT (37.8550607 55.741706)
1442, Государственное бюджетное образовательное учреждение города Москвы детский сад компенсирующего вида № 1821, ГБОУ детский сад № 1821,"1 821", Дошкольное образовательное учреждение, Детский сад компенсирующего вида, Бюджетное, Юго-Восточное окружное управление образования," 109382, г. Москва, проспект 40 лет Октября, дом 23",(495) 657-22-77, sad1821@yandex.ru,POINT (37.7464657 55.6756378)
1443, Государственное бюджетное образовательное учреждение города Москвы детский сад № 1376, ГБОУ детский сад № 1376,"1 376", Дошкольное образовательное учреждение, Детский сад, Бюджетное, Юго-Западное окружное управление образования," 117593, Москва, ул. Айвазовского, дом 6, корпус 3",(495) 426-08-11, ds1376@mail.ru,POINT (37.5362491 55.6165552)
1444, Государственное бюджетное образовательное учреждение города Москвы детский сад комбинированного вида № 1709, ГБОУ детский сад № 1709,"1 709", Дошкольное образовательное учреждение, Детский сад комбинированного вида, Бюджетное, Южное окружное управление образования," 115583 г. Москва, ул. Воронежская д.5, к.2",(495) 397-70-00, dou1709@sinergi.ru,POINT (37.726545 55.610684)
1445, Государственное бюджетное образовательное учреждение города Москвы детский сад комбинированного вида № 1672, ГБОУ детский сад № 1672,"1 672", Дошкольное образовательное учреждение, Детский сад комбинированного вида, Бюджетное, Южное окружное управление образования," 115432, г. Москва, 2-й Кожуховский пр-д, д.15, корп. 4",(495) 679-55-91, dou1672@sinergi.ru,POINT (37.6619621 55.7048548)
1446, Государственное бюджетное образовательное учреждение города Москвы детский сад комбинированного вида № 1402, ГБОУ детский сад № 1402,"1 402", Дошкольное образовательное учреждение, Детский сад комбинированного вида, Бюджетное, Восточное окружное управление образования," 107497, г. Москва, Щелковское шоссе, д. 91",(495) 469-85-85, ds1402@mail.ru,POINT (37.8244697 55.81433)
1447, Государственное бюджетное образовательное учреждение города Москвы детский сад общеразвивающего вида № 1364, ГБОУ детский сад № 1364,"1 364", Дошкольное образовательное учреждение, Детский сад общеразвивающего вида с приоритетным осуществлением деятельности по одному из направлений развития детей, Бюджетное, Юго-Восточное окружное управление образования," 109651, Москва, Батайский проезд, дом 7",(499) 357-07-51, dou1364@yandex.ru,POINT (37.7125447 55.6434261)
1448, Государственное бюджетное образовательное учреждение города Москвы детский сад общеразвивающего вида № 930, ГБОУ детский сад № 930,"930", Дошкольное образовательное учреждение, Детский сад общеразвивающего вида с приоритетным осуществлением деятельности по одному из направлений развития детей, Бюджетное, Восточное окружное управление образования," 107589, г. Москва, улица Алтайская, д. 29А",(495) 467-56-83, sad_930@mail.ru,POINT (37.8296964 55.8224831)
1449, Государственное бюджетное образовательное учреждение города Москвы детский сад № 1213, ГБОУ детский сад № 1213,"1 213", Дошкольное образовательное учреждение, Детский сад, Бюджетное, Юго-Западное окружное управление образования," 117513, Москва, ул. Академика Бакулева, дом 4А","438-66-44", dou1213@ou.mosuzedu.ru,POINT (37.4870379 55.64364339999999)
1450, Государственное бюджетное образовательное учреждение города Москвы детский сад № 1071, ГБОУ детский сад № 1071,"1 071", Дошкольное образовательное учреждение, Детский сад, Бюджетное, Северное окружное управление образования," 125252, г. Москва, улица Новопесчаная, дом 25",(499) 157-67-12, gou-ds1071@mail.ru,POINT (37.5071245 55.7930568)
1451, Государственное бюджетное образовательное учреждение города Москвы детский сад комбинированного вида № 2433, ГБОУ детский сад № 2433,"2 433", Дошкольное образовательное учреждение, Детский сад комбинированного вида, Бюджетное, Юго-Западное окружное управление образования," 117042, г. Москва, Плавский проезд, дом 7, корпус 1","0717-07-11", dou2433@mosuzedu.ru,POINT (37.5359995 55.5474488)
1452, Государственное бюджетное образовательное учреждение города Москвы детский сад комбинированного вида № 1808, ГБОУ детский сад № 1808,"1 808", Дошкольное образовательное учреждение, Детский сад комбинированного вида, Бюджетное, Восточное окружное управление образования," 107392, г. Москва, Большая Черкизовская ул., д. 11, корп. 1",(499) 161-12-63, ds1808@mail.ru,POINT (37.725507 55.800339)
1453, Государственное бюджетное образовательное учреждение города Москвы детский сад № 1442, ГБОУ детский сад № 1442,"1 442", Дошкольное образовательное учреждение, Детский сад, Бюджетное, Юго-Западное окружное управление образования," 117574, Москва, Новоясеневский проспект, дом 6, корпус 2","423-27-22", ds1442@mail.ru,POINT (37.5142639 55.6134508)
1454, Государственное бюджетное образовательное учреждение города Москвы детский сад комбинированного вида № 1733, ГБОУ детский сад № 1733,"1 733", Дошкольное образовательное учреждение, Детский сад комбинированного вида, Бюджетное, Центральное окружное управление образования," 105066 г. Москва, ул. Доброcлободская, д.6",(499) 265-11-74, gou1733@mail.ru,POINT (37.671598 55.7680057)
1455, Государственное бюджетное образовательное учреждение города Москвы детский сад № 399, ГБОУ детский сад № 399,"399", Дошкольное образовательное учреждение, Детский сад общеразвивающего вида с приоритетным осуществлением деятельности по одному из направлений развития детей, Бюджетное, Северное окружное управление образования," 127474, г. Москва, улица Дубнинская, дом 11А",(499) 480-08-98, nv399@mail.ru,POINT (37.565877 55.859414)
1456, Государственное бюджетное образовательное учреждение города Москвы детский сад № 2605, ГБОУ детский сад № 2605,"2 605", Дошкольное образовательное учреждение, Детский сад, Бюджетное, Западное окружное управление образования," 121552, г.Москва, ул. Оршанская, д. 12, корп. 2",(495) 630-30-69, ds2605@mail.ru,POINT (37.4065984 55.7431383)
1457, Государственное бюджетное образовательное учреждение города Москвы детский сад комбинированного вида № 1114, ГБОУ детский сад № 1114,"1 114", Дошкольное образовательное учреждение, Детский сад комбинированного вида, Бюджетное, Южное окружное управление образования," 115597 г. Москва, ул. Ясеневая, д.34 корп.2",(495) 398-53-19, dou1114@sinergi.ru,POINT (37.7425719 55.6045402)
1458, Государственное бюджетное образовательное учреждение города Москвы центр развития ребенка - детский сад № 215, ГБОУ ЦРР-детский сад № 215,"215", Дошкольное образовательное учреждение, Центр развития ребенка – детский сад, Бюджетное, Западное окружное управление образования," 119454 г.Москва, ул. Лобачевского, д. 58",(499) 432-59-78, goucrr215@yandex.ru,POINT (37.493055 55.674539)
1459, Государственное бюджетное образовательное учреждение города Москвы детский сад № 125, ГБОУ детский сад № 125,"125", Дошкольное образовательное учреждение, Детский сад, Бюджетное, Северо-Западное окружное управление образования," 123154, г. Москва, бульвар Генерала Карбышева, д. 17, корп. 2",(499) 199-03-33,  dou125@szouo.ru,POINT (37.4682028 55.7827103)
1460, Государственное бюджетное образовательное учреждение города Москвы детский сад компенсирующего вида № 1901, ГБОУ детский сад № 1901,"1 901", Дошкольное образовательное учреждение, Детский сад компенсирующего вида, Бюджетное, Восточное окружное управление образования," 105568, г.Москва, ул.Чечулина, д.20 А","308-43-42", detsad1901@yandex.ru,POINT (37.8312146 55.7794664)
1461, Государственное бюджетное образовательное учреждение города Москвы детский сад № 61, ГБОУ детский сад № 61, 61, Дошкольное образовательное учреждение, Детский сад, Бюджетное, Юго-Западное окружное управление образования," 117342, г. Москва, улица Введенского, дом 15 А","334-95-65", dou61@ou.mosuzedu.ru; gou_61@mail.ru,POINT (37.5440785 55.6402162)
1462, Государственное бюджетное образовательное учреждение города Москвы детский сад общеразвивающего вида № 1398, ГБОУ детский сад № 1398,"1 398", Дошкольное образовательное учреждение, Детский сад общеразвивающего вида с приоритетным осуществлением деятельности по одному из направлений развития детей, Бюджетное, Южное окружное управление образования," 115573 г. Москва, ул. Шипиловская, д.37, к.2",(495) 395-25-80, dou1398@sinergi.ru,POINT (37.733543 55.623044)
1463, Государственное бюджетное образовательное учреждение города Москвы детский сад №201, ГБОУ детский сад № 201,"201", Дошкольное образовательное учреждение, Детский сад, Бюджетное, Восточное окружное управление образования," 107241,г.Москва, ул.Амурская, д. 21",(495) 462-25-20, detsad201@mail.ru,POINT (37.790473 55.813782)
1464, Государственное бюджетное образовательное учреждение города Москвы детский сад компенсирующего вида № 954, ГБОУ д/с компенсирующего вида № 954,"954", Дошкольное образовательное учреждение, Детский сад компенсирующего вида, Бюджетное, Юго-Восточное окружное управление образования," 109559, г. Москва ул. Краснодарская, д. 53",(495) 352-19-12, ds954-zds@mail.ru,POINT (37.7672691 55.6778923)
1477, Государственное бюджетное образовательное учреждение города Москвы Детский сад № 90, ГБОУ Детский сад № 90, 90, Дошкольное образовательное учреждение, Детский сад, Бюджетное, Северное окружное управление образования," 125252, г. Москва, Песчаный перелок, дом 4А; 125252, г. Москва, Новопесчаная ул., дом 23, корпус 1",(499) 198-71-49, gouds90@mail.ru,POINT (37.5114241 55.79309)
1465, Государственное бюджетное образовательное учреждение города Москвы детский сад общеразвивающего вида № 1332, ГБОУ детский сад № 1332,"1 332", Дошкольное образовательное учреждение, Детский сад общеразвивающего вида с приоритетным осуществлением деятельности по одному из направлений развития детей, Бюджетное, Восточное окружное управление образования," 107143, г. Москва, Открытое ш., д.24",(499) 167-27-41, ds1332@yandex.ru,POINT (37.7515405 55.82070299999999)
1466, Государственное бюджетное образовательное учреждение города Москвы центр развития ребенка - детский сад № 2478, ГБОУ ЦРР - детский сад №2478,"2 478", Дошкольное образовательное учреждение, Центр развития ребенка – детский сад, Бюджетное, Юго-Западное окружное управление образования," 117624, город Москва, улица Изюмская, дом 38, корпус 2",(499) 793-03-45, gou2478@mosuzedu.ru,POINT (37.5631175 55.5473644)
1467, Государственное бюджетное образовательное учреждение города Москвы детский сад комбинированного вида № 1747, ГБОУ детский сад № 1747,"1 747", Дошкольное образовательное учреждение, Детский сад комбинированного вида, Бюджетное, Восточное окружное управление образования," 107065, Москва, ул.Уссурийская, д.8 А",(495) 469-36-01, detsad17472009@rambler.ru,POINT (37.8155695 55.8218814)
1468, Государственное бюджетное образовательное учреждение города Москвы детский сад № 161, ГБОУ детский сад № 161,"161", Дошкольное образовательное учреждение, Детский сад, Бюджетное, Восточное окружное управление образования," 105203, г. Москва, Измайловский бульвар, д. 74",(499) 461-15-14, almira1978@inbox.ru; dets161@yandex.ru,POINT (37.8225275 55.7966358)
1469, Государственное бюджетное образовательное учреждение города Москвы детский сад № 543, ГБОУ детский сад № 543,"543", Дошкольное образовательное учреждение, Детский сад, Бюджетное, Юго-Западное окружное управление образования," 117246, г.Москва, улица Херсонская, дом 17 А","331-61-00", dou543@ou.mosuzedu.ru; gouds543@mosuzedu.ru,POINT (37.5625223 55.6517321)
1470, Государственное бюджетное образовательное учреждение города Москвы детский сад комбинированного вида № 773, ГБОУ детский сад № 773,"773", Дошкольное образовательное учреждение, Детский сад комбинированного вида, Бюджетное, Центральное окружное управление образования," 109240 г. Москва, 1-ый Котельнический пер., д.4, стр.1",(495) 915-25-29, dou773@yandex.ru,POINT (37.6457539 55.74449)
1471, Государственное бюджетное образовательное учреждение города Москвы детский сад компенсирующего вида № 1790, ГБОУ детский сад № 1790,"1 790", Дошкольное образовательное учреждение, Детский сад компенсирующего вида, Бюджетное, Западное окружное управление образования," 121351, г.Москва, ул. Ивана Франко, д. 38, корп. 2",(495) 417-12-08, dou1790@mail.ru,POINT (37.414659 55.729028)
1472, Государственное бюджетное образовательное учреждение города Москвы центр развития ребенка-детский сад № 621, ГБОУ ЦРР - детский сад № 621,"621", Дошкольное образовательное учреждение, Центр развития ребенка – детский сад, Бюджетное, Южное окружное управление образования," 115516 г. Москва, Кавказкий б-р, д.45,к.2",(495) 325-56-97, dou621@sinergi.ru,POINT (37.64599140000001 55.6245094)
1473, Государственное бюджетное образовательное учреждение города Москвы детский сад общеразвивающего вида № 332, ГБОУ детский сад № 332,"332", Дошкольное образовательное учреждение, Детский сад общеразвивающего вида с приоритетным осуществлением деятельности по одному из направлений развития детей, Бюджетное, Южное окружное управление образования," 115573 г. Москва, Ореховый б-р,д.39,к.3",(495) 394-29-80, dou985@sinergi.ru,POINT (37.7389915 55.61546809999999)
1474, Государственное бюджетное образовательное учреждение города Москвы детский сад комбинированного вида № 2074, ГБОУ детский сад № 2074,"2 074", Дошкольное образовательное учреждение, Детский сад комбинированного вида, Бюджетное, Юго-Западное окружное управление образования," 117628, г.Москва, ул. Знаменские Садки, д. 5А","8(495)712-31-18", 2074sad@mail.ru,POINT (37.56940549999999 55.5707493)
1475, Государственное бюджетное образовательное учреждение города Москвы центр развития ребенка - детский сад № 867, ГБОУ ЦРР - детский сад № 867,"867", Дошкольное образовательное учреждение, Центр развития ребенка – детский сад, Бюджетное, Юго-Восточное окружное управление образования," 109542, г. Москва Рязанский пр-т, д. 70, корп. 4",(495) 377-92-46, detsad867@yandex.ru,POINT (37.8081685 55.7120481)
1478, Государственное бюджетное образовательное учреждение города Москвы детский сад № 2082, ГБОУ детский сад № 2082,"2 082", Дошкольное образовательное учреждение, Детский сад, Бюджетное, Северное окружное управление образования," 125252, г. Москва, Песчаный переулок, дом 1а",(499) 198-10-12, gou2082@gmail.com,POINT (37.5109754 55.7973295)
1479, Государственное бюджетное образовательное учреждение города Москвы детский сад комбинированного вида №915, ГБОУ детский сад № 915,"915", Дошкольное образовательное учреждение, Детский сад комбинированного вида, Бюджетное, Северо-Западное окружное управление образования," 125373, г. Москва, проезд Донелайтиса, д. 16",(495) 949-45-49, dou915@szouo.ru,POINT (37.4169958 55.8400614)
1480, Государственное бюджетное образовательное учреждение города Москвы детский сад № 1942, ГБОУ детский сад № 1942,"1 942", Дошкольное образовательное учреждение, Детский сад, Бюджетное, Центральное окружное управление образования," 109029 Москва ул. Талалихина., д.7",(495) 670-95-62, sadik1942@yandex.ru,POINT (37.680333 55.733044)
1481, Государственное бюджетное образовательное учреждение города Москвы детский сад № 659, ГБОУ детский сад № 659,"659", Дошкольное образовательное учреждение, Детский сад, Бюджетное, Западное окружное управление образования," 121108 г. Москва, ул. Герасима Курина, д.18, к.1",(499) 144-17-89, dou659@mail.ru,POINT (37.4692425 55.7317619)
1482, Государственное бюджетное образовательное учреждение города Москвы детский сад комбинированного вида № 227, ГБОУ детский сад № 227,"227", Дошкольное образовательное учреждение, Детский сад комбинированного вида, Бюджетное, Восточное окружное управление образования," 105318, г. Москва, ул. Мироновская, д. 9",(499) 369-32-02, DS-227@yandex.ru,POINT (37.7331068 55.78376340000001)
1483, Государственное бюджетное образовательное учреждение города Москвы детский сад № 503, ГБОУ детский сад № 503,"503", Дошкольное образовательное учреждение, Детский сад, Бюджетное, Северное окружное управление образования," 125195, г. Москва, улица Фестивальная, дом 35А",(499) 458-22-65, dir-503@mail.ru,POINT (37.481608 55.858616)
1484, Государственное бюджетное образовательное учреждение города Москвы детский сад комбинированного вида № 1415, ГБОУ детский сад № 1415,"1 415", Дошкольное образовательное учреждение, Детский сад комбинированного вида, Бюджетное, Южное окружное управление образования," 117648, г.Москва, Северное Чертаново, к.813",(495) 318-01-60, dou1415@sinergi.ru,POINT (37.5961887 55.6383327)
1485, Государственное бюджетное образовательное учреждение города Москвы детский сад № 1734, ГБОУ детский сад № 1734,"1 734", Дошкольное образовательное учреждение, Детский сад, Бюджетное, Центральное окружное управление образования," 105082, Москва, Спартаковская площадь, д.5/7",(499) 267-80-17, ds1734@yandex.ru,POINT (37.6825964 55.7776187)
1486, Государственное бюджетное образовательное учреждение города Москвы детский сад общеразвивающего вида с приоритетным осуществлением деятельности по физическому развитию детей № 2450, ГБОУ детский сад № 2450,"2 450", Дошкольное образовательное учреждение, Детский сад общеразвивающего вида с приоритетным осуществлением деятельности по одному из направлений развития детей, Бюджетное, Юго-Западное окружное управление образования," 117624, г.Москва, ул.Скобелевская, дом 25, корпус 3",(495)717-31-72, ds2450@yandex.ru,POINT (37.5596814 55.54619049999999)
1487, Государственное бюджетное образовательное учреждение города Москвы детский сад № 1304, ГБОУ детский сад № 1304,"1 304", Дошкольное образовательное учреждение, Детский сад, Бюджетное, Юго-Восточное окружное управление образования," 109518, Москва, Саратовская д.3, корп.3",(499) 173-87-26, detskiysad1304@yandex.ru,POINT (37.7327298 55.715235)
1488, Государственное бюджетное образовательное учреждение города Москвы детский сад № 24, ГБОУ детский сад № 24, 24, Дошкольное образовательное учреждение, Детский сад, Бюджетное, Восточное окружное управление образования," 107370, Москва, Открытое шоссе,д.1, корп.17",(499) 168-47-60, kzgecnbyf@rambler.ru; dou2065@yandex.ru,POINT (37.724248 55.80887)
1489, Государственное бюджетное образовательное учреждение города Москвы детский сад компенсирующего вида № 394, ГБОУ детский сад компенсирующего вида № 394,"394", Дошкольное образовательное учреждение, Детский сад компенсирующего вида, Бюджетное, Юго-Западное окружное управление образования," 117461, г.Москва, ул. Херсонская, дом 10, корпус 1","121-60-61", komplzuzino@yandex.ru,POINT (37.5731283 55.6510764)
1490, Государственное бюджетное образовательное учреждение города Москвы детский сад общеразвивающего вида с приоритетным осуществлением деятельности по физическому развитию детей № 1781, ГОУ детский сад общеразвивающего вида № 1781,"1 781", Дошкольное образовательное учреждение, Детский сад общеразвивающего вида с приоритетным осуществлением деятельности по одному из направлений развития детей, Бюджетное, Южное окружное управление образования," 117519 г.Москва, Кировоградская ул., 28 А",(495) 313-55-21, dou1781@sinergi.ru,POINT (37.6006881 55.6102554)
1491, Государственное бюджетное образовательное учреждение города Москвы центр развития ребенка - детский сад № 922, ГБОУ ЦРР - детский сад № 922,"922", Дошкольное образовательное учреждение, Центр развития ребенка – детский сад, Бюджетное, Южное окружное управление образования," 115304 г. Москва, ул. Кантемировская, 6 корп.3",(499) 323-10-55, dou922@sinergi.ru,POINT (37.6785584 55.6385194)
1492, Государственное бюджетное образовательное учреждение города Москвы детский сад № 1498, ГБОУ детский сад № 1498,"1 498", Дошкольное образовательное учреждение, Детский сад, Бюджетное, Юго-Восточное окружное управление образования," 111024, г. Москва, ул. Красноказарменная, д.23",(495) 362-57-38, ds1498@mail.ru,POINT (37.7125243 55.7534235)
1493, Государственное бюджетное образовательное учреждение города Москвы детский сад компенсирующего вида № 1876, ГБОУ детский сад № 1876,"1 876", Дошкольное образовательное учреждение, Детский сад компенсирующего вида, Бюджетное, Южное окружное управление образования," 115432 г.Москва, ул.Трофимова, д.4, к.3",(495) 679-28-37, dou1876@sinergi.ru,POINT (37.6625569 55.7029771)
1494, Государственное бюджетное образовательное учреждение города Москвы детский сад комбинированного вида № 497, ГБОУ детский сад №497,"497", Дошкольное образовательное учреждение, Детский сад комбинированного вида, Бюджетное, Северное окружное управление образования," 125412, г. Москва, улица Базовская, дом 26 А, строение 1",(499) 906-31-02, detsad497@yandex.ru,POINT (37.5170894 55.8818111)
1495, Государственное бюджетное образовательное учреждение города Москвы детский сад общеразвивающего вида № 2103, ГБОУ детский сад № 2103,"2 103", Дошкольное образовательное учреждение, Детский сад общеразвивающего вида с приоритетным осуществлением деятельности по одному из направлений развития детей, Бюджетное, Южное окружное управление образования," 117519 г. Москва, ул. Красного Маяка, д.3 А",(495) 389-27-64, dou2103@sinergi.ru,POINT (37.5963685 55.6108426)
1496, Государственное бюджетное образовательное учреждение города Москвы детский сад № 21, ГБОУ детский сад № 21, 21, Дошкольное образовательное учреждение, Детский сад, Бюджетное, Юго-Западное окружное управление образования," 117042, г. Москва, улица Краснолиманская, дом 19Б","0716-01-27", dou21@ou.mosuzedu.ru; djibyti69@mail.ru,POINT (37.56376100000001 55.539826)
1497, Государственное бюджетное образовательное учреждение города Москвы детский сад № 2519, ГБОУ детский сад № 2519,"2 519", Дошкольное образовательное учреждение, Детский сад, Бюджетное, Восточное окружное управление образования," 105568, г Москва, ул. Челябинская, д. 5а",(495) 307-12-30, detsad2519@mail.ru,POINT (37.8222056 55.777385)
1498, Государственное бюджетное образовательное учреждение города Москвы детский сад комбинированного вида № 287, ГБОУ детский сад № 287,"287", Дошкольное образовательное учреждение, Детский сад комбинированного вида, Бюджетное, Северное окружное управление образования," 127434, г. Москва, Дмитровское шоссе, дом 15, корп. 3",(499) 977-16-10, ds287@mail.ru; detsad287@yandex.ru,POINT (37.571477 55.818599)
1499, Государственное бюджетное образовательное учреждение города Москвы детский сад № 2660, ГБОУ детский сад № 2660,"2 660", Дошкольное образовательное учреждение, Детский сад, Бюджетное, Юго-Западное окружное управление образования," 117418, г.Москва, ул. Цюрупы, д. 22А","74991286507", surkova2660@mail.ru,POINT (37.5692882 55.66866770000001)
1500, Государственное бюджетное образовательное учреждение города Москвы детский сад № 1926, ГБОУ детский сад № 1926,"1 926", Дошкольное образовательное учреждение, Детский сад, Бюджетное, Центральное окружное управление образования," 123022 г.Москва, Большой Предтеченский переулок, дом24",(499) 255-63-61, ds_1926@mail.ru,POINT (37.5659275 55.7604288)
1501, Государственное бюджетное образовательное учреждение города Москвы детский сад общеразвивающего вида № 1875, ГБОУ детский сад № 1875,"1 875", Дошкольное образовательное учреждение, Детский сад общеразвивающего вида с приоритетным осуществлением деятельности по одному из направлений развития детей, Бюджетное, Юго-Восточное окружное управление образования," 115193, Москва, ул. 5 Кожуховская, дом 27 к.1.",(495) 710-22-42, ds1875@yandex.ru,POINT (37.677864 55.705544)
1502, Государственное бюджетное образовательное учреждение города Москвы детский сад комбинированного вида № 584, ГБОУ детский сад № 584,"584", Дошкольное образовательное учреждение, Детский сад комбинированного вида, Бюджетное, Центральное окружное управление образования," 127055 г.Москва, Угловой пер., д.6, стр. 2",(499) 978-39-92, ds584@yandex.ru,POINT (37.5904311 55.7874595)
1503, Государственное бюджетное образовательное учреждение города Москвы детский сад комбинированного вида №1224, ГБОУ детский сад № 1224,"1 224", Дошкольное образовательное учреждение, Детский сад комбинированного вида, Бюджетное, Восточное окружное управление образования," 107241, г.Москва, ул.Амурская, дом 64 А",(495) 462-45-46, dolap-72@mail.ru; ds1224_50@mail.ru; dskv1224.ru,POINT (37.7924854 55.8120697)
1504, Государственное бюджетное образовательное учреждение города Москвы детский сад № 1517, ГБОУ детский сад № 1517,"1 517", Дошкольное образовательное учреждение, Детский сад, Бюджетное, Восточное окружное управление образования," 105318, г, Москва, ул, Щербаковская, д. 22",(499) 369-76-20, elena15172009@yandex.ru,POINT (37.7264718 55.7809941)
1505, Государственное бюджетное образовательное учреждение города Москвы детский сад комбинированного вида № 1305, ГБОУ детский сад № 1305,"1 305", Дошкольное образовательное учреждение, Детский сад комбинированного вида, Бюджетное, Южное окружное управление образования," 115191 г. Москва, 2-ая Рощинская улица, д.13а",(495) 954-53-63, dou1305@sinergi.ru,POINT (37.6121404 55.7088031)
1506, Государственное бюджетное образовательное учреждение города Москвы детский сад № 364, ГБОУ детский сад № 364,"364", Дошкольное образовательное учреждение, Детский сад, Бюджетное, Южное окружное управление образования," 115419 г.Москва, 2-й Верхний Михайловский пр-д, д.4",(495) 952-04-67, dou364@sinergi.ru,POINT (37.605101 55.70958299999999)
1507, Государственное бюджетное образовательное учреждение города Москвы детский сад № 2462, ГБОУ детский сад № 2462,"2 462", Дошкольное образовательное учреждение, Детский сад, Бюджетное, Юго-Западное окружное управление образования," 117042, г.Москва, ул.Горчакова, дом 7, корп.1",( 495)715-39-45, gou2462@mosuzedu.ru,POINT (37.5300476 55.5447376)
1508, Государственное бюджетное образовательное учреждение города Москвы детский сад № 135, ГБОУ детский сад № 135,"135", Дошкольное образовательное учреждение, Детский сад, Бюджетное, Западное окружное управление образования," 121351, г.Москва, ул. Партизанская, д. 13, корп. 4",(495) 416-12-07, detsadik135@yandex.ru,POINT (37.4086374 55.7313657)
1509, Государственное бюджетное образовательное учреждение города Москвы детский сад общеразвивающего вида с приоритетным осуществлением деятельности по художественно-эстетическому развитию детей № 1735, ГБОУ д/с общеразвивающего вида № 1735,"1 735", Дошкольное образовательное учреждение, Детский сад общеразвивающего вида с приоритетным осуществлением деятельности по одному из направлений развития детей, Бюджетное, Юго-Восточное окружное управление образования," 111024, г. Москва, ул. 3-я Кабельная, дом 3",(495) 673-32-03, ds1735@yandex.ru; crocuc09@mail.ru,POINT (37.7183915 55.7471537)
1510, Государственное бюджетное образовательное учреждение города москвы детский сад комбинированного вида № 1172, ГБОУ детский сад № 1172,"1 172", Дошкольное образовательное учреждение, Детский сад комбинированного вида, Бюджетное, Северо-Восточное окружное управление образования," 127576, г. Москва, Алтуфьевское шоссе, д.87 к.2",(499) 209-39-83, ds1172@rambler.ru,POINT (37.5842615 55.89336309999999)
1511, Государственное бюджетное образовательное учреждение города Москвы детский сад общеразвивающего вида № 388, ГБОУ детский сад № 388,"388", Дошкольное образовательное учреждение, Детский сад общеразвивающего вида с приоритетным осуществлением деятельности по одному из направлений развития детей, Бюджетное, Северное окружное управление образования," 127422, г. Москва, улица Костякова, дом 4",(499) 976-69-62, sadik388@mail.ru,POINT (37.5747276 55.8108291)
1512, Государственное бюджетное образовательное учреждение города Москвы детский сад с этнокультурным (русским) компонентом образования № 2365, ГБОУ детский сад № 2365,"2 365", Дошкольное образовательное учреждение, Детский сад с этнокультурным (национальным) компонентом образования, Бюджетное, Южное окружное управление образования," 115408 г. Москва,ул. Братеевская,16,к.5",(495) 342-84-84, dou2365@sinergi.ru,POINT (37.7682406 55.6333806)
1513, Государственное бюджетное образовательное учреждение города Москвы детский сад № 2682, ГБОУ детский сад № 2682,"2 682", Дошкольное образовательное учреждение, Детский сад, Бюджетное, Юго-Западное окружное управление образования," 117624, г.Москва, ул. Изюмская, д.53",(499)793-90-45, dou2682@mosuzedu.ru,POINT (37.56466169999999 55.5446366)
1514, Государственное бюджетное образовательное учреждение города Москвы детский сад общеразвивающего вида № 769, ГБОУ детский сад № 769,"769", Дошкольное образовательное учреждение, Детский сад общеразвивающего вида с приоритетным осуществлением деятельности по одному из направлений развития детей, Бюджетное, Северо-Восточное окружное управление образования," 129345, г.Москва,ул.Тайнинская, д.22, стр. 1",(495) 474-96-44, doy769@mail.ru,POINT (37.6865642 55.8831619)
1515, Государственное бюджетное образовательное учреждение города Москвы детский сад № 1979, ГБОУ детский сад № 1979,"1 979", Дошкольное образовательное учреждение, Детский сад, Бюджетное, Центральное окружное управление образования," 105094, Москва, ул. Госпитальный Вал, д. 5, стр.20",(499) 787-04-49, sad1979@list.ru,POINT (37.70781300000001 55.77334)
1516, Государственное бюджетное образовательное учреждение города Москвы детский сад № 2432, ГБОУ детский сад № 2432,"2 432", Дошкольное образовательное учреждение, Детский сад, Бюджетное, Юго-Западное окружное управление образования," 117041, г. Москва, ул. Адмирала Лазарева, д. 68, корпус 4","714-20-18", ds2432@mosuzedu.ru,POINT (37.504999 55.539644)
1517, Государственное бюджетное образовательное учреждение города Москвы детский сад компенсирующего вида № 1016, ГБОУ детский сад компенсирующего вида № 1016,"1 016", Дошкольное образовательное учреждение, Детский сад компенсирующего вида, Бюджетное, Юго-Восточное окружное управление образования," 109559, г. Москва ул. Ставропольская, д. 52, корп. 2",(495) 358-26-07, dou1016@mail.ru,POINT (37.7666561 55.6808118)
1518, Государственное бюджетное образовательное учреждение города Москвы детский сад № 519, ГБОУ детский сад № 519,"519", Дошкольное образовательное учреждение, Детский сад общеразвивающего вида с приоритетным осуществлением деятельности по одному из направлений развития детей, Бюджетное, Северное окружное управление образования," 127474, г. Москва, Бескудниковский бульвар, дом 23-а",(499) 487-61-03, sadik519@mail.ru,POINT (37.5550197 55.8669287)
1519, Государственное бюджетное образовательное учреждение города Москвы детский сад № 767, ГБОУ детский сад № 767,"767", Дошкольное образовательное учреждение, Детский сад, Бюджетное, Юго-Западное окружное управление образования," 117342, г. Москва, улица Островитянова, дом 45 А","336-39-22", detsad767@mail.ru,POINT (37.5375892 55.6340008)
1520, Государственное бюджетное образовательное учреждение города Москвы детский сад №575, ГБОУ детский сад № 575,"575", Дошкольное образовательное учреждение, Детский сад, Бюджетное, Восточное окружное управление образования," 105425, Москва, 5-я Парковая улица, д.57а",(499) 164-48-50, detsad-575@yandex.ru,POINT (37.7861423 55.8085251)
1521, Государственное бюджетное образовательное учреждение города Москвы детский сад комбинированного вида № 1109, ГБОУ детский сад № 1109,"1 109", Дошкольное образовательное учреждение, Детский сад комбинированного вида, Бюджетное, Северное окружное управление образования," 125413, г. Москва, улица Зеленоградская, дом 1, корпус 1",(495) 453-20-83, ds1109@mail.ru; dou1109@yandex.ru,POINT (37.522961 55.860205)
1522, Государственное бюджетное образовательное учреждение города Москвы центр развития ребенка - детский сад № 753, ГБОУ ЦРР- детский сад № 753,"753", Дошкольное образовательное учреждение, Центр развития ребенка – детский сад, Бюджетное, Восточное окружное управление образования," 111396, г. Москва, Союзный проспект, д. 10А",(495) 303-35-12, detsad753@list.ru; crr-detsad753@list.ru,POINT (37.8104914 55.7499032)
1602, Государственное бюджетное образовательное учреждение города Москвы детский сад № 2423, ГБОУ детский сад № 2423,"2 423", Дошкольное образовательное учреждение, Детский сад, Бюджетное, Юго-Восточное окружное управление образования," 109469, г. Москва, Перервинский б-р, д. 17, корп. 2",(495) 346-59-69, gou-2423@yandex.ru,POINT (37.7723956 55.6581753)
1523, Государственное бюджетное образовательное учреждение города Москвы детский сад комбинированного вида №1184, ГБОУ детский сад № 1184,"1 184", Дошкольное образовательное учреждение, Детский сад комбинированного вида, Бюджетное, Центральное окружное управление образования," 103045, г. Москва, Даев переулок, 16 стр.9","207-37-25", detsad1184@mail.ru,POINT (37.637608 55.769541)
1524, Государственное бюджетное образовательное учреждение города Москвы детский сад №1084, ГБОУ детский сад №1084,"1 084", Дошкольное образовательное учреждение, Детский сад, Бюджетное, Восточное окружное управление образования," 105264, Москва, улица 9-ая Парковая , дом 41 А",(499) 164-78-95, detsad1084@yandex.ru,POINT (37.7962432 55.8017091)
1525, Государственное бюджетное образовательное учреждение города Москвы центр развития ребенка - детский сад № 1645, ГБОУ ЦРР-детский сад № 1645,"1 645", Дошкольное образовательное учреждение, Центр развития ребенка – детский сад, Бюджетное, Северо-Восточное окружное управление образования," 127282, город Москва, Студеный проезд, дом 10А",(499) 478-99-44, tsrr1645@mail.ru,POINT (37.6575057 55.89261819999999)
1526, Государственное бюджетное образовательное учреждение города Москвы детский сад компенсирующего вида № 983, ГБОУ детский сад № 983,"983", Дошкольное образовательное учреждение, Детский сад компенсирующего вида, Бюджетное, Юго-Западное окружное управление образования," 117574, Москва, Новоясеневский проспект, дом 16, корпус 3","422-01-88", dou983@ou.mosuzedu.ru; flura-usipova@rambler.ru,POINT (37.52184450000001 55.6069682)
1527, Государственное бюджетное образовательное учреждение города Москвы детский сад общеразвивающего вида № 903, ГБОУ детский сад № 903,"903", Дошкольное образовательное учреждение, Детский сад общеразвивающего вида с приоритетным осуществлением деятельности по одному из направлений развития детей, Бюджетное, Южное окружное управление образования," 115563 г. Москва,ул. Генерала Белова д.19,корп. 3",(495) 394-02-54, dou903@sinergi.ru,POINT (37.72191 55.618375)
1528, Государственное бюджетное образовательное учреждение города Москвы центр развития ребенка - детский сад № 2576, ГБОУ ЦРР-детский сад № 2576,"2 576", Дошкольное образовательное учреждение, Центр развития ребенка – детский сад, Бюджетное, Северо-Восточное окружное управление образования," 127224, город Москва, улица Широкая, дом 17, корпус 5",(499) 476-13-02, crr2576@mail.ru,POINT (37.6681 55.889658)
1529, Государственное бюджетное образовательное учреждение города Москвы детский сад общеразвивающего вида с приоритетным осуществлением деятельности по художественно-эстетическому развитию детей № 729, ГБОУ детский сад № 729,"729", Дошкольное образовательное учреждение, Детский сад общеразвивающего вида с приоритетным осуществлением деятельности по одному из направлений развития детей, Бюджетное, Центральное окружное управление образования," 121069 г. Москва,Новинский бульвар, д.18 стр.1",(495) 691-03-85, gou729@yandex.ru; d.729@yandex.ru,POINT (37.5848697 55.75572760000001)
1530, Государственное бюджетное образовательное учреждение города Москвы детский сад комбинированного вида № 2334, ГБОУ детский сад № 2334,"2 334", Дошкольное образовательное учреждение, Детский сад комбинированного вида, Бюджетное, Центральное окружное управление образования," 105062, г. Москва, Фурманный пер., д.8",(499) 764-97-60, sad2334@mail.ru,POINT (37.649303 55.7641742)
1531, Государственное бюджетное образовательное учреждение города Москвы детский сад № 2588, ГБОУ детский сад №2588,"2 588", Дошкольное образовательное учреждение, Детский сад, Бюджетное, Юго-Западное окружное управление образования," 117042, г.Москва, ул. Южнобутовская, д. 35",(499)793-15-36, dou2588@ou.mosuzedu.ru; ds2588@mosuzedu.ru; klepova2588@mail.ru,POINT (37.536301 55.5379152)
1532, Государственное бюджетное образовательное учреждение города Москвы детский сад № 2691, ГБОУ детский сад №2691,"2 691", Дошкольное образовательное учреждение, Детский сад, Бюджетное, Юго-Западное окружное управление образования," 117513, г. Москва, Ленинский проспект, дом 127А",(499)737-29-52, dou2691@ou.mosuzedu.ru,POINT (37.4755387 55.64440990000001)
1533, Государственное бюджетное образовательное учреждение города Москвы детский сад комбинированного вида № 7, ГБОУ детский сад № 7, 7, Дошкольное образовательное учреждение, Детский сад комбинированного вида, Бюджетное, Восточное окружное управление образования," 105173, г.Москва, пос. Акулово, д. 26 А",(495) 617-63-84, akulovo7@mail.ru,POINT (37.7037258 55.6989992)
1534, Государственное бюджетное образовательное учреждение города Москвы детский сад компенсирующего вида № 2183, ГБОУ детский сад № 2183,"2 183", Дошкольное образовательное учреждение, Детский сад компенсирующего вида, Бюджетное, Западное окружное управление образования," 121500, г.Москва, ул. Новорублевская, д. 8",(499) 727-24-00, dou2183@mail.ru,POINT (37.3585834 55.78736809999999)
1535, Государственное бюджетное образовательное учреждение города Москвы детский сад № 422, ГБОУ детский сад № 422,"422", Дошкольное образовательное учреждение, Детский сад, Бюджетное, Южное окружное управление образования," 115404 г. Москва, Липецкая ул., д.20, корп.2",(495) 327-54-18, dou422@sinergi.ru,POINT (37.6694419 55.593753)
1536, Государственное бюджетное образовательное учреждение города Москвы центр развития ребенка - детский сад № 1591, ГБОУ ЦРР-детский сад № 1591,"1 591", Дошкольное образовательное учреждение, Центр развития ребенка – детский сад, Бюджетное, Северо-Восточное окружное управление образования," 129327, г. Москва, Чукотский проезд, д. 4, корп. 2",(499) 186-44-47, dc1591@yandex.ru,POINT (37.653796 55.86758709999999)
1537, Государственное бюджетное образовательное учреждение города Москвы детский сад общеразвивающего вида № 2461, ГБОУ детский сад № 2461,"2 461", Дошкольное образовательное учреждение, Детский сад общеразвивающего вида с приоритетным осуществлением деятельности по одному из направлений развития детей, Бюджетное, Юго-Западное окружное управление образования," 117216, г. Москва, бульвар Дмитрия Донского, дом 9, корпус 6","713-84-01", ds2461@mail.ru,POINT (37.578333 55.567429)
1538, Государственное бюджетное образовательное учреждение города Москвы детский сад № 2505, ГБОУ детский сад № 2505,"2 505", Дошкольное образовательное учреждение, Детский сад, Бюджетное, Восточное окружное управление образования," 105568, Москва, улица Челябинская дом 26",(499) 308-29-22, detsad2505@yandex.ru,POINT (37.8348846 55.777749)
1539, Государственное бюджетное образовательное учреждение города Москвы детский сад компенсирующего вида № 276, ГБОУ детский сад № 276,"276", Дошкольное образовательное учреждение, Детский сад компенсирующего вида, Бюджетное, Восточное окружное управление образования," 105077 г. Москва, ул.15 Парковая, дом 20 А",(495) 465-44-48, gou-vostok276@yandex.ru,POINT (37.8195488 55.7979911)
1540, Государственное бюджетное образовательное учреждение города Москвы детский сад № 476, ГБОУ детский сад № 476,"476", Дошкольное образовательное учреждение, Детский сад, Бюджетное, Юго-Восточное окружное управление образования," 115088, г. Москва, улица Шарикоподшипниковская, дом 30 А, корпус 2",(495) 675-55-69, ds476@yandex.ru,POINT (37.673182 55.716843)
1541, Государственное бюджетное образовательное учреждение города Москвы детский сад № 1937, ГБОУ детский сад № 1937,"1 937", Дошкольное образовательное учреждение, Детский сад, Бюджетное, Западное окружное управление образования," 121351, г.Москва, ул. Партизанская, д. 10, корп. 3",(495) 417-67-15, detsad1937@mail.ru,POINT (37.4140518 55.7325169)
1542, Государственное бюджетное образовательное учреждение города Москвы детский сад № 457, ГБОУ детский сад № 457,"457", Дошкольное образовательное учреждение, Детский сад, Бюджетное, Северное окружное управление образования," 125319, г. Москва, улица 8 Марта, дом 15",(499) 152-19-26, best.dou457@mail.ru,POINT (37.5497634 55.8051596)
1543," Государственное бюджетное образовательное учреждение города Москвы детский сад № 727 ""Непоседы"""," ГБОУ детский сад № 727 ""Непоседы""","727", Дошкольное образовательное учреждение, Детский сад, Бюджетное, Северо-Западное окружное управление образования," 125363, г. Москва, ул. Нелидовская, д. 10, корп. 1",(499) 740-70-98,  dou727@szouo.ru,POINT (37.4428544 55.84604030000001)
1544, Государственное бюджетное образовательное учреждение города Москвы детский сад комбинированного вида № 2403, ГБОУ детский сад № 2403,"2 403", Дошкольное образовательное учреждение, Детский сад комбинированного вида, Бюджетное, Юго-Восточное окружное управление образования," 109451, г. Москва, ул. Братиславская, дом 17, корп.2",(495) 658-89-23, DS_2403@mail.ru,POINT (37.7623115 55.6594381)
1545, Государственное бюджетное образовательное учреждение города Москвы детский сад № 654, ГБОУ детский сад № 654,"654", Дошкольное образовательное учреждение, Детский сад, Бюджетное, Южное окружное управление образования," 115142 г.Москва, ул.Затонная, д.10, к.2",(499) 615-89-72, dou654@sinergi.ru,POINT (37.6835255 55.6775189)
1546, Государственное бюджетное образовательное учреждение города Москвы детский сад комбинированного вида № 1053, ГБОУ детский сад №1053,"1 053", Дошкольное образовательное учреждение, Детский сад комбинированного вида, Бюджетное, Троицкое и новомосковское окружное управление образования," 105318, Москва Город, Семеновская Площадь, 4",#Н/Д, detsad32@inbox.ru,POINT (37.7210321 55.7813321)
1547, Государственное бюджетное образовательное учреждение города Москвы детский сад комбинированного вида № 968, ГБОУ детский сад № 968,"968", Дошкольное образовательное учреждение, Детский сад комбинированного вида, Бюджетное, Юго-Восточное окружное управление образования," 109548, Москва, ул. Шоссейная, д. 10",(495) 353-41-11, detskeisad968@mail.ru,POINT (37.7232412 55.6890121)
1548, Государственное бюджетное образовательное учреждение города Москвы центр развития ребенка - детский сад № 1607, ГБОУ ЦРР - детский сад № 1607,"1 607", Дошкольное образовательное учреждение, Центр развития ребенка – детский сад, Бюджетное, Юго-Западное окружное управление образования," г. Москва, 117342,ул. Островитянова, д. 41А","8-495-336-42-33", gou1607@mosuzedu.ru,POINT (37.5342504 55.6329298)
1549, Государственное бюджетное образовательное учреждение города Москвы центр развития ребенка – детский сад № 1608, ГБОУ ЦРР - детский сад № 1608,"1 608", Дошкольное образовательное учреждение, Центр развития ребенка – детский сад, Бюджетное, Северное окружное управление образования," 127486, г. Москва, Дегунинская улица, дом 26, корпус 1",(499) 905-84-53, gou1608@mail.ru,POINT (37.531455 55.868742)
1550," Государственное бюджетное образовательное учреждение города Москвы центр развития ребенка - детский сад № 1104 ""Семицветик""", ГБОУ ЦРР – детский сад № 1104 «Семицветик»,"1 104", Дошкольное образовательное учреждение, Центр развития ребенка – детский сад, Бюджетное, Троицкое и новомосковское окружное управление образования," 142770, Москва Город, Сосенское Поселение, Коммунарка Поселок",#Н/Д, dou27@list.ru; dou1104@ou.mosuzedu.ru,POINT (37.4806535 55.5653108)
1551, Государственное бюджетное образовательное учреждение города Москвы детский сад компенсирующего вида № 1701, ГБОУ детский сад № 1701,"1 701", Дошкольное образовательное учреждение, Детский сад компенсирующего вида, Бюджетное, Юго-Западное окружное управление образования," 117465, г.Москва, улица Генерала Тюленева, дом 5, корпус 2","339-11-61", Detskiysad1701@yandex.ru,POINT (37.486246 55.624417)
1552, Государственное бюджетное образовательное учреждение города Москвы детский сад № 2327, ГБОУ детский сад № 2327,"2 327", Дошкольное образовательное учреждение, Детский сад, Бюджетное, Юго-Восточное окружное управление образования," 109144, г. Москва, ул. Люблинская д.163/1 корп.1",(495) 349-69-38, ds2327@uvuo.ru; sad2327@yandex.ru,POINT (37.745686 55.65213)
1553," Государственное бюджетное образовательное учреждение города Москвы центр развития ребенка - детский сад № 1619 ""Лебедушка"""," ГБОУ ЦРР - детский сад № 1619 ""Лебедушка""","1 619", Дошкольное образовательное учреждение, Центр развития ребенка – детский сад, Бюджетное, Южное окружное управление образования," 115404 г. Москва, Бирюлевская ул., д.7, к.3",(495) 327-37-74, dou1619@sinergi.ru,POINT (37.6666885 55.5992433)
1554, Государственное бюджетное образовательное учреждение города Москвы детский сад № 1321, ГБОУ детский сад № 1321,"1 321", Дошкольное образовательное учреждение, Детский сад, Бюджетное, Юго-Восточное окружное управление образования," 115088, г. Москва, ул. Шарикоподшипниковская, дом 2",(495) 674-34-13, gouds1321@mail.ru,POINT (37.6680696 55.72193)
1555, Государственное бюджетное образовательное учреждение города Москвы детский сад присмотра и оздоровления № 299, ГБОУ детский сад,"299", Дошкольное образовательное учреждение, Детский сад присмотра и оздоровления, Бюджетное, Центральное окружное управление образования," 105082 г. Москва, Большая Почтовая улица, дом 14 корп.А",(499) 261-84-58, goudetsad299@mail.ru,POINT (37.693262 55.7754827)
1556, Государственное бюджетное образовательное учреждение города Москвы центр развития ребенка - детский сад № 1674, ГБОУ ЦРР - детский сад № 1674,"1 674", Дошкольное образовательное учреждение, Центр развития ребенка – детский сад, Бюджетное, Южное окружное управление образования," 115682 г. Москва Ореховый бул-р, 67 корп.3",(495) 344-16-64, dou1674@sinergi.ru; dou1674buh@sinergi.ru,POINT (37.758366 55.61932299999999)
1557, Государственное бюджетное образовательное учреждение города Москвы детский сад общеразвивающего вида № 2280, ГБОУ детский сад № 2280,"2 280", Дошкольное образовательное учреждение, Детский сад общеразвивающего вида с приоритетным осуществлением деятельности по одному из направлений развития детей, Бюджетное, Восточное окружное управление образования," 105043, г.Москва, 5 Парковая ул., д. 5 а",(499) 367-77-36, detsad2280@qmail.com; zavsadgalina@gmail.com,POINT (37.7873311 55.7890677)
1558, Государственное бюджетное образовательное учреждение города Москвы детский сад общеразвивающего вида № 1241, ГБОУ детский сад № 1241,"1 241", Дошкольное образовательное учреждение, Детский сад общеразвивающего вида с приоритетным осуществлением деятельности по одному из направлений развития детей, Бюджетное, Южное окружное управление образования," 115561 г. Москва, Домодедовская ул. д.17, к.2",(495) 392-12-21, dou1241@sinergi.ru,POINT (37.7116245 55.6081904)
1559, Государственное бюджетное образовательное учреждение города Москвы детский сад № 1966, ГБОУ детский сад № 1966,"1 966", Дошкольное образовательное учреждение, Детский сад, Бюджетное, Южное окружное управление образования," 115573 г.Москва, Ореховый пр., д.37, к.3",(495) 393-17-22, dou1966@sinergi.ru,POINT (37.7327579 55.61769700000001)
1560, Государственное бюджетное образовательное учреждение города Москвы детский сад комбинированного вида № 2407, ГБОУ детский сад № 2407,"2 407", Дошкольное образовательное учреждение, Детский сад комбинированного вида, Бюджетное, Юго-Восточное окружное управление образования," 109462, г. Москва, ул. Юных Ленинцев, д.45, корп.3",(499) 179-20-07, ds2407@yandex.ru,POINT (37.7553834 55.70187929999999)
1561, Государственное бюджетное образовательное учреждение города Москвы детский сад № 2323, ГБОУ детский сад № 2323,"2 323", Дошкольное образовательное учреждение, Детский сад, Бюджетное, Юго-Восточное окружное управление образования," 109652 , г.Москва, Люблинская ул., д.177",(495) 658-64-08, ds2323@yandex.ru,POINT (37.7487637 55.6456005)
1562, Государственное бюджетное образовательное учреждение города Москвы детский сад № 2148, ГБОУ детский сад № 2148,"2 148", Дошкольное образовательное учреждение, Детский сад, Бюджетное, Северо-Восточное окружное управление образования," ""127566, г.Москва, ул.Бестужевых, дом 12 ""Д""",(499) 203-34-66, luda18.05.63@mail.ru; dou2148@yandex.ru,POINT (37.6078749 55.8704374)
1563, Государственное бюджетное образовательное учреждение города Москвы детский сад комбинированного вида № 1096, ГБОУ детский сад № 1096,"1 096", Дошкольное образовательное учреждение, Детский сад комбинированного вида, Бюджетное, Троицкое и новомосковское окружное управление образования," 105318, Москва Город, Семеновская Площадь, 4",#Н/Д, —,POINT (37.7210321 55.7813321)
1564, Государственное бюджетное образовательное учреждение города Москвы детский сад комбинированного вида № 656, ГБОУ детский сад комбинированного вида № 656,"656", Дошкольное образовательное учреждение, Детский сад комбинированного вида, Бюджетное, Северное окружное управление образования," 127644, г. Москва, улица Клязьминская, дом 19А",(495) 486-81-77, ds656@list.ru,POINT (37.5285532 55.8915418)
1565, Государственное бюджетное образовательное учреждение города Москвы детский сад № 1280, ГБОУ детский сад №1280,"1 280", Дошкольное образовательное учреждение, Детский сад, Бюджетное, Юго-Западное окружное управление образования," 117463, г. Москва, ул. Инессы Арманд, дом 9А","8(495)422-23-22", gou1280@mosuzedu.ru,POINT (37.5476774 55.5908424)
1566, Государственное бюджетное образовательное учреждение города Москвы детский сад общеразвивающего вида № 263, ГБОУ детский сад № 263,"263", Дошкольное образовательное учреждение, Детский сад общеразвивающего вида с приоритетным осуществлением деятельности по одному из направлений развития детей, Бюджетное, Юго-Восточное окружное управление образования," 109444, г. Москва Самаркандский бульвар, д. 24, корпус 4",(499) 741-63-80, malinki263@mail.ru,POINT (37.8189331 55.7021254)
1567, Государственное бюджетное образовательное учреждение города Москвы детский сад компенсирующего вида № 1020, ГБОУ детский сад № 1020,"1 020", Дошкольное образовательное учреждение, Детский сад компенсирующего вида, Бюджетное, Северное окружное управление образования," 127591, г. Москва, улица Дубнинская, дом 38, корпус 2",(495) 485-97-32, gou1020@mail.ru,POINT (37.5605221 55.887467)
1568, Государственное бюджетное образовательное учреждение города Москвы детский сад общеразвивающего вида № 1473, ГБОУ детский сад № 1473,"1 473", Дошкольное образовательное учреждение, Детский сад общеразвивающего вида с приоритетным осуществлением деятельности по одному из направлений развития детей, Бюджетное, Южное окружное управление образования," 115573 г. Москва,ул. М. Джалиля, д.2,к.4",(495) 395-30-59, dou1473@sinergi.ru,POINT (37.7367723 55.6227071)
1569, Государственное бюджетное образовательное учреждение города Москвы детский сад комбинированного вида № 1149, ГБОУ детский сад № 1149,"1 149", Дошкольное образовательное учреждение, Детский сад комбинированного вида, Бюджетное, Западное окружное управление образования," 121471, г.Москва, ул. Гвардейская, д. 10",(495) 446-26-75, dou1149@mail.ru,POINT (37.4253373 55.7228229)
1570, Государственное бюджетное образовательное учреждение города Москвы центр развития ребенка - детский сад № 2342, ГБОУ ЦРР - детский сад № 2342,"2 342", Дошкольное образовательное учреждение, Центр развития ребенка – детский сад, Бюджетное, Южное окружное управление образования," 115211 г. Москва, Борисовские пруды ул.д.14,к.6",(495) 340-15-02, dou2342@sinergi.ru,POINT (37.746172 55.63381)
1571, Государственное бюджетное образовательное учреждение города Москвы детский сад комбинированного вида № 1413, ГБОУ детский сад № 1413,"1 413", Дошкольное образовательное учреждение, Детский сад комбинированного вида, Бюджетное, Юго-Восточное окружное управление образования," 109542, г. Москва, Сормовская ул., дом 6, корп. 2",(495) 377-53-91, detskiy_sad1413@mail.ru,POINT (37.8109173 55.7114597)
1572, Государственное бюджетное образовательное учреждение города Москвы детский сад общеразвивающего вида № 2078, ГБОУ детский сад № 2078,"2 078", Дошкольное образовательное учреждение, Детский сад общеразвивающего вида с приоритетным осуществлением деятельности по одному из направлений развития детей, Бюджетное, Восточное окружное управление образования," 107014, г. Москва, ул. Егерьская, д.2.",(499) 268-09-00, gou2078@mail.ru,POINT (37.6834441 55.792774)
1573, Государственное бюджетное образовательное учреждение города Москвы детский сад № 803, ГБОУ детский сад № 803,"803", Дошкольное образовательное учреждение, Детский сад, Бюджетное, Западное окружное управление образования," 121354, г.Москва, Можайское шоссе, д. 38, корп. 5",(495) 446-06-68, sad803@mail.ru,POINT (37.4112214 55.7190711)
1574, Государственное бюджетное образовательное учреждение города Москвы детский сад комбинированного вида № 797, ГБОУ детский сад № 797,"797", Дошкольное образовательное учреждение, Детский сад комбинированного вида, Бюджетное, Западное окружное управление образования," 119136, г.Москва, 2-й Сетуньский проезд, д. 12, корп. 1",(499) 240-84-20, dou797@mail.ru,POINT (37.5358919 55.731333)
1575, Государственное бюджетное образовательное учреждение города Москвы детский сад общеразвивающего вида № 1317, ГБОУ детский сад № 1317,"1 317", Дошкольное образовательное учреждение, Детский сад общеразвивающего вида с приоритетным осуществлением деятельности по одному из направлений развития детей, Бюджетное, Юго-Восточное окружное управление образования," 109651, г. Москва, Батайский проезд, дом 15",(499) 356-04-31, GOYDetskiisad-1317@yandex.ru,POINT (37.7160232 55.6436345)
1576, Государственное бюджетное образовательное учреждение города Москвы детский сад № 893, ГБОУ детский сад № 893,"893", Дошкольное образовательное учреждение, Детский сад, Бюджетное, Северное окружное управление образования," 125581, г. Москва, Фестивальная улица, дом 16А",(495) 453-65-56, ds.893@yandex.ru,POINT (37.4981229 55.8588095)
1577, Государственное бюджетное образовательное учреждение города Москвы детский сад №1518, ГБОУ детский сад №1518,"1 518", Дошкольное образовательное учреждение, Детский сад, Бюджетное, Восточное окружное управление образования," 111141,Москва, ул. Перовская, дом 47,стр.1",(495) 309-36-60, detsad1518@rambler.ru,POINT (37.7851704 55.7464443)
1578, Государственное бюджетное образовательное учреждение города Москвы детский сад № 2687, ГБОУ детский сад № 2687,"2 687", Дошкольное образовательное учреждение, Детский сад, Бюджетное, Юго-Западное окружное управление образования," 117148, город Москва, улица Маршала Савицкого, дом 22, корпус 3",(499) 234-30-71, dou2687@mosuzedu.ru,POINT (37.5916381 55.50278290000001)
1579, Государственное бюджетное образовательное учреждение города Москвы детский сад общеразвивающего вида с приоритетным осуществлением деятельности по физическому развитию детей № 1750, ГОУ детский сад общеразвивающего вида № 1750,"1 750", Дошкольное образовательное учреждение, Детский сад общеразвивающего вида с приоритетным осуществлением деятельности по одному из направлений развития детей, Бюджетное, Южное окружное управление образования," 117587 г. Москва, Варшавское шоссе, 114 А",(495) 316-78-11, dou1750@sinergi.ru,POINT (37.6157304 55.6360632)
1580, Государственное бюджетное образовательное учреждение города Москвы детский сад комбинированного вида № 2344, ГБОУ детский сад № 2344,"2 344", Дошкольное образовательное учреждение, Детский сад комбинированного вида, Бюджетное, Юго-Западное окружное управление образования," 117042, город Москва, улица Южнобутовская, дом 59","715-06-45", dou2344@mosuzedu.ru,POINT (37.5306701 55.5358022)
1581, Государственное бюджетное образовательное учреждение города Москвы детский сад № 1931, ГБОУ детский сад № 1931,"1 931", Дошкольное образовательное учреждение, Детский сад, Бюджетное, Центральное окружное управление образования," 123056, г. Москва, пер. Большой Кондратьевский, д 4, стр.1.",(499) 254-11-38, detsad1931@mail.ru,POINT (37.582815 55.772273)
1582, Государственное бюджетное образовательное учреждение города Москвы детский сад общеразвивающего вида № 1289, ГБОУ детский сад № 1289,"1 289", Дошкольное образовательное учреждение, Детский сад общеразвивающего вида с приоритетным осуществлением деятельности по одному из направлений развития детей, Бюджетное, Восточное окружное управление образования," 107497, г. Москва, ул. Байкальская, д. 46 А",(495) 467-99-38, ds.1289@yandex.ru,POINT (37.8179328 55.8153592)
1583, Государственное бюджетное образовательное учреждение города Москвы детский сад № 75, ГБОУ детский сад № 75, 75, Дошкольное образовательное учреждение, Детский сад, Бюджетное, Восточное окружное управление образования," 107370, город Москва,Открытое шоссе, дом 6",(499) 168-35-33, detsad_75@mail.ru; сайт детского сада №75 создан,POINT (37.7321574 55.8103135)
1584, Государственное бюджетное образовательное учреждение города Москвы детский сад комбинированного вида № 115, ГБОУ детский сад № 115,"115", Дошкольное образовательное учреждение, Детский сад комбинированного вида, Бюджетное, Центральное окружное управление образования," 107140 г. Москва, Верхняя Красносельская ул., д.18",(499) 264-85-28, dc927@yandex.ru,POINT (37.6634402 55.7825932)
1585," Муниципальное автономное дошкольное образовательное учреждение ""Центр развития ребенка Детский сад №6"""," МАДОУ ""Детский сад №6""", 6, Дошкольное образовательное учреждение, Центр развития ребенка – детский сад, Автономное, Троицкое и новомосковское окружное управление образования," 142190, Россия, г.Москва, г.Троицк, улица Юбилейная, дом 1",#Н/Д, solnishko62007@yandex.ru,POINT (37.3021394 55.4721984)
1586, Государственное бюджетное образовательное учреждение города Москвы детский сад комбинированного вида № 1066, ГБОУ детский сад № 1066,"1 066", Дошкольное образовательное учреждение, Детский сад комбинированного вида, Бюджетное, Троицкое и новомосковское окружное управление образования," 105318, Москва Город, Семеновская Площадь, 4",#Н/Д, dzyuba50@mail.ru,POINT (37.7210321 55.7813321)
1587, Государственное бюджетное образовательное учреждение города Москвы детский сад общеразвивающего вида № 939, ГБОУ детский сад № 939,"939", Дошкольное образовательное учреждение, Детский сад общеразвивающего вида с приоритетным осуществлением деятельности по одному из направлений развития детей, Бюджетное, Северо-Восточное окружное управление образования," 127566, г.Москва, улица Бестужевых, дом 7-а",(499) 201-67-66, sad939@mail.ru,POINT (37.5994435 55.86970669999999)
1588, Государственное бюджетное образовательное учреждение города Москвы детский сад комбинированного вида № 1024, ГБОУ детский сад № 1024,"1 024", Дошкольное образовательное учреждение, Детский сад комбинированного вида, Бюджетное, Южное окружное управление образования," 117208 г. Москва, ул. Чертановская,14 Б",(495) 312-71-92, dou1024@sinergi.ru,POINT (37.5957692 55.6297533)
1589, Государственное бюджетное образовательное учреждение города Москвы детский сад комбинированного вида № 1269, ГБОУ детский сад № 1269,"1 269", Дошкольное образовательное учреждение, Детский сад комбинированного вида, Бюджетное, Западное окружное управление образования," 119361, г.Москва, ул.Озерная, д. 25 А",(495) 437-31-81, DS1269@yandex.ru,POINT (37.4547428 55.6756807)
1590, Государственное бюджетное образовательное учреждение города Москвы детский сад комбинированного вида № 1654, ГБОУ детский сад № 1654,"1 654", Дошкольное образовательное учреждение, Детский сад комбинированного вида, Бюджетное, Восточное окружное управление образования," 107589, Москва, Байкальская ул., д.49 А",(495) 467-62-70, ds1654@mail.ru,POINT (37.8224955 55.8191223)
1591, Государственное бюджетное образовательное учреждение города Москвы детский сад № 2394, ГБОУ детский сад № 2394,"2 394", Дошкольное образовательное учреждение, Детский сад, Бюджетное, Северное окружное управление образования," 127299, г. Москва, улица Приорова, дом 7",(495) 450-53-85, dc2394@bk.ru,POINT (37.5287194 55.818206)
1592, Государственное бюджетное образовательное учреждение города Москвы детский сад комбинированного вида № 1982, ГБОУ детский сад № 1982,"1 982", Дошкольное образовательное учреждение, Детский сад комбинированного вида, Бюджетное, Центральное окружное управление образования," 105064 г. Москва, Малый Демидовский пер., дом 3 А",(499) 261-96-22, detsad1982@yandex.ru,POINT (37.6663619 55.7642726)
1593," Государственное бюджетное образовательное учреждение города Москвы центр развития ребенка - детский сад № 1169 ""Солнышко""", ГБОУ ЦРР – детский сад № 1169 «Солнышко»,"1 169", Дошкольное образовательное учреждение, Центр развития ребенка – детский сад, Бюджетное, Троицкое и новомосковское окружное управление образования," 105318, г. Москва, пл Семеновская, д 4",#Н/Д, sad-22.seregina@yandex.ru,POINT (37.7210321 55.7813321)
1594, Государственное бюджетное образовательное учреждение города Москвы детский сад № 2668, ГБОУ детский сад № 2668,"2 668", Дошкольное образовательное учреждение, Детский сад, Бюджетное, Северное окружное управление образования," 127486, г. Москва, улица Дегунинская, дом 21",(499) 905-87-80, sad2668@mail.ru,POINT (37.5293533 55.8691277)
1595, Государственное бюджетное образовательное учреждение города Москвы детский сад комбинированного вида № 1663, ГБОУ детский сад № 1663,"1 663", Дошкольное образовательное учреждение, Детский сад комбинированного вида, Бюджетное, Южное окружное управление образования," 115408 г. Москва, ул. Братеевская, д.35, к.1",(495) 342-22-54, dou1663@sinergi.ru,POINT (37.7674704 55.6367659)
1596, Государственное бюджетное образовательное учреждение города Москвы детский сад № 1080, ГБОУ детский сад № 1080,"1 080", Дошкольное образовательное учреждение, Детский сад, Бюджетное, Юго-Восточное окружное управление образования," 109125, Москва, Волжский б-р, дом 18 к.3",(499) 177-39-12, detsad1080@mail.ru,POINT (37.74035 55.710797)
1597, Государственное бюджетное образовательное учреждение города Москвы детский сад № 569, ГБОУ детский сад № 569,"569", Дошкольное образовательное учреждение, Детский сад, Бюджетное, Западное окружное управление образования," 121096, г.Москва, 3-я Филевская, д. 8, корп. 3",(499) 145-46-11, dou569@mail.ru,POINT (37.4995072 55.73902690000001)
1598, Государственное бюджетное образовательное учреждение города Москвы детский сад № 2699, ГБОУ детский сад № 2699,"2 699", Дошкольное образовательное учреждение, Детский сад, Бюджетное, Западное окружное управление образования," 119136, г.Москва, 2-й Сетуньский проезд, д. 12, корп. 2",(499) 240-84-29, ds2699@mail.ru,POINT (37.5351106 55.7311705)
1599, Государственное бюджетное образовательное учреждение города Москвы детский сад № 975, ГБОУ детский сад № 975,"975", Дошкольное образовательное учреждение, Детский сад, Бюджетное, Юго-Западное окружное управление образования," 117465, г.Москва, улица Теплый Стан, дом 5А","338-49-66", dou975@ou.mosuzedu.ru,POINT (37.4974257 55.6208444)
1600, Государственное бюджетное образовательное учреждение города Москвы детский сад № 1070, ГБОУ детский сад № 1070,"1 070", Дошкольное образовательное учреждение, Детский сад, Бюджетное, Юго-Западное окружное управление образования," 117463, г.Москва, Новоясеневский проспект, дом 38, корпус 3","8-495-425-86-33", detsad1070@mail.ru,POINT (37.544974 55.6016841)
1601, Государственное бюджетное образовательное учреждение города Москвы центр развития ребенка - детский сад № 563, ГБОУ ЦРР - детский сад № 563,"563", Дошкольное образовательное учреждение, Центр развития ребенка – детский сад, Бюджетное, Южное окружное управление образования," 115516 г. Москва, Бехтерева ул. д.27/2",(495) 325-21-33, dou563@sinergi.ru,POINT (37.6495671 55.62594439999999)
1603, Государственное бюджетное образовательное учреждение города Москвы детский сад общеразвивающего вида № 2392, ГБОУ детский сад № 2392,"2 392", Дошкольное образовательное учреждение, Детский сад общеразвивающего вида с приоритетным осуществлением деятельности по одному из направлений развития детей, Бюджетное, Юго-Восточное окружное управление образования," 109559, г. Москва, ул. Цимлянская, дом 26",(495) 359-99-39, detsad2392@yandex.ru,POINT (37.7676148 55.6700065)
1604, Государственное бюджетное образовательное учреждение города Москвы детский сад № 2701, ГБОУ детский сад № 2701,"2 701", Дошкольное образовательное учреждение, Детский сад, Бюджетное, Северо-Восточное окружное управление образования," 127495, город Москва, Дмитровское шоссе, дом 165 Д, корпус 3",(499) 661-10-54, DOUdc2701@yandex.ru,POINT (37.5366919 55.9153047)
1605, Государственное бюджетное образовательное учреждение города Москвы детский сад комбинированного вида № 1311, ГБОУ детский сад № 1311,"1 311", Дошкольное образовательное учреждение, Детский сад комбинированного вида, Бюджетное, Северо-Восточное окружное управление образования," 127576, город Москва, улица Новгородская, дом 3",(499) 200-38-00, ds1311@yandex.ru,POINT (37.578804 55.892526)
1606, Государственное бюджетное образовательное учреждение города Москвы детский сад № 1510, ГБОУ детский сад № 1510,"1 510", Дошкольное образовательное учреждение, Детский сад, Бюджетное, Западное окружное управление образования," 121614, г.Москва, Осенний бульвар, д. 16, корп. 5",(495) 412-20-44, dou1510@mail.ru,POINT (37.4120494 55.7612831)
1607, Государственное бюджетное образовательное учреждение города Москвы детский сад общеразвивающего вида с приоритетным осуществлением деятельности по познавательно - речевому развитию детей №1589, ГБОУ г. Москвы детский сад №1589,"1 589", Дошкольное образовательное учреждение, Детский сад общеразвивающего вида с приоритетным осуществлением деятельности по одному из направлений развития детей, Бюджетное, Центральное окружное управление образования," 129110 Москва, Напрудный пер., д.13",(495) 681-91-61, mkutilina@yandex.ru,POINT (37.63107919999999 55.7885086)
1608, Государственное бюджетное образовательное учреждение города Москвы детский сад № 1176, ГБОУ детский сад №1176,"1 176", Дошкольное образовательное учреждение, Детский сад, Бюджетное, Восточное окружное управление образования," 105275, г.Москва, проспект Буденного, дом 29 А",(495) 365-44-40, DOU1176@yandex.ru,POINT (37.7313722 55.7682716)
1609, Государственное бюджетное образовательное учреждение города Москвы детский сад № 2335, ГБОУ детский сад № 2335,"2 335", Дошкольное образовательное учреждение, Детский сад, Бюджетное, Северное окружное управление образования," 125284, г. Москва, 1-й Боткинский проезд, дом 4, корп. 2",(495) 945-33-74, dsbeg2335@soudo.ru,POINT (37.557651 55.7825776)
1610, Государственное бюджетное образовательное учреждение города Москвы детский сад № 38, ГБОУ детский сад № 38, 38, Дошкольное образовательное учреждение, Детский сад, Бюджетное, Южное окружное управление образования," 115582 г. Москва, Шипиловский пр-д, д.67, к.2",(495) 397-00-20, dou38@sinergi.ru,POINT (37.715419 55.598553)
1611, Государственное бюджетное образовательное учреждение города Москвы центр развития ребенка - детский сад № 1511, ГБОУ ЦРР-детский сад № 1511,"1 511", Дошкольное образовательное учреждение, Центр развития ребенка – детский сад, Бюджетное, Западное окружное управление образования,"  г. Москва, Осенний бульвар, д.16, корп.3",(495) 415-56-96, detsad1511@yandex.ru,POINT (37.4121624 55.7603461)
1612, Государственное бюджетное образовательное учреждение города Москвы центр развития ребенка - детский сад № 1837, ГБОУ ЦРР-детский сад № 1837,"1 837", Дошкольное образовательное учреждение, Центр развития ребенка – детский сад, Бюджетное, Северо-Восточное окружное управление образования," 127562, город Москва, улица Каргопольская, дом 15, корпус 1",(499) 907-08-77, crr-ds1837@mail.ru,POINT (37.5918784 55.8656379)
1613, Государственное бюджетное образовательное учреждение города Москвы детский сад № 2003, ГБОУ детский сад № 2003,"2 003", Дошкольное образовательное учреждение, Детский сад, Бюджетное, Юго-Восточное окружное управление образования," 109542 г.Москва, ул. Вострухина, д.4, кор.2",(495) 371-55-09, gou2003@yandex.ru,POINT (37.799636 55.718127)
1614, Государственное бюджетное образовательное учреждение города Москвы центр развития ребенка - детский сад № 1277, ГБОУ ЦРР - детский сад № 1277,"1 277", Дошкольное образовательное учреждение, Центр развития ребенка – детский сад, Бюджетное, Южное окружное управление образования," 115597 г.Москва, ул.Тамбовская, д.10, к.3",(495) 399-44-75, dou1277@sinergi.ru,POINT (37.742911 55.602415)
1615, Государственное бюджетное образовательное учреждение города Москвы детский сад общеразвивающего вида № 2459, ГБОУ детский сад № 2459,"2 459", Дошкольное образовательное учреждение, Детский сад общеразвивающего вида с приоритетным осуществлением деятельности по одному из направлений развития детей, Бюджетное, Западное окружное управление образования," 119633 г.Москва, Боровское шоссе, д. 20, корп. 2",(495) 731-42-42, gouds2459@yandex.ru,POINT (37.366078 55.650292)
1616, Государственное бюджетное образовательное учреждение города Москвы детский сад № 2195, ГБОУ детский сад № 2195,"2 195", Дошкольное образовательное учреждение, Детский сад, Бюджетное, Северное окружное управление образования," 127238, г. Москва, Локомотивный проезд, дом 7А",(499) 745-47-40, det.2195@yandex.ru,POINT (37.5762296 55.83982529999999)
1617, Государственное бюджетное образовательное учреждение города Москвы детский сад № 279, ГБОУ детский сад № 279,"279", Дошкольное образовательное учреждение, Детский сад общеразвивающего вида с приоритетным осуществлением деятельности по одному из направлений развития детей, Бюджетное, Северное окружное управление образования," 127486, г. Москва, Дмитровское шосее, дом 93, корпус 2",(499) 488-22-44, gou279@mail.ru; sadic279@mail.ru,POINT (37.5426733 55.8704887)
1618, Государственное бюджетное образовательное учреждение города Москвы детский сад комбинированного вида № 23, ГБОУ детский сад № 23, 23, Дошкольное образовательное учреждение, Детский сад комбинированного вида, Бюджетное, Южное окружное управление образования," 115569 г. Москва,ул. Шипиловская,д.4",(495) 391-56-35, dou23@sinergi.ru,POINT (37.698317 55.616577)
1619, Государственное бюджетное образовательное учреждение города Москвы детский сад комбинированного вида № 1513, ГБОУ детский сад № 1513,"1 513", Дошкольное образовательное учреждение, Детский сад комбинированного вида, Бюджетное, Южное окружное управление образования," 115569 г. Москва, Маршала Захарова,дом 6,кор.2",(495) 390-04-54, dou1513@sinergi.ru,POINT (37.7046118 55.6247331)
1620, Государственное бюджетное образовательное учреждение города Москвы центр развития ребенка - детский сад № 1661, ГБОУ ЦРР-детский сад № 1661,"1 661", Дошкольное образовательное учреждение, Центр развития ребенка – детский сад, Бюджетное, Юго-Западное окружное управление образования," 117292, Москва, улица Ивана Бабушкина, д. 12",(499) 125-22-34, ds1661@mail.ru,POINT (37.56173 55.6861845)
1621, Государственное бюджетное образовательное учреждение города Москвы детский сад комбинированного вида № 1824, ГБОУ детский сад № 1824,"1 824", Дошкольное образовательное учреждение, Детский сад, Бюджетное, Южное окружное управление образования," 115408 г. Москва, ул. Алма-Атинская, д.5, к.2",(495) 341-83-77, dou1824@sinergi.ru,POINT (37.7727672 55.6410091)
1622, Государственное бюджетное образовательное учреждение города Москвы детский сад № 2446, ГБОУ детский сад № 2446,"2 446", Дошкольное образовательное учреждение, Детский сад, Бюджетное, Юго-Восточное окружное управление образования," 109651, г. Москва, ул. Подольская, дом 3",(499) 357-28-71, ds2446@yandex.ru,POINT (37.7133527 55.6541669)
1623, Государственное бюджетное образовательное учреждение города Москвы детский сад № 2610, ГБОУ детский сад № 2610,"2 610", Дошкольное образовательное учреждение, Детский сад, Бюджетное, Юго-Восточное окружное управление образования," 111674, Москва, ул. 2-ая Вольская, дом 5, корпус 3",(499) 211-24-40, dsad2610@mail.ru,POINT (37.9219352 55.6879767)
1624, Государственное бюджетное образовательное учреждение города Москвы детский сад № 68, ГБОУ детский сад № 68, 68, Дошкольное образовательное учреждение, Детский сад, Бюджетное, Южное окружное управление образования," 115580 г. Москва,Кустанайская ул. д.2,корп.2",(495) 396-81-39, dou40@sinergi.ru,POINT (37.749091 55.621127)
1625, Государственное бюджетное образовательное учреждение города Москвы детский сад компенсирующего вида № 2334, ГБОУ детский сад № 2334,"2 334", Дошкольное образовательное учреждение, Детский сад компенсирующего вида, Бюджетное, Юго-Восточное окружное управление образования," 109469, г. Москва, Марьинский бульвар, дом 8",(495) 658-64-21, gou2334@mail.ru,POINT (37.763756 55.6511301)
1626, Государственное бюджетное образовательное учреждение города Москвы детский сад комбинированного вида № 869, ГБОУ детский сад № 869,"869", Дошкольное образовательное учреждение, Детский сад комбинированного вида, Бюджетное, Северное окружное управление образования," ""125195, г. Москва, Ленинградское шоссе, дом 106 ""А""",(495) 455-62-63, ds1894@yandex.ru,POINT (37.4700216 55.85918900000001)
1627, Государственное бюджетное образовательное учреждение города Москвы детский сад № 760, ГБОУ детский сад № 760,"760", Дошкольное образовательное учреждение, Детский сад, Бюджетное, Восточное окружное управление образования," 111558, г. Москва, Зеленый проспект, д. 99А",(495) 302-34-90, detsad1767@yandex.ru,POINT (37.8278657 55.7514665)
1628, Государственное бюджетное образовательное учреждение города Москвы детский сад № 2570, ГБОУ детский сад № 2570,"2 570", Дошкольное образовательное учреждение, Детский сад, Бюджетное, Западное окружное управление образования," 121352, г.Москва, ул. Кременчугская, д. 5, корп. 4",(499) 737-68-12, dou2570@mail.ru,POINT (37.4619594 55.7228972)
1629, Государственное бюджетное образовательное учреждение города Москвы детский сад компенсирующего вида № 2220, ГБОУ детский сад № 2220,"2 220", Дошкольное образовательное учреждение, Детский сад компенсирующего вида, Бюджетное, Юго-Восточное окружное управление образования," 109145, г. Москва, ул. Пронская, дом № 5, корп. 2",(495) 705-47-99, ds2220log@mail.ru,POINT (37.8473631 55.701719)
1630," Государственное бюджетное образовательное учреждение города Москвы детский сад комбинированного вида № 734 ""Пчелка""", ГБОУ детский сад № 734,"734", Дошкольное образовательное учреждение, Детский сад комбинированного вида, Бюджетное, Северо-Западное окружное управление образования," 125424, г. Москва, Волоколамский проезд дом 5 корп 3",(495) 490-12-79,  dou442@szouo.ru,POINT (37.4315224 55.8273039)
1631, Государственное бюджетное образовательное учреждение города Москвы детский сад № 2119, ГБОУ детский сад № 2119,"2 119", Дошкольное образовательное учреждение, Детский сад, Бюджетное, Юго-Восточное окружное управление образования," 109428, Москва, Рязанский проспект, дом 45, корпус 2",(499) 171-65-48, dc2119@mail.ru,POINT (37.7615126 55.7270674)
1632, Государственное бюджетное образовательное учреждение города Москвы детский сад общеразвивающего вида №106, ГБОУ детский сад №106,"106", Дошкольное образовательное учреждение, Детский сад общеразвивающего вида с приоритетным осуществлением деятельности по одному из направлений развития детей, Бюджетное, Восточное окружное управление образования," 111622, г. Москва, ул. Ветлужская, д.4 А","700-39-61", —,POINT (37.863099 55.7198546)
1633, Государственное бюджетное образовательное учреждение города Москвы детский сад № 1656, ГБОУ детский сад № 1656,"1 656", Дошкольное образовательное учреждение, Детский сад, Бюджетное, Южное окружное управление образования," 115547 г. Москва, Михневский пр-д д.6 к.2",(495) 329-84-66, dou1656@sinergi.ru,POINT (37.666777 55.57707199999999)
1634, Государственное бюджетное образовательное учреждение города Москвы детский сад № 2498, ГОУ Детский сад №2498,"2 498", Дошкольное образовательное учреждение, Детский сад, Бюджетное, Юго-Восточное окружное управление образования," 109559, г.Москва, ул.Верхние поля, дом 47, корпус 2",(499) 741-78-40, ds2498@rambler.ru,POINT (37.779334 55.667227)
1635, Государственное бюджетное образовательное учреждение города Москвы детский сад комбинированного вида № 44, ГБОУ детский сад №44, 44, Дошкольное образовательное учреждение, Детский сад комбинированного вида, Бюджетное, Северное окружное управление образования," 127591, г. Москва, улица Дубнинская, дом 34, корпус 2",(495) 485-98-35, gou_ds_22@mail.ru,POINT (37.5604664 55.8851522)
1636, Государственное бюджетное образовательное учреждение города Москвы детский сад № 1343, ГБОУ детский сад № 1343,"1 343", Дошкольное образовательное учреждение, Детский сад, Бюджетное, Юго-Восточное окружное управление образования," 109129, г. Москва ул. Волжский бульвар д.34 корп.1.",(499) 178-60-28, det-sad1343@mail.ru,POINT (37.7468786 55.70322280000001)
1637, Государственное бюджетное образовательное учреждение города Москвы центр развития ребенка - детский сад № 2507, ГБОУ ЦРР - детский сад № 2507,"2 507", Дошкольное образовательное учреждение, Центр развития ребенка – детский сад, Бюджетное, Северное окружное управление образования," 125252, г. Москва, Ходынский бульвар, дом 9, строение 2",(499) 740-51-08, zav.33@mail.ru; crr2507@rambler.ru,POINT (37.5275594 55.7846047)
1638, Государственное бюджетное образовательное учреждение города Москвы детский сад компенсирующего вида № 823, ГБОУ детский сад № 823,"823", Дошкольное образовательное учреждение, Детский сад компенсирующего вида, Бюджетное, Западное окружное управление образования," 121467, г.Москва, ул. Ельнинская, д.12, корп. 3",(499) 141-75-88, zrenie823@mail.ru,POINT (37.4268226 55.7385055)
1639, Государственное бюджетное образовательное учреждение города Москвы детский сад комбинированного вида № 53, ГБОУ детский сад № 53, 53, Дошкольное образовательное учреждение, Детский сад комбинированного вида, Бюджетное, Центральное окружное управление образования," 105094 г. Москва, ул. Госпитальный Вал, д.3, корп.4",(495) 360-91-86, gou53@yandex.ru,POINT (37.7038048 55.7731152)
1640, Государственное бюджетное образовательное учреждение города Москвы детский сад № 2015, ГБОУ детский сад № 2015,"2 015", Дошкольное образовательное учреждение, Детский сад, Бюджетное, Юго-Западное окружное управление образования," 117218, г. Москва, ул. Кржижановского, дом 28, корпус 2","129-78-00", detstvo2015@mail.ru; dou2015@ou.mosuzedu.ru,POINT (37.57821130000001 55.6759085)
1641, Государственное бюджетное образовательное учреждение города Москвы детский сад № 2728, ГБОУ детский сад № 2728,"2 728", Дошкольное образовательное учреждение, Детский сад, Бюджетное, Восточное окружное управление образования," 111674, г. Москва, ул. Медведева, д. 6А",(499) 797-86-36, detsad2728@yandex.ru; dou2728@yandex.ru; nikishina-alla2728@yandex.ru,POINT (37.8853261 55.7180756)
1642, Государственное бюджетное образовательное учреждение города Москвы детский сад компенсирующего вида № 2708, ГБОУ детский сад компенсирующего вида № 2708,"2 708", Дошкольное образовательное учреждение, Детский сад компенсирующего вида, Бюджетное, Юго-Западное окружное управление образования," 117148, г. Москва, ул. Маршала Савицкого, дом 18, корп. 3","8-499-232-39-38", dou2708@mosuzedu.ru,POINT (37.5903151 55.50275)
1643, Государственное бюджетное образовательное учреждение города Москвы детский сад № 430, ГБОУ детский сад № 430,"430", Дошкольное образовательное учреждение, Детский сад, Бюджетное, Северное окружное управление образования," 125581, г. Москва, улица Фестивальная, дом 26а",(495) 453-15-30, ds430@mail.ru,POINT (37.502296 55.8598079)
1644, Государственное бюджетное образовательное учреждение города Москвы детский сад комбинированного вида № 1188, ГБОУ детский сад № 1188,"1 188", Дошкольное образовательное учреждение, Детский сад комбинированного вида, Бюджетное, Северо-Восточное окружное управление образования," 127204, город Москва, улица 9-я Северная линия, дом 15, корпус 3",(499) 767-62-65, dous1188@yandex.ru,POINT (37.5490939 55.936253)
1645, Государственное бюджетное образовательное учреждение города Москвы детский сад комбинированного вида № 2229, ГБОУ детский сад № 2229,"2 229", Дошкольное образовательное учреждение, Детский сад комбинированного вида, Бюджетное, Восточное окружное управление образования," 111531,г. Москва, улица Саянская, д.13 А",(495) 300-46-00, gou2229@mail.ru,POINT (37.8354816 55.769579)
1646, Государственное бюджетное образовательное учреждение города Москвы детский сад общеразвивающего вида № 2438, ГБОУ детский сад № 2438,"2 438", Дошкольное образовательное учреждение, Детский сад общеразвивающего вида с приоритетным осуществлением деятельности по одному из направлений развития детей, Бюджетное, Западное окружное управление образования," 119602, г. Москва, ул. Академика Анохина, д. 52",(495) 438-90-01, dou2438@mail.ru,POINT (37.4687062 55.6525859)
1647, Государственное бюджетное образовательное учреждение города Москвы центр развития ребенка - детский сад № 1743, ГБОУ ЦРР - детский сад № 1743,"1 743", Дошкольное образовательное учреждение, Центр развития ребенка – детский сад, Бюджетное, Южное окружное управление образования," 115573, г. Москва, ул. Мусы Джалиля, дом 6, корпус 4",(495) 395-06-92, dou1743@sinergi.ru,POINT (37.73571500000001 55.627919)
1648, Государственное бюджетное образовательное учреждение города Москвы детский сад компенсирующего вида № 1040, ГБОУ детский сад № 1040,"1 040", Дошкольное образовательное учреждение, Детский сад компенсирующего вида, Бюджетное, Южное окружное управление образования," 115573 г.Москва, Ореховый пр-д, д.29, к.2",(495) 393-57-00, dou1040@sinergi.ru,POINT (37.731769 55.620487)
1649, Государственное бюджетное образовательное учреждение города Москвы детский сад № 1650, ГБОУ детский сад № 1650,"1 650", Дошкольное образовательное учреждение, Детский сад, Бюджетное, Западное окружное управление образования," 121351 г.Москва, ул. Партизанская, д. 9, корп. 3",(095) 416-62-81, ds1650@mail.ru,POINT (37.4086384 55.7301547)
1650, Государственное бюджетное образовательное учреждение города Москвы центр развития ребенка - детский сад № 1654, ГБОУ ЦРРДС № 1654,"1 654", Дошкольное образовательное учреждение, Центр развития ребенка – детский сад, Бюджетное, Юго-Западное окружное управление образования," 117186, г. Москва, ул. Нагорная, дом 21, корпус 2",(499) 123-42-11, dou1654@ou.mosuzedu.ru; gou1654@mail.ru,POINT (37.6036141 55.67721299999999)
1651, Государственное бюджетное образовательное учреждение города Москвы детский сад комбинированного вида № 1152, ГБОУ детский сад № 1152,"1 152", Дошкольное образовательное учреждение, Детский сад комбинированного вида, Бюджетное, Южное окружное управление образования," 115470 г. Москва, Судостроительная ул., д.11, к.2",(499) 612-00-55, dou1152@sinergi.ru,POINT (37.6706289 55.6813125)
1652, Государственное бюджетное образовательное учреждение города Москвы детский сад с этнокультурным (еврейским) компонентом образования № 1136, ГБОУ детский сад № 1136,"1 136", Дошкольное образовательное учреждение, Детский сад с этнокультурным (национальным) компонентом образования, Бюджетное, Юго-Западное окружное управление образования," 119296, г.Москва, Ломоносовский проспект, дом № 18","939-07-82", ds-1136@yandex.ru,POINT (37.5395255 55.6919244)
1653, Государственное бюджетное образовательное учреждение города Москвы детский сад № 1521, ГБОУ детский сад № 1521,"1 521", Дошкольное образовательное учреждение, Детский сад, Бюджетное, Восточное окружное управление образования," 107564, г. Москва, ул. 1-я Гражданская, д. 94",(499) 168-61-37, ds1521@yandex.ru; нет,POINT (37.7081573 55.8077889)
1654, Государственное бюджетное образовательное учреждение города Москвы детский сад комбинированного вида № 2406, ГБОУ детский сад № 2406,"2 406", Дошкольное образовательное учреждение, Детский сад комбинированного вида, Бюджетное, Юго-Восточное окружное управление образования," 109431, г. Москва ул. Авиаконструктора Миля, д. 13, корп. 2",(495) 704-54-66, dc-2406@yandex.ru,POINT (37.8581551 55.68195069999999)
1655, Государственное бюджетное образовательное учреждение города Москвы детский сад компенсирующего вида № 109, ГБОУ детский сад № 109,"109", Дошкольное образовательное учреждение, Детский сад компенсирующего вида, Бюджетное, Восточное окружное управление образования," 107014, г.Москва, 2 Полевой переулок, д.4",(499) 269-07-97, sadik77@bk.ru,POINT (37.6825448 55.79133789999999)
1656, Государственное бюджетное образовательное учреждение города Москвы детский сад общеразвивающего вида № 2224, ГБОУ детский сад № 2224,"2 224", Дошкольное образовательное учреждение, Детский сад общеразвивающего вида с приоритетным осуществлением деятельности по одному из направлений развития детей, Бюджетное, Юго-Восточное окружное управление образования," 109388, Москва, ул. Гурьянова, дом 85",(499) 746-46-30, dou2224@mail.ru,POINT (37.71887419999999 55.6758507)
1657," Государственное бюджетное образовательное учреждение города Москвы центр развития ребенка - детский сад № 1160 ""Кленочек""", ГБОУ ЦРР – детский сад № 1160 «Кленочек»,"1 160", Дошкольное образовательное учреждение, Центр развития ребенка – детский сад, Бюджетное, Троицкое и новомосковское окружное управление образования," 142136 г. Москва, поселение Кленовское, с. Кленово, ул. Мичурина, д. 6",#Н/Д, klenochekds@mail.ru,POINT (37.3433059 55.3234307)
1658, Государственное бюджетное образовательное учреждение города Москвы детский сад комбинированного вида № 2430, ГБОУ детский сад № 2430,"2 430", Дошкольное образовательное учреждение, Детский сад комбинированного вида, Бюджетное, Западное окружное управление образования," 119602, г.Москва, ул. Академика Анохина, д. 4, корп. 6",(495) 735-75-15, dou2430@mail.ru,POINT (37.4699332 55.6708474)
1659, Государственное бюджетное образовательное учреждение города Москвы детский сад комбинированного вида № 1497, ГБОУ детский сад № 1497,"1 497", Дошкольное образовательное учреждение, Детский сад комбинированного вида, Бюджетное, Центральное окружное управление образования," 127006 Москва, ул. Фадеева, дом 2, строение 2",(499) 973-56-82, detsad1497@mail.ru,POINT (37.6026199 55.77279009999999)
1660, Государственное бюджетное образовательное учреждение города Москвы детский сад общеразвивающего вида № 2038, ГБОУ детский сад № 2038,"2 038", Дошкольное образовательное учреждение, Детский сад общеразвивающего вида с приоритетным осуществлением деятельности по одному из направлений развития детей, Бюджетное, Юго-Западное окружное управление образования," 117628, г.Москва, ул.Коктебельская, д.2А","711-50-90", dou2038@mosuzedu.ru,POINT (37.5864488 55.5668401)
1661, Государственное бюджетное образовательное учреждение города Москвы детский сад компенсирующего вида № 289, ГБОУ детский сад № 289,"289", Дошкольное образовательное учреждение, Детский сад компенсирующего вида, Бюджетное, Северное окружное управление образования," 125167, г. Москва, улица Константина Симонова, дом 3",(495) 613-85-38, ds289@mail.ru,POINT (37.5405915 55.7986143)
1662, Государственное бюджетное образовательное учреждение города Москвы детский сад комбинированного вида № 1193, ГБОУ детский сад № 1193,"1 193", Дошкольное образовательное учреждение, Детский сад комбинированного вида, Бюджетное, Северо-Восточное окружное управление образования," 127549, г.Москва, Алтуфьевское шоссе, д.64 Б",(499) 902-46-88, monchak.gboudetsad1193@yandex.ru,POINT (37.5889542 55.8849111)
1663, Государственное бюджетное образовательное учреждение города Москвы детский сад общеразвивающего вида № 2129, ГБОУ детский сад № 2129,"2 129", Дошкольное образовательное учреждение, Детский сад общеразвивающего вида с приоритетным осуществлением деятельности по одному из направлений развития детей, Бюджетное, Юго-Восточное окружное управление образования," 109387, г. Москва Кубанская ул., д. 22. корпус 2",(495) 350-09-61, gou-2129@yandex.ru,POINT (37.746944 55.683011)
1664, Государственное бюджетное образовательное учреждение города Москвы центр развития ребенка - детский сад № 1794, ГБОУ ЦРР - детский сад № 1794,"1 794", Дошкольное образовательное учреждение, Центр развития ребенка – детский сад, Бюджетное, Южное окружное управление образования," 117639 г. Москва, Балаклавский пр-т, д.3-а",(495) 316-31-88, dou1794@sinergi.ru,POINT (37.6120652 55.6398263)
1665, Государственное бюджетное образовательное учреждение города Москвы детский сад № 1174, ГБОУ детский сад № 1174,"1 174", Дошкольное образовательное учреждение, Детский сад, Бюджетное, Восточное окружное управление образования," 111401, город Москва, улица Металлургов, дом15, строение 1",(495) 672-23-79, ds1174@yandex.ru; nabatova.60@mail.ru,POINT (37.7842418 55.7586381)
1666, Государственное бюджетное образовательное учреждение города Москвы детский сад компенсирующего вида № 2324, ГБОУ детский сад № 2324,"2 324", Дошкольное образовательное учреждение, Детский сад компенсирующего вида, Бюджетное, Юго-Восточное окружное управление образования," 109652, г. Москва Марьинский б-р, д. 6",(495) 658-64-07, ds2324@bk.ru,POINT (37.7507809 55.64801)
1667, Государственное бюджетное образовательное учреждение города Москвы детский сад № 1384, ГБОУ детский сад № 1384,"1 384", Дошкольное образовательное учреждение, Детский сад общеразвивающего вида с приоритетным осуществлением деятельности по одному из направлений развития детей, Бюджетное, Северное окружное управление образования," 125319, г. Москва, улица Планетная, дом 43",(499) 152-94-40, kowalchuk.d@yandex.ru,POINT (37.5395927 55.8051246)
1668, Государственное бюджетное образовательное учреждение города Москвы детский сад №1815, ГБОУ детский сад № 1815,"1 815", Дошкольное образовательное учреждение, Детский сад, Бюджетное, Западное окружное управление образования," 119633 г.Москва, ул.Приречная, дом 7,корп. 1",(495) 733-54-12, 1815Kashina@rambler.ru,POINT (37.3689495 55.64453650000001)
1669, Государственное бюджетное образовательное учреждение города Москвы детский сад комбинированного вида № 1638, ГБОУ детский сад № 1638,"1 638", Дошкольное образовательное учреждение, Детский сад комбинированного вида, Бюджетное, Юго-Восточное окружное управление образования," 109377, город Москва, улица 4-я Новокузьминская, дом 8, корпус 1",(499) 784-91-47, gou1638@yandex.ru,POINT (37.7907041 55.7112759)
1670, Государственное бюджетное образовательное учреждение города Москвы детский сад компенсирующего вида № 1487, ГБОУ детский сад № 1487,"1 487", Дошкольное образовательное учреждение, Детский сад компенсирующего вида, Бюджетное, Северное окружное управление образования," 127644, г. Москва, ул. Клязьминская, дом 7А",(099) 906-09-53, gou1487@mail.ru,POINT (37.5231005 55.88882220000001)
1671, Государственное бюджетное образовательное учреждение города Москвы детский сад № 245, ГБОУ детский сад № 245,"245", Дошкольное образовательное учреждение, Детский сад, Бюджетное, Южное окружное управление образования," 115419 г.Москва, ул.Орджоникидзе, д.6, к.3",(495) 954-41-85, dou708@sinergi.ru,POINT (37.5985403 55.71042)
1672, Государственное бюджетное образовательное учреждение города Москвы детский сад № 2643, ГБОУ детский сад № 2643,"2 643", Дошкольное образовательное учреждение, Детский сад, Бюджетное, Западное окружное управление образования," 119027 г. Москва, ул. Изваринская, д. 7, строение 2",(495) 736-24-48, goudetcad2643@mail.ru; DOU2643@yandex.ru,POINT (37.2505257 55.61394079999999)
1673, Государственное бюджетное образовательное учреждение города Москвы детский сад № 640, ГБОУ детский сад № 640,"640", Дошкольное образовательное учреждение, Детский сад, Бюджетное, Западное окружное управление образования," 119330, г. Москва, ул. Дружбы, д. 4, корп. 3",(499) 143-04-12, GOUds1505@yandex.ru,POINT (37.5169039 55.713048)
1674, Государственное бюджетное образовательное учреждение города Москвы детский сад № 1566, ГБОУ детский сад № 1566,"1 566", Дошкольное образовательное учреждение, Детский сад, Бюджетное, Западное окружное управление образования," 121609, г.Москва, ул. Крылатские холмы, д. 19",(495) 412-94-14, dou1566@mail.ru,POINT (37.411797 55.7532522)
1675, Государственное бюджетное образовательное учреждение города Москвы детский сад № 501, ГБОУ детский сад № 501,"501", Дошкольное образовательное учреждение, Детский сад, Бюджетное, Центральное окружное управление образования," 129110 г.Москва, ул.Ср.Переяславская, д.21",(495) 684-46-01, ds501@yandex.ru,POINT (37.6387094 55.78922189999999)
1676, Государственное бюджетное образовательное учреждение города Москвы детский сад № 2673, ГБОУ детский сад № 2673,"2 673", Дошкольное образовательное учреждение, Детский сад, Бюджетное, Восточное окружное управление образования," 111674, г. Москва, ул. Лухмановская, дом 13Г",(499) 797-60-20, Korablik2673@mail.ru,POINT (37.893695 55.72120899999999)
1677, Государственное бюджетное образовательное учреждение города Москвы детский сад № 2444, ГБОУ детский сад № 2444,"2 444", Дошкольное образовательное учреждение, Детский сад, Бюджетное, Северное окружное управление образования," 127540, г. Москва, Керамический проезд, дом 45 А",(499) 900-69-44, ds2444@mail.ru,POINT (37.567197 55.871192)
1678, Государственное бюджетное образовательное учреждение города Москвы детский сад № 2241, ГБОУ детский сад № 2241,"2 241", Дошкольное образовательное учреждение, Детский сад, Бюджетное, Южное окружное управление образования," 117152 г. Москва, Севастопольский пр-т, д.3а",(499) 123-20-97, dou2241@sinergi.ru,POINT (37.6103069 55.6923879)
1679, Государственное бюджетное образовательное учреждение города Москвы детский сад № 461, ГБОУ детский сад № 461,"461", Дошкольное образовательное учреждение, Детский сад, Бюджетное, Восточное окружное управление образования," 105264, г.Москва, ул. 7-я Парковая, д.30/24.",(499) 164-68-65, goudetsad461@rambler.ru,POINT (37.7943441 55.8023965)
1680, Государственное бюджетное образовательное учреждение города Москвы детский сад комбинированного вида № 2157, ГБОУ детский сад № 2157,"2 157", Дошкольное образовательное учреждение, Детский сад комбинированного вида, Бюджетное, Западное окружное управление образования," 121500, г.москва, ул. 2-я Новорублевская, д. 15, корп. 3",(499) 727-28-04, dou2157@mail.ru,POINT (37.36508 55.787482)
1681, Государственное бюджетное образовательное учреждение города Москвы детский сад № 2390, ГБОУ детский сад № 2390,"2 390", Дошкольное образовательное учреждение, Детский сад, Бюджетное, Юго-Восточное окружное управление образования," 109451, Москва, ул. Братиславская, дом 13, корп.2",(495) 658-89-09, ds2390@mail.ru,POINT (37.7617059 55.661445)
1682, Государственное бюджетное образовательное учреждение города Москвы детский сад № 879, ГБОУ детский сад № 879,"879", Дошкольное образовательное учреждение, Детский сад, Бюджетное, Центральное окружное управление образования," 129110 г. Москва, Орлово-Давыдовский пер., д.3 А",(495) 680-79-21, detsad879@yandex.ru,POINT (37.6385532 55.784023)
1683, Государственное бюджетное образовательное учреждение города Москвы детский сад № 1849, ГБОУ детский сад № 1849,"1 849", Дошкольное образовательное учреждение, Детский сад, Бюджетное, Северо-Восточное окружное управление образования," 127282, г.Москва, улица Тихомирова, дом 8",(499) 476-25-18, det-sad1849@yandex.ru,POINT (37.6497026 55.8848419)
1684, Государственное бюджетное образовательное учреждение города Москвы детский сад № 1736, ГБОУ детский сад № 1736,"1 736", Дошкольное образовательное учреждение, Детский сад, Бюджетное, Западное окружное управление образования," 119634, г.Москва, ул. Шолохова, д. 6, корп. 2",(495) 733-54-54, dou1736@mail.ru,POINT (37.3582555 55.6370594)
1685, Государственное бюджетное образовательное учреждение города Москвы детский сад № 2481, ГБОУ детский сад № 2481,"2 481", Дошкольное образовательное учреждение, Детский сад, Бюджетное, Юго-Западное окружное управление образования," 117209, г. Москва, Севастопольский проспект, дом 28, корпус 6","84997891424", 2481@mail.ru; dou2481@ou.mosuzedu.ru,POINT (37.57492999999999 55.66451499999999)
1686, Государственное бюджетное образовательное учреждение города Москвы детский сад № 1072, ГБОУ детский сад № 1072,"1 072", Дошкольное образовательное учреждение, Детский сад, Бюджетное, Северо-Восточное окружное управление образования," 127572, г. Москва, Алтуфьевское шоссе, д.93, корп.2",(499) 200-52-55, ds1072@mail.ru,POINT (37.5844098 55.89986829999999)
1687, Государственное бюджетное образовательное учреждение города Москвы детский сад № 2740, ГБОУ детский сад № 2740,"2 740", Дошкольное образовательное учреждение, Детский сад, Бюджетное, Северное окружное управление образования," 125502, г. Москва, улица Лавочкина, дом 54, корпус 2",(495) 455-01-60, DetSad-29@yandex.ru; alaniya.mariya@mail.ru; det-cad55@yandex.ru,POINT (37.4866236 55.8653027)
1688, Государственное бюджетное образовательное учреждение города Москвы детский сад №377, ГБОУ детский сад №377,"377", Дошкольное образовательное учреждение, Детский сад, Бюджетное, Юго-Восточное окружное управление образования," 109437, г. Москва, Волгоградский пр-т, д.137 корп.3",(499) 175-42-52, detskiysad377@rambler.ru,POINT (37.7748294 55.7058787)
1689, Государственное бюджетное образовательное учреждение города Москвы детский сад комбинированного вида № 1309, ГБОУ детский сад № 1309,"1 309", Дошкольное образовательное учреждение, Детский сад комбинированного вида, Бюджетное, Южное окружное управление образования," 115580 г. Москва, ул. Кустанайская, 14 к.3",(495) 396-80-07, dou1309@sinergi.ru,POINT (37.7504536 55.6155546)
1690, Государственное бюджетное образовательное учреждение города Москвы детский сад комбинированного вида № 1534, ГБОУ детский сад № 1534,"1 534", Дошкольное образовательное учреждение, Детский сад комбинированного вида, Бюджетное, Северо-Западное окружное управление образования," 125481, г. Москва, улица Планерная, дом 14, корп. 4",(495) 495-34-45,  dou1534@szouo.ru,POINT (37.4395762 55.8640462)
1691, Государственное бюджетное образовательное учреждение города Москвы детский сад общеразвивающего вида № 788, ГБОУ детский сад № 788,"788", Дошкольное образовательное учреждение, Детский сад общеразвивающего вида с приоритетным осуществлением деятельности по одному из направлений развития детей, Бюджетное, Южное окружное управление образования," 117587 Москва, ул. Кировоградская д.18",(495) 315-01-35, dou788@sinergi.ru,POINT (37.6048532 55.6183973)
1692, Государственное бюджетное образовательное учреждение города Москвы детский сад комбинированного вида № 2556, ГБОУ детский сад № 2556,"2 556", Дошкольное образовательное учреждение, Детский сад комбинированного вида, Бюджетное, Центральное окружное управление образования," 109004 город Москва, Большой Факельный переулок, дом 21.",(495) 671-40-93, akris2556@yandex.ru,POINT (37.6659233 55.7411183)
1693, Государственное бюджетное образовательное учреждение города Москвы детский сад № 1980, ГБОУ детский сад № 1980,"1 980", Дошкольное образовательное учреждение, Детский сад, Бюджетное, Северо-Восточное окружное управление образования," 129128, город Москва, улица Малахитовая, дом12, корпус1",(499) 181-54-94, detsad1980@mail.ru,POINT (37.66509720000001 55.8296643)
1694, Государственное бюджетное образовательное учреждение города Москвы детский сад комбинированного вида № 154, ГБОУ детский сад № 154,"154", Дошкольное образовательное учреждение, Детский сад комбинированного вида, Бюджетное, Северное окружное управление образования," 127474, г. Москва, улица Дубнинская, д. 33А",(499) 480-15-66, gouds154@yandex.ru,POINT (37.5635059 55.86606099999999)
