fullname,shortname,number,category,vid_uchrezhdeniya,organiz_pravov_forma,podchinenie,address,telephone,email,location
 Государственное бюджетное образовательное учреждение города Москвы детский сад № 1264, ГБОУ детский сад № 1264,1 264, Дошкольное образовательное учреждение, Детский сад, Бюджетное, Юго-Восточное окружное управление образования," 115432, г.Москва, ул. Трофимова,д.11",(495) 679-06-67, d_c1264@mail.ru; d_c1264_1@mail.ru; d-c1264@yandex.ru,POINT(37.6689089 55.7033346)
 Государственное бюджетное образовательное учреждение города Москвы детский сад № 2642, ГБОУ детский сад № 2642,2 642, Дошкольное образовательное учреждение, Детский сад, Бюджетное, Северное окружное управление образования," 125299, г. Москва, ул. Клары Цеткин, д. 15Б",(495) 601-46-94, detsad2642@mail.ru,POINT(37.5169885 55.8205021)
 Государственное бюджетное образовательное учреждение города Москвы детский сад комбинированного вида №2198, ГБОУ детский сад № 2198,2 198, Дошкольное образовательное учреждение, Детский сад комбинированного вида, Бюджетное, Восточное окружное управление образования," 107113, г. Москва, Поперечный просек д. 1А",(499) 269-89-82, gou.ds2198@gmail.com,POINT(37.6560889 55.7949863)
 Государственное бюджетное образовательное учреждение города Москвы детский сад комбинированного вида № 813, ГБОУ детский сад № 813,813, Дошкольное образовательное учреждение, Детский сад комбинированного вида, Бюджетное, Восточное окружное управление образования," 111402, г. Москва, ул. Кетчерская, д.6А",(495) 375-77-30, detskij-sad-813@mail.ru,POINT(37.8237126 55.7426839)
 Государственное бюджетное образовательное учреждение города Москвы детский сад комбинированного вида № 283, ГБОУ детский сад № 283,283, Дошкольное образовательное учреждение, Детский сад комбинированного вида, Бюджетное, Восточное окружное управление образования," 105484,г. Москва, 13-я Парковая ул.,д.30",(495) 468-54-28, dc283@yandex.ru,POINT(37.814724 55.806057)
 Государственное бюджетное образовательное учреждение города Москвы детский сад комбинированного вида № 253, ГБОУ детский сад №253,253, Дошкольное образовательное учреждение, Детский сад комбинированного вида, Бюджетное, Северное окружное управление образования," 127486, г. Москва, улица Дегунинская, дом 24",(499) 905-82-77, tolmazova802@yandex.ru,POINT(37.5322975 55.8681862)
 Государственное бюджетное образовательное учреждение города Москвы детский сад № 2140, ГБОУ детский сад № 2140,2 140, Дошкольное образовательное учреждение, Детский сад, Бюджетное, Северо-Восточное окружное управление образования," 129164, город Москва, улица Маломосковская, дом 7, корпус 1",(495) 683-11-72, dsad2140@yandex.ru,POINT(37.6443193 55.8139097)
 Государственное бюджетное образовательное учреждение города Москвы детский сад № 6, ГБОУ детский сад № 6, 6, Дошкольное образовательное учреждение, Детский сад, Бюджетное, Центральное окружное управление образования," 105066 Москва, улица Новорязанская, д.32",(499) 261-65-02, tatmi1953@mail.ru; detdom_29@mail.ru,POINT(37.6684986 55.7714484)
 Государственное бюджетное образовательное учреждение города Москвы детский сад № 73, ГБОУ детский сад № 73, 73, Дошкольное образовательное учреждение, Детский сад, Бюджетное, Восточное окружное управление образования," 111401, г.Москва, 3-я Владимирская ул. д. 14",(495) 306-63-54, douds73@rambler.ru,POINT(37.7856952 55.7597094)
 Государственное бюджетное образовательное учреждение города Москвы детский сад комбинированного вида № 2387, ГБОУ детский сад № 2387,2 387, Дошкольное образовательное учреждение, Детский сад комбинированного вида, Бюджетное, Северное окружное управление образования," 127015, город Москва, улица Нижняя Масловка, дом 5, корпус 4",(499) 257-78-35, detsk.2387@yandex.ru; detsad1048@yandex.ru,POINT(37.5837077 55.7908273)
 Государственное бюджетное образовательное учреждение города Москвы детский сад комбинированного вида № 1551, ГБОУ детский сад № 1551,1 551, Дошкольное образовательное учреждение, Детский сад комбинированного вида, Бюджетное, Восточное окружное управление образования," 111396, г.Москва, улица Союзный проспект, д.7",(495) 302-55-98, ds1551@rambler.ru,POINT(37.8075194 55.7510252)
 Государственное бюджетное образовательное учреждение города Москвы детский сад компенсирующего вида №1764, ГБОУ детский сад №1764,1 764, Дошкольное образовательное учреждение, Детский сад компенсирующего вида, Бюджетное, Восточное окружное управление образования," 107065, город Москва, Уссурийская ул., дом 9 А",(495) 469-52-80, gou1764@mail.ru; gbou1764@mail.ru,POINT(37.819151 55.825055)
 Государственное бюджетное образовательное учреждение города Москвы детский сад № 485, ГБОУ детский сад № 485,485, Дошкольное образовательное учреждение, Детский сад, Бюджетное, Восточное окружное управление образования," 107061, г.Москва, ул.Большая Черкизовская, д.5,корп.7",(495) 963-80-18, solnishko485@mail.ru,POINT(37.720343 55.799283)
 Государственное бюджетное образовательное учреждение города Москвы детский сад № 165, ГБОУ детский сад № 165,165, Дошкольное образовательное учреждение, Детский сад, Бюджетное, Юго-Восточное окружное управление образования," 109443, Москва, ул. Юных Ленинцев, д. 75, кор. 2",(499) 175-95-10, sadik165@mail.ru,POINT(37.7699131 55.7007561)
 Государственное бюджетное образовательное учреждение города Москвы центр развития ребенка - детский сад № 1271, ГБОУ ЦРР - детский сад № 1271,1 271, Дошкольное образовательное учреждение, Центр развития ребенка – детский сад, Бюджетное, Южное окружное управление образования," 115573 г. Москва, ул. Мусы Джалиля, д.14, к.3",(495) 395-26-18, dou1271@sinergi.ru,POINT(37.7380661 55.6245999)
 Государственное бюджетное образовательное учреждение города Москвы детский сад № 786, ГБОУ детский сад № 786,786, Дошкольное образовательное учреждение, Детский сад, Бюджетное, Западное окружное управление образования," 121165, г.Москва, Кутузовский проспект, д. 30",(499) 249-37-56, ds786@mail.ru,POINT(37.5364363 55.741149)
 Государственное бюджетное образовательное учреждение города Москвы детский сад общеразвивающего вида № 103, ГБОУ детский сад № 103,103, Дошкольное образовательное учреждение, Детский сад общеразвивающего вида с приоритетным осуществлением деятельности по одному из направлений развития детей, Бюджетное, Юго-Восточное окружное управление образования," 109439, г. Москва ул. Юных Ленинцев д.103 кор.2",(499) 175-52-75, doy103@mail.ru,POINT(37.7817936 55.6993091)
 Государственное бюджетное образовательное учреждение города Москвы Центр развития ребенка - детский сад № 953, ГОУ ЦРР - детский сад № 953,953, Дошкольное образовательное учреждение, Центр развития ребенка – детский сад, Бюджетное, Южное окружное управление образования," 115563 г. Москва, Борисовский пр, д.46 к.2",(495) 394-23-00, dou953@sinergi.ru; dou953@sinergi.ru,POINT(37.727629 55.61441199999999)
 Государственное бюджетное образовательное учреждение города Москвы детский сад комбинированного вида № 936, ГБОУ детский сад № 936,936, Дошкольное образовательное учреждение, Детский сад комбинированного вида, Бюджетное, Центральное окружное управление образования," 119034 г. Москва, Пречистенский пер., д. 3,",(495) 637-76-15, dskv936@mail.ru,POINT(37.5946483 55.7431917)
 Государственное бюджетное образовательное учреждение города Москвы детский сад № 1664, ГБОУ детский сад № 1664,1 664, Дошкольное образовательное учреждение, Детский сад, Бюджетное, Юго-Восточное окружное управление образования," 109559, г. Москва, улица Ставропольская, дом 72",(495) 358-07-73, ds_1664@mail.ru; ds1664@uvuo.ru; natal-krotkova@yandex.ru; PakhomovaLV@yandex.ru; nyura.ibraeva@yandex.ru,POINT(37.7748718 55.6803051)
 Государственное бюджетное образовательное учреждение города Москвы детский сад общеразвивающего вида № 426, ГБОУ детский сад № 426,426, Дошкольное образовательное учреждение, Детский сад общеразвивающего вида с приоритетным осуществлением деятельности по одному из направлений развития детей, Бюджетное, Северное окружное управление образования," 125239, г. Москва, улица Михалковская, дом 11А",(499) 154-65-41, detsad426@yandex.ru,POINT(37.5290414 55.8377805)
 Государственное бюджетное образовательное учреждение города Москвы детский сад комбинированного вида №1033, ГБОУ детский сад № 1033,1 033, Дошкольное образовательное учреждение, Детский сад комбинированного вида, Бюджетное, Северо-Восточное окружное управление образования," 127543, г.Москва, ул. Корнейчука, д. 32А",(499) 206-65-47, svetlana_chzhan@mail.ru; detsad1033@mail.ru,POINT(37.6213407 55.89860479999999)
 Государственное бюджетное образовательное учреждение города Москвы детский сад компенсирующего вида № 4, ГБОУ детский сад № 4, 4, Дошкольное образовательное учреждение, Детский сад компенсирующего вида, Бюджетное, Юго-Западное окружное управление образования," 119333, г.Москва, Университетский проспект, дом 6, корп. 4",(499) 137-35-22, dou4@ou.mosuzedu.ru; kdou4uz@mail.ru,POINT(37.5546158 55.69975540000001)
 Государственное бюджетное образовательное учреждение города Москвы детский сад общеразвивающего вида № 702, ГБОУ детский сад № 702,702, Дошкольное образовательное учреждение, Детский сад общеразвивающего вида с приоритетным осуществлением деятельности по одному из направлений развития детей, Бюджетное, Северо-Восточное окружное управление образования," 129226, г.Москва, улица Сельскохозяйственная, дом 13, корп. 3",(499) 181-20-61, ds702@yandex.ru,POINT(37.6392206 55.8358763)
 Государственное бюджетное образовательное учреждение города Москвы детский сад компенсирующего вида № 605, ГБОУ детский сад № 605,605, Дошкольное образовательное учреждение, Детский сад компенсирующего вида, Бюджетное, Юго-Восточное окружное управление образования," 111020, г. Москва, ул. Сторожевая, д. 38А",(495) 360-31-17, ds605@mail.ru,POINT(37.7156115 55.7633697)
 Государственное бюджетное образовательное учреждение города Москвы детский сад комбинированного вида № 832, ГБОУ детский сад № 832,832, Дошкольное образовательное учреждение, Детский сад комбинированного вида, Бюджетное, Северо-Восточное окружное управление образования," 127322, г.Москва, ул. Милашенкова, д.10Б",(495) 639-11-00, DOU832@yandex.ru,POINT(37.5836293 55.8269163)
 Государственное бюджетное образовательное учреждение города Москвы детский сад № 1874, ГБОУ детский сад № 1874,1 874, Дошкольное образовательное учреждение, Детский сад, Бюджетное, Центральное окружное управление образования," 109172, г. Москва, Крестьянская площадь, дом 10/2",(495) 912-12-69, detsad1874@yandex.ru,POINT(37.655309 55.73298)
 Государственное бюджетное образовательное учреждение города Москвы детский сад комбинированного вида № 1453, ГБОУ детский сад № 1453,1 453, Дошкольное образовательное учреждение, Детский сад комбинированного вида, Бюджетное, Северное окружное управление образования," 125599, г. Москва, ул. Бусиновская горка, д. 9",(495) 486-57-67, detsad1453@yandex.ru,POINT(37.4934187 55.8834218)
 Государственное бюджетное образовательное учреждение города Москвы детский сад № 2685, ГБОУ детский сад № 2685,2 685, Дошкольное образовательное учреждение, Детский сад, Бюджетное, Юго-Западное окружное управление образования," 117148, город Москва, улица Маршала Савицкого, дом 26, корпус 3",(499) 232-49-27, dou2685@mosuzedu.ru,POINT(37.59559 55.5033008)
 Государственное бюджетное образовательное учреждение города Москвы центр развития ребенка - детский сад № 474, ГБОУ ЦРР-детский сад № 474,474, Дошкольное образовательное учреждение, Центр развития ребенка – детский сад, Бюджетное, Северо-Восточное окружное управление образования," 127081, город Москва, улица Молодцова, 19, строение 1",(499) 477-04-22, detsad474@yandex.ru,POINT(37.631642 55.878091)
 Государственное бюджетное образовательное учреждение города Москвы детский сад № 2637, ГБОУ детский сад № 2637,2 637, Дошкольное образовательное учреждение, Детский сад, Бюджетное, Западное окружное управление образования," 121615, г.Москва, Рублевское шоссе, д. 18, корп. 2",(495) 415-70-44, gou2637@mail.ru,POINT(37.432746 55.741591)
 Государственное бюджетное образовательное учреждение города Москвы детский сад № 2485, ГБОУ детский сад № 2485,2 485, Дошкольное образовательное учреждение, Детский сад, Бюджетное, Юго-Западное окружное управление образования," 117042, г. Москва, улица Адмирала Лазарева, дом 13",(499) 743-15-54, dou2485@ou.mosuzedu.ru; dsuz2485.mskobr.ru; sadik2485@mail.ru,POINT(37.53760949999999 55.5452319)
 Государственное бюджетное образовательное учреждение города Москвы детский сад № 2590, ГБОУ детский сад № 2590,2 590, Дошкольное образовательное учреждение, Детский сад, Бюджетное, Юго-Западное окружное управление образования," 117042, г. Москва, улица Академика Понтрягина, дом 11, корпус 2",(495)715-13-60, dc2590@mail.ru,POINT(37.5021793 55.53431699999999)
 Государственное бюджетное образовательное учреждение города Москвы детский сад комбинированного вида № 1368, ГБОУ детский сад № 1368,1 368, Дошкольное образовательное учреждение, Детский сад комбинированного вида, Бюджетное, Южное окружное управление образования," 115142 г.Москва, ул.Коломенская, д.27, к.2",(499) 615-24-94, dou1368@sinergi.ru,POINT(37.690002 55.6755138)
 Государственное бюджетное образовательное учреждение города Москвы детский сад № 1255, ГБОУ детский сад № 1255,1 255, Дошкольное образовательное учреждение, Детский сад, Бюджетное, Северо-Восточное окружное управление образования," 127642, город Москва, улица Сухонская, дом 3 А",(499) 478-26-34, goy_detsad1255@mail.ru,POINT(37.6496984 55.87527799999999)
 Государственное бюджетное образовательное учреждение города Москвы детский сад комбинированного вида № 1287, ГБОУ детский сад № 1287,1 287, Дошкольное образовательное учреждение, Детский сад комбинированного вида, Бюджетное, Восточное окружное управление образования," 111395, г. Москва,ул.Красный Казанец, д,19 А, строение 1",(499) 373-98-06, rabota1287@mail.ru,POINT(37.803189 55.72290899999999)
 Государственное бюджетное образовательное учреждение города Москвы детский сад № 1275, ГБОУ детский сад № 1275,1 275, Дошкольное образовательное учреждение, Детский сад, Бюджетное, Юго-Восточное окружное управление образования," 109390, г. Москва, ул. Артюхиной, д. 4, корп.2",(499) 178-61-50, ds1275@mail.ru,POINT(37.736425 55.7032775)
 Государственное бюджетное образовательное учреждение города Москвы детский сад компенсирующего вида № 778, ГБОУ детский сад № 778,778, Дошкольное образовательное учреждение, Детский сад компенсирующего вида, Бюджетное, Восточное окружное управление образования," 107392, г. Москва, улица Халтуринская, д.6",(499) 162-11-32, ds778@mail.ru,POINT(37.7293915 55.800265)
" Государственное бюджетное образовательное учреждение города Москвы детский сад общеразвивающего вида № 794 ""Родничок"""," ГБОУ детский сад № 794 ""Родничок""",794, Дошкольное образовательное учреждение, Детский сад общеразвивающего вида с приоритетным осуществлением деятельности по одному из направлений развития детей, Бюджетное, Восточное окружное управление образования," 105568, город Москва,улица Чечулина,дом 20",(499) 308-29-54, ds794@yandex.ru,POINT(37.8298646 55.7799962)
 Государственное бюджетное образовательное учреждение города Москвы детский сад №1527, ГБОУ детский сад №1527,1 527, Дошкольное образовательное учреждение, Детский сад, Бюджетное, Восточное окружное управление образования," 111539, город Москва,улица Реутовская, дом 2Б",(495) 375-85-18, ds1527@rambler.ru; ds1527@rambler.ru; ds1527@rambler.ru; ds1527@rambler.ru,POINT(37.8326721 55.74017809999999)
 Государственное бюджетное образовательное учреждение города Москвы детский сад общеразвивающего вида № 1725, ГБОУ детский сад № 1725,1 725, Дошкольное образовательное учреждение, Детский сад общеразвивающего вида с приоритетным осуществлением деятельности по одному из направлений развития детей, Бюджетное, Западное окружное управление образования," 119620, г. Москва, ул. Авиаторов, д. 18, корп. 2",(495) 934-71-80, detsad1725@rambler.ru,POINT(37.402951 55.644848)
 Государственное бюджетное образовательное учреждение города Москвы детский сад № 2527, ГБОУ детский сад № 2527,2 527, Дошкольное образовательное учреждение, Детский сад, Бюджетное, Северное окружное управление образования," 125252, город Москва, Ходынский бульвар, дом 17, строение 2",(499) 740-53-17, ds2527@mail.ru,POINT(37.521683 55.788366)
 Государственное бюджетное образовательное учреждение города Москвы центр развития ребенка - детский сад № 402, ГБОУ ЦРР-детский сад № 402,402, Дошкольное образовательное учреждение, Центр развития ребенка – детский сад, Бюджетное, Северо-Восточное окружное управление образования," 127273, город Москва, улица Декабристов, дом 36а",(499) 904-08-01, detsad1127@yandex.ru,POINT(37.6157597 55.8584389)
 Государственное бюджетное образовательное учреждение города Москвы детский сад № 2436, ГБОУ детский сад № 2436,2 436, Дошкольное образовательное учреждение, Детский сад общеразвивающего вида с приоритетным осуществлением деятельности по одному из направлений развития детей, Бюджетное, Юго-Восточное окружное управление образования," 109559, г. Москва, ул. Верхние поля, д. 33, кор. 2",(495) 359-67-01, qou2436@mail.ru,POINT(37.7550871 55.66911169999999)
 Государственное бюджетное образовательное учреждение города Москвы детский сад № 299, ГБОУ детский сад № 299,299, Дошкольное образовательное учреждение, Детский сад, Бюджетное, Юго-Восточное окружное управление образования," 109117, г. Москва Волгоградский пр-т д. 107, к. 5",(499) 177-40-88, sadik262@yandex.ru; gou299@yandex.ru,POINT(37.7587054 55.7089491)
 Государственное бюджетное образовательное учреждение города Москвы детский сад № 1904, ГБОУ детский сад № 1904,1 904, Дошкольное образовательное учреждение, Детский сад, Бюджетное, Восточное окружное управление образования," 111621, город Москва, улица Оренбургская, дом 10",(495) 700-00-60, dou1904@mail.ru; natalya-ds1904@mail.ru,POINT(37.8595319 55.7129668)
 Государственное бюджетное образовательное учреждение города Москвы детский сад № 958, ГБОУ детский сад № 958,958, Дошкольное образовательное учреждение, Детский сад, Бюджетное, Юго-Западное окружное управление образования," 117513, г. Москва, Ленинский проспект, дом 131, корпус 3",8 (495) 438-21-88, ds958@mosuzedu.ru,POINT(37.47985 55.643432)
 Государственное бюджетное образовательное учреждение города Москвы детский сад комбинированного вида №1989, ГБОУ детский сад № 1989,1 989, Дошкольное образовательное учреждение, Детский сад комбинированного вида, Бюджетное, Северо-Восточное окружное управление образования," 127282 город Москва, улица Тихомирова, дом 13 корпус 2",(499) 478-11-09, dousv1989@yandex.ru,POINT(37.6498795 55.8859241)
 Государственное бюджетное образовательное учреждение города Москвы детский сад комбинированного вида № 2612, ГБОУ детский сад № 2612,2 612, Дошкольное образовательное учреждение, Детский сад комбинированного вида, Бюджетное, Юго-Восточное окружное управление образования," 109125, г. Москва, Васильцовский переулок, дом 4",(499) 742-82-31, detsad2612@yandex.ru,POINT(37.7493681 55.7153418)
 Государственное бюджетное образовательное учреждение города Москвы центр развития ребенка - детский сад № 2511, ГБОУ ЦРР - детский сад № 2511,2 511, Дошкольное образовательное учреждение, Центр развития ребенка – детский сад, Бюджетное, Центральное окружное управление образования," 123022 г.Москва, ул.Большая Декабрьская, д.10",(495) 609-32-82, crrds2511@mail.ru,POINT(37.5557724 55.767877)
 Государственное бюджетное образовательное учреждение города Москвы детский сад № 2391, ГБОУ детский сад № 2391,2 391, Дошкольное образовательное учреждение, Детский сад, Бюджетное, Юго-Западное окружное управление образования," 117624, г.Москва, Скобелевская улица, дом 1, корпус 4",8-495-717-12-09, dou2391@mosuzedu.ru,POINT(37.5579086 55.5512254)
" Муниципальное автономное дошкольное образовательное учреждение Центр развития ребенка Детский сад №2 ""Рябинка"""," МАДОУ Детский сад №2 ""Рябинка""", 2, Дошкольное образовательное учреждение, Центр развития ребенка – детский сад, Автономное, Троицкое и новомосковское окружное управление образования," 142190, Москва Город, Троицк Город, Сиреневый Бульвар, 4",#Н/Д, —,POINT(37.2979522 55.47044709999999)
 Государственное бюджетное образовательное учреждение города Москвы детский сад № 2223, ГБОУ детский сад № 2223,2 223, Дошкольное образовательное учреждение, Детский сад, Бюджетное, Юго-Восточное окружное управление образования," 109145, г.Москва ул. Пронская, д.4, корп. 2",(495) 705-54-29, irina.2223@yandex.ru,POINT(37.84351 55.701794)
 Государственное бюджетное образовательное учреждение города Москвы детский сад № 895, ГБОУ детский сад № 895,895, Дошкольное образовательное учреждение, Детский сад, Бюджетное, Южное окружное управление образования," 115551 г. Москва, ул. Домодедовская, д.22, корп.4",(495) 391-29-11, dou895@sinergi.ru,POINT(37.70597739999999 55.6126069)
 Государственное бюджетное образовательное учреждение города Москвы детский сад № 2738, ГБОУ детский сад № 2738,2 738, Дошкольное образовательное учреждение, Детский сад, Бюджетное, Юго-Восточное окружное управление образования," 111020, г. Москва, ул. 2-ая Синичкина, дом 7",(495) 360-97-52, det-sad2738@mail.ru,POINT(37.7117449 55.763113)
 Государственное бюджетное образовательное учреждение города Москвы детский сад № 853, ГБОУ детский сад № 853,853, Дошкольное образовательное учреждение, Детский сад, Бюджетное, Южное окружное управление образования," 117208, г. Москва, Сумской пр-д, д.2а",(499) 232-61-81, dou853@sinergi.ru,POINT(37.61352 55.6337132)
 Государственное бюджетное образовательное учреждение города Москвы детский сад комбинированного вида № 2494, ГБОУ детский сад № 2494,2 494, Дошкольное образовательное учреждение, Детский сад комбинированного вида, Бюджетное, Юго-Восточное окружное управление образования," 109469, Москва, Перервинский бульвар д.21, корп. 2",(495) 658-90-10, qou2494@mail.ru,POINT(37.7746545 55.6580142)
 Государственное бюджетное образовательное учреждение города Москвы детский сад комбинированного вида № 589, ГБОУ детский сад № 589,589, Дошкольное образовательное учреждение, Детский сад комбинированного вида, Бюджетное, Восточное окружное управление образования," 105264, Москва, 5-я Парковая ул , д. 39",(499) 164-95-93, parkovay1435@mail.ru,POINT(37.7868609 55.8012964)
 Государственное бюджетное образовательное учреждение города Москвы детский сад компенсирующего вида № 2162, ГБОУ детский сад № 2162,2 162, Дошкольное образовательное учреждение, Детский сад компенсирующего вида, Бюджетное, Юго-Восточное окружное управление образования," 109144, город Москва, улица Люблинская, дом 120",(495) 349-12-60, gou2162@yandex.ru; srp-kp2162@mail.ru; gou2162uvao@ya.ru,POINT(37.7403151 55.6457758)
 Государственное бюджетное образовательное учреждение города Москвы детский сад № 705, ГБОУ детский сад № 705,705, Дошкольное образовательное учреждение, Детский сад, Бюджетное, Южное окружное управление образования," 117208, г. Москва, ул.Сумская, д.8А",(495) 312-92-90, dou705@sinergi.ru,POINT(37.6016785 55.6257045)
 Государственное бюджетное образовательное учреждение города Москвы детский сад № 2306, ГБОУ детский сад № 2306,2 306, Дошкольное образовательное учреждение, Детский сад, Бюджетное, Юго-Западное окружное управление образования," 117624, г. Москва, ул. Скобелевская, дом 16",495-716-95-36, http://dsuz2306.mskobr.ru; sad2306@yandex.ru,POINT(37.5529754 55.5462529)
 Государственное бюджетное образовательное учреждение города Москвы детский сад № 2544, ГБОУ детский сад № 2544,2 544, Дошкольное образовательное учреждение, Детский сад, Бюджетное, Юго-Восточное окружное управление образования," 109443, г. Москва, Волгоградский проспект, д. 104, к. 2",(499) 746-96-40, sadik2544@mail.ru,POINT(37.77403 55.702801)
 Государственное бюджетное образовательное учреждение города Москвы детский сад № 686, ГБОУ детский сад № 686,686, Дошкольное образовательное учреждение, Детский сад, Бюджетное, Южное окружное управление образования," 117208 г. Москва, Чертановская ул. 8-А",(495) 311-35-03, dou686@sinergi.ru,POINT(37.5971088 55.6313621)
 Государственное бюджетное образовательное учреждение города Москвы детский сад комбинированного вида № 1330, ГБОУ детский сад,1 330, Дошкольное образовательное учреждение, Детский сад комбинированного вида, Бюджетное, Южное окружное управление образования," 115446 г. Москва, ул.Академика Миллионщикова, д.31, к.2",(499) 612-45-51, dou1330@sinergi.ru,POINT(37.6486378 55.66422)
 Государственное бюджетное образовательное учреждение города Москвы детский сад № 2582, ГБОУ детский сад № 2582,2 582, Дошкольное образовательное учреждение, Детский сад, Бюджетное, Юго-Восточное окружное управление образования," 109380, г. Москва, Ставропольский проезд, дом 15",(499) 784-02-60, goudetsad2582@yandex.ru,POINT(37.80065760000001 55.6781482)
 Государственное бюджетное образовательное учреждение города Москвы детский сад комбинированного вида № 710, ГБОУ детский сад № 710,710, Дошкольное образовательное учреждение, Детский сад комбинированного вида, Бюджетное, Юго-Западное окружное управление образования," 117209, г. Москва, улица Перекопская, дом 12, корпус 2",(499) 122-70-69, dou710@mosuzedu.ru,POINT(37.582076 55.660121)
 Государственное бюджетное образовательное учреждение города Москвы детский сад комбинированного вида № 1098, ГБОУ детский сад № 1098,1 098, Дошкольное образовательное учреждение, Детский сад комбинированного вида, Бюджетное, Северо-Восточное окружное управление образования," 127572, город Москва, ул. Новгородская, дом 29.",(499) 200-70-11, gou1098@rambler.ru,POINT(37.5789794 55.90364779999999)
 Государственное бюджетное образовательное учреждение города Москвы центр развития ребенка - детский сад № 2437, ГБОУ ЦРР - детский сад № 2437,2 437, Дошкольное образовательное учреждение, Центр развития ребенка – детский сад, Бюджетное, Юго-Восточное окружное управление образования," 109469, г. Москва, Перервинский бульвар, д. 20, к. 2",(495) 346-13-00, ulybka2437@mail.ru,POINT(37.770229 55.65405000000001)
 Государственное бюджетное образовательное учреждение города Москвы детский сад общеразвивающего вида № 460, ГБОУ детский сад № 460,460, Дошкольное образовательное учреждение, Детский сад, Бюджетное, Северное окружное управление образования," 127083, г. Москва, Петровско-Разумовская аллея, дом 20",(495) 612-71-53, supersad460@mail.ru; 456ds@mail.ru,POINT(37.5578909 55.7968898)
 Государственное бюджетное образовательное учреждение города Москвы центр развития ребенка - детский сад № 1195, ГБОУ ЦРР-детский сад № 1195,1 195, Дошкольное образовательное учреждение, Центр развития ребенка – детский сад, Бюджетное, Северо-Восточное окружное управление образования," 127273, город Москва, улица Отрадная, дом 15А",(499) 203-00-61, centrrr1195@nm.ru,POINT(37.6174218 55.8559778)
 Государственное бюджетное образовательное учреждение города Москвы детский сад № 701, ГБОУ детский сад № 701,701, Дошкольное образовательное учреждение, Детский сад, Бюджетное, Восточное окружное управление образования," 111141, г. Москва, улица Перовская, дом 52А",(495) 309-36-64, doy701@mail.ru,POINT(37.7868361 55.7446152)
 Государственное бюджетное образовательное учреждение города Москвы детский сад № 2609, ГБОУ детский сад № 2609,2 609, Дошкольное образовательное учреждение, Детский сад, Бюджетное, Юго-Восточное окружное управление образования," 109443, г. Москва, Волгоградский проспект, дом 92, корпус 2",(499) 746-92-60, ds-2609@mail.ru,POINT(37.7702376 55.7033143)
 Государственное бюджетное образовательное учреждение города Москвы детский сад № 2091, ГБОУ детский сад № 2091,2 091, Дошкольное образовательное учреждение, Детский сад, Бюджетное, Центральное окружное управление образования," 109316 Москва, Волгоградский пр-т, д. 17A",(495) 676-37-11, detsad2091@yandex.ru,POINT(37.6788672 55.7291023)
 Государственное бюджетное образовательное учреждение города Москвы детский сад №573, ГБОУ детский сад №573,573, Дошкольное образовательное учреждение, Детский сад, Бюджетное, Восточное окружное управление образования," 105037, г. Москва, ул Первомайская, дом 3 А",(499) 166-45-01, gou573@mail.ru; gou573@mail.ru,POINT(37.77236800000001 55.791949)
 Государственное бюджетное образовательное учреждение города Москвы детский сад комбинированного вида № 1500, ГБОУ детский сад № 1500,1 500, Дошкольное образовательное учреждение, Детский сад комбинированного вида, Бюджетное, Северное окружное управление образования," 123007, г. Москва, Хорошевское шоссе, дом 54",(495) 941-45-69, dshor1500@soudo.ru; sad1500@mail.ru,POINT(37.5327584 55.7779912)
 Государственное бюджетное образовательное учреждение города Москвы детский сад общеразвивающего вида № 1758, ГБОУ детский сад № 1758,1 758, Дошкольное образовательное учреждение, Детский сад общеразвивающего вида с приоритетным осуществлением деятельности по одному из направлений развития детей, Бюджетное, Западное окружное управление образования," 119634, г.москва, ул.Шолохова, д. 6, корп. 1",(495) 733-54-53, sadik1758@ya.ru,POINT(37.3588195 55.6379841)
 Государственное бюджетное образовательное учреждение города Москвы детский сад комбинированного вида № 2679, ГБОУ детский сад № 2679,2 679, Дошкольное образовательное учреждение, Детский сад комбинированного вида, Бюджетное, Южное окружное управление образования," 115477 г. Москва. ул. Бехтерева, д.13, корп.4",(499) 218-12-07, dou2679@sinergi.ru,POINT(37.651024 55.633458)
 Государственное бюджетное образовательное учреждение города Москвы детский сад общеразвивающего вида № 338, ГБОУ детский сад № 338,338, Дошкольное образовательное учреждение, Детский сад, Бюджетное, Восточное окружное управление образования," 105215, г. Москва, 11-я Парковая улица, дом 53А",(499) 164-57-41, antonina-shmaneeva@yandex.ru,POINT(37.8032911 55.8078536)
 Государственное бюджетное образовательное учреждение города Москвы детский сад общеразвивающего вида № 1028, ГБОУ детский сад № 1028,1 028, Дошкольное образовательное учреждение, Детский сад общеразвивающего вида с приоритетным осуществлением деятельности по одному из направлений развития детей, Бюджетное, Южное окружное управление образования," 117208 г. Москва, Сумской пр-д, 12Б",(495) 312-55-63, dou1028@sinergi.ru,POINT(37.6075922 55.6351206)
 Государственное бюджетное образовательное учреждение города Москвы детский сад № 2540, ГБОУ детский сад № 2540,2 540, Дошкольное образовательное учреждение, Детский сад, Бюджетное, Западное окружное управление образования," 119618, г.Москва, ул. Богданова, д. 10, корп. 3",(499) 727-70-65, gou2540@yandex.ru,POINT(37.3976715 55.6546719)
 Государственное бюджетное образовательное учреждение города Москвы детский сад комбинированного вида № 1490, ГБОУ детский сад № 1490,1 490, Дошкольное образовательное учреждение, Детский сад комбинированного вида, Бюджетное, Юго-Восточное окружное управление образования," 109518, г. Москва, ул. Грайвороновская, д.8,кор.3",(499) 173-82-15, 1738215@mail.ru,POINT(37.730834 55.717137)
 Государственное бюджетное образовательное учреждение города Москвы детский сад общеразвивающего вида № 1166, ГБОУ детский сад № 1166,1 166, Дошкольное образовательное учреждение, Детский сад общеразвивающего вида с приоритетным осуществлением деятельности по одному из направлений развития детей, Бюджетное, Южное окружное управление образования," 115561 г.Москва, ул.Домодедовкая, д.31, к.2",(495) 391-43-33, dou1166@sinergi.ru,POINT(37.7160755 55.6032972)
 Государственное бюджетное образовательное учреждение города Москвы детский сад комбинированного вида № 1751, ГБОУ детский сад № 1751,1 751, Дошкольное образовательное учреждение, Детский сад комбинированного вида, Бюджетное, Северо-Восточное окружное управление образования," 127349, город Москва, улица Мурановская, дом 19 А",(499) 909-09-61, Gou1751@mail.ru,POINT(37.6006127 55.8961191)
 Государственное бюджетное образовательное учреждение города Москвы детский сад № 34, ГБОУ детский сад № 34, 34, Дошкольное образовательное учреждение, Детский сад, Бюджетное, Южное окружное управление образования," 117545, г. Москва, ул. Подольских курсантов, д. 6 А",(495) 381-42-56, dou34@sinergi.ru,POINT(37.6125685 55.6057208)
 Государственное бюджетное образовательное учреждение города Москвы детский сад № 466, ГБОУ детский сад № 466,466, Дошкольное образовательное учреждение, Детский сад, Бюджетное, Юго-Западное окружное управление образования," 117246, г. Москва, ул. Обручева, д. 47 ""а",331-53-77, dou466@ou.mosuzedu.ru,POINT(37.5574431 55.6519962)
 Государственное бюджетное образовательное учреждение города Москвы детский сад № 1448, ГБОУ детский сад № 1448,1 448, Дошкольное образовательное учреждение, Детский сад, Бюджетное, Юго-Западное окружное управление образования," 119334, г.Москва, Ленинский проспект, д.43Б",(499) 135-32-91, detsad1448@rambler.ru,POINT(37.57751690000001 55.7040982)
 Государственное бюджетное образовательное учреждение города Москвы детский сад комбинированного вида № 2173, ГБОУ детский сад № 2173,2 173, Дошкольное образовательное учреждение, Детский сад комбинированного вида, Бюджетное, Юго-Восточное окружное управление образования," 109263, г.Москва, 7-я улица Текстильщиков дом 4а",(499) 179-60-00, ds2173@bk.ru,POINT(37.7473534 55.6958663)
 Государственное бюджетное образовательное учреждение города Москвы детский сад общеразвивающего вида № 1061, ГБОУ детский сад № 1061,1 061, Дошкольное образовательное учреждение, Детский сад общеразвивающего вида с приоритетным осуществлением деятельности по одному из направлений развития детей, Бюджетное, Южное окружное управление образования," 115583 г. Москва, ул. Воронежская, 8, корп.5",(495) 399-38-59, dou1061@sinergi.ru,POINT(37.7270144 55.6076039)
 Государственное бюджетное образовательное учреждение города Москвы центр развития ребенка - детский сад № 1969, ГБОУ ЦРР - детский сад № 1969,1 969, Дошкольное образовательное учреждение, Центр развития ребенка – детский сад, Бюджетное, Южное окружное управление образования," 115569 г. Москва, ул. Домодедовская д.6,к.3",(495) 391-24-33, dou1969@sinergi.ru,POINT(37.7024657 55.6150256)
 Государственное бюджетное образовательное учреждение города Москвы детский сад общеразвивающего вида № 695, ГБОУ детский сад № 695,695, Дошкольное образовательное учреждение, Детский сад общеразвивающего вида с приоритетным осуществлением деятельности по одному из направлений развития детей, Бюджетное, Южное окружное управление образования," 115408 г. Москва, ул. Алма-Атинская, д.8, к.2",(495) 341-36-83, dou695@sinergi.ru,POINT(37.7687962 55.6396563)
 Государственное бюджетное образовательное учреждение города Москвы детский сад общеразвивающего вида № 1056, ГБОУ детский сад № 1056,1 056, Дошкольное образовательное учреждение, Детский сад общеразвивающего вида с приоритетным осуществлением деятельности по одному из направлений развития детей, Бюджетное, Троицкое и новомосковское окружное управление образования," 105318, Москва Город, Семеновская Площадь, 4",#Н/Д, mdoy37@mail.ru,POINT(37.7210321 55.7813321)
 Государственное бюджетное образовательное учреждение города Москвы детский сад комбинированного вида № 2510, ГБОУ детский сад № 2510,2 510, Дошкольное образовательное учреждение, Детский сад комбинированного вида, Бюджетное, Северо-Западное окружное управление образования," 125466, г. Москва, Новокуркинское шоссе, д. 51",(499) 501-23-28,  dou2510@szouo.ru,POINT(37.3884905 55.9078148)
 Государственное бюджетное образовательное учреждение города Москвы детский сад № 1023, ГБОУ детский сад № 1023,1 023, Дошкольное образовательное учреждение, Детский сад, Бюджетное, Западное окружное управление образования," 119361, г.Москва, ул. Озерная, д. 29, корп. 2",(095) 437-52-23, dou1023@mail.ru,POINT(37.452457 55.67319)
 Государственное бюджетное образовательное учреждение города Москвы детский сад общеразвивающего вида № 1444, ГБОУ детский сад № 1444,1 444, Дошкольное образовательное учреждение, Детский сад общеразвивающего вида с приоритетным осуществлением деятельности по одному из направлений развития детей, Бюджетное, Северо-Восточное окружное управление образования," 127349, город Москва, Алтуфьевское шоссе, дом 92, корпус 2",(499) 909-94-55, detsad1444@mail.ru,POINT(37.58904150000001 55.8999211)
 Государственное бюджетное образовательное учреждение города Москвы детский сад № 1030, ГБОУ детский сад № 1030,1 030, Дошкольное образовательное учреждение, Детский сад, Бюджетное, Юго-Восточное окружное управление образования," 109263, г. Москва, ул. Чистова,д. 10а",(499) 178-41-63, ds1030uvoyo.do@mail.ru,POINT(37.7414885 55.6958844)
" Государственное бюджетное образовательное учреждение города Москвы детский сад № 1154 ""Родничок""", ГБОУ детский сад № 1154 «Родничок»,1 154, Дошкольное образовательное учреждение, Детский сад, Бюджетное, Троицкое и новомосковское окружное управление образования," 105318, г. Москва Город, Семеновская Площадь, 4",#Н/Д, —,POINT(37.7210321 55.7813321)
 Государственное бюджетное образовательное учреждение города Москвы детский сад комбинированного вида № 1063, ГБОУ д/с №1063,1 063, Дошкольное образовательное учреждение, Детский сад комбинированного вида, Бюджетное, Троицкое и новомосковское окружное управление образования," 105318, г. Москва Город, Семеновская Площадь, 4",#Н/Д, —,POINT(37.7210321 55.7813321)
 Государственное бюджетное образовательное учреждение города Москвы детский сад общеразвивающего вида № 1606, ГБОУ детский сад № 1606,1 606, Дошкольное образовательное учреждение, Детский сад общеразвивающего вида с приоритетным осуществлением деятельности по одному из направлений развития детей, Бюджетное, Северо-Восточное окружное управление образования," 127642, г. Москва, проезд Дежнёва, дом 8, корпус 2",(499) 477-13-44, detsad1606@gmail.com,POINT(37.64226499999999 55.872844)
 Государственное бюджетное образовательное учреждение города Москвы детский сад № 96, ГБОУ детский сад №96, 96, Дошкольное образовательное учреждение, Детский сад, Бюджетное, Юго-Западное окружное управление образования," 117292, г. Москва, ул. Ивана Бабушкина, дом 6",8 (499) 125-29-00, dou63@mosuzedu.ru,POINT(37.564174 55.688527)
 Государственное бюджетное образовательное учреждение города Москвы детский сад комбинированного вида № 88, ГБОУ детский сад комбинированного вида № 88, 88, Дошкольное образовательное учреждение, Детский сад комбинированного вида, Бюджетное, Юго-Восточное окружное управление образования," 109129, г. Москва, 1 ул. Текстильщиков, дом 13",(499) 178-50-19, detsad88@mail.ru,POINT(37.3269074 55.4924832)
 Государственное бюджетное образовательное учреждение города Москвы детский сад компенсирующего вида № 749, ГБОУ детский сад № 749,749, Дошкольное образовательное учреждение, Детский сад компенсирующего вида, Бюджетное, Центральное окружное управление образования," 123317, г. Москва,Стрельбищенский пер., д.11 А",(499) 256-12-53, sadik749@yandex.ru,POINT(37.5379948 55.7605125)
 Государственное бюджетное образовательное учреждение города Москвы детский сад комбинированного вида № 500, ГБОУ детский сад № 500,500, Дошкольное образовательное учреждение, Детский сад комбинированного вида, Бюджетное, Северное окружное управление образования," 125445, г. Москва, Ленинградское шоссе, дом 116А",(499) 457-63-21, detskii_sad-500@mail.ru,POINT(37.4650419 55.867161)
 Государственное бюджетное образовательное учреждение города Москвы детский сад комбинированного вида № 1940, ГБОУ детский сад № 1940,1 940, Дошкольное образовательное учреждение, Детский сад комбинированного вида, Бюджетное, Юго-Восточное окружное управление образования," 109052, Москва, Новохохловская улица, д.8",(495) 678-05-34, dou1940@yandex.ru,POINT(37.7098886 55.7322588)
 Государственное бюджетное образовательное учреждение города Москвы детский сад № 184, ГБОУ детский сад № 184,184, Дошкольное образовательное учреждение, Детский сад, Бюджетное, Западное окружное управление образования," 121108 г. Москва, ул.Олеко Дундича, д. 41",(499) 146-41-00, dou 184@bk.ru,POINT(37.4788939 55.73703159999999)
 Государственное бюджетное образовательное учреждение города Москвы центр развития ребенка - детский сад № 1839, ГБОУ ЦРР - детский сад № 1839,1 839, Дошкольное образовательное учреждение, Центр развития ребенка – детский сад, Бюджетное, Юго-Западное окружное управление образования," 117624, г. Москва, улица Скобелевская, дом 18",(495) 716-95-18, gou1839@mosuzedu.ru,POINT(37.553601 55.5459013)
 Государственное бюджетное образовательное учреждение города Москвы детский сад № 520, ГБОУ детский сад № 520,520, Дошкольное образовательное учреждение, Детский сад, Бюджетное, Южное окружное управление образования," 117405 г. Москва, Варшавское ш., д.149, к.2",(495) 387-72-09,  dou520@sinergi.ru,POINT(37.5993335 55.5785983)
 Государственное бюджетное образовательное учреждение города Москвы центр развития ребенка - детский сад № 151, ГБОУ ЦРР - детский сад № 151,151, Дошкольное образовательное учреждение, Центр развития ребенка – детский сад, Бюджетное, Юго-Западное окружное управление образования," 117149, г. Москва, ул. Одесская, д.9, корп.2",(499) 613-33-81, dc151@mail.ru,POINT(37.6001859 55.66043630000001)
 Государственное бюджетное образовательное учреждение города Москвы центр развития ребенка - детский сад № 69, ГБОУ ЦРР - детский сад № 69, 69, Дошкольное образовательное учреждение, Центр развития ребенка – детский сад, Бюджетное, Южное окружное управление образования," 115597 г. Москва, ул.Ясеневая, д.39/2",(495) 398-50-52, dou69@sinergi.ru,POINT(37.7402238 55.607158)
 Государственное бюджетное образовательное учреждение города Москвы детский сад № 840, ГБОУ детский сад № 840,840, Дошкольное образовательное учреждение, Детский сад, Бюджетное, Северо-Западное окружное управление образования," 123154, г. Москва, бульвар Генерала Карбышева, д. 5, корп. 4",(499) 199-09-64,  dou840@szouo.ru,POINT(37.4662558 55.7788987)
" Государственное бюджетное образовательное учреждение города Москвы центр развития ребенка - детский сад № 1171 ""Колокольчик""", ГБОУ ЦРР – детский сад № 1171 «Колокольчик»,1 171, Дошкольное образовательное учреждение, Центр развития ребенка – детский сад, Бюджетное, Троицкое и новомосковское окружное управление образования," 105318, г. Москва Город, Семеновская Площадь, 4",#Н/Д, —,POINT(37.7210321 55.7813321)
 Государственное бюджетное образовательное учреждение города Москвы детский сад № 764, ГБОУ детский сад № 764,764, Дошкольное образовательное учреждение, Детский сад, Бюджетное, Западное окружное управление образования," 121355, г.Москва, ул. Ивана Франко, д. 28, корп. 1",(495) 443-74-29, ds1774@mail.ru,POINT(37.4271826 55.7285464)
 Государственное бюджетное образовательное учреждение города Москвы детский сад компенсирующего вида № 342, ГБОУ детский сад № 342,342, Дошкольное образовательное учреждение, Детский сад компенсирующего вида, Бюджетное, Центральное окружное управление образования," 123376 г.Москва, ул. Малая Грузинская, д.16",(499) 252-33-82, sad342@mail.ru,POINT(37.5725547 55.76443680000001)
 Государственное бюджетное образовательное учреждение города Москвы детский сад № 1470, ГБОУ детский сад № 1470,1 470, Дошкольное образовательное учреждение, Детский сад, Бюджетное, Западное окружное управление образования," 121351, г.Москва, ул. Ивана Франко, д. 40, корп. 3",(495) 417-33-15, gou1470@yandex.ru,POINT(37.4091607 55.7294281)
 Государственное бюджетное образовательное учреждение города Москвы детский сад № 842, ГБОУ детский сад № 842,842, Дошкольное образовательное учреждение, Детский сад, Бюджетное, Южное окружное управление образования," 115569 г.Москва, ул. Шипиловская, д.8, к.2",(495) 391-35-11, dou842@sinergi.ru,POINT(37.7004362 55.61572750000001)
 Государственное бюджетное образовательное учреждение города Москвы центр развития ребенка - детский сад № 2721, ГБОУ ЦРР № 2721,2 721, Дошкольное образовательное учреждение, Центр развития ребенка – детский сад, Бюджетное, Северное окружное управление образования," 125493, г. Москва, улица Авангардная, дом 18А",(499) 747-69-40, crr2721@mail.ru,POINT(37.4897461 55.8481766)
 Государственное бюджетное образовательное учреждение города Москвы детский сад комбинированного вида № 554, ГБОУ детский сад № 554,554, Дошкольное образовательное учреждение, Детский сад комбинированного вида, Бюджетное, Южное окружное управление образования," 115547 г. Москва, Загорьевский пр-д, д.3, к.4",(495) 329-23-22, dou1359@sinergi.ru,POINT(37.6655636 55.5769577)
 Государственное бюджетное образовательное учреждение города Москвы детский сад общеразвивающего вида № 1592, ГБОУ детский сад № 1592,1 592, Дошкольное образовательное учреждение, Детский сад общеразвивающего вида с приоритетным осуществлением деятельности по одному из направлений развития детей, Бюджетное, Юго-Восточное окружное управление образования," 109382, г. Москва, ул. Судакова, дом 7 корп. 2",(499) 784-51-20, Tishina1592@yandex.ru; ds1592zav@bk.ru,POINT(37.7427207 55.6735543)
 Государственное бюджетное образовательное учреждение города Москвы детский сад компенсирующего вида № 865, ГБОУ детский сад № 865,865, Дошкольное образовательное учреждение, Детский сад компенсирующего вида, Бюджетное, Восточное окружное управление образования," 107589 город Москва, Хабаровская улица, дом 12",(495) 467-59-10, detsad865.52@mail.ru,POINT(37.828149 55.8224915)
 Государственное бюджетное образовательное учреждение города Москвы детский сад компенсирующего вида № 1632, ГБОУ детский сад № 1632,1 632, Дошкольное образовательное учреждение, Детский сад компенсирующего вида, Бюджетное, Северо-Восточное окружное управление образования," 127273, город Москва, Березовая аллея, дом 7А",(499) 202-33-44, dou1632@mail.ru; detsad1632@mail.ru,POINT(37.6114733 55.8527614)
 Государственное бюджетное образовательное учреждение города Москвы детский сад № 2041, ГБОУ детский сад № 2041,2 041, Дошкольное образовательное учреждение, Детский сад, Бюджетное, Юго-Западное окружное управление образования," 119333, г. Москва, ул. Фотиевой, дом 11",499-137-12-39, gou2041@mosuzedu.ru,POINT(37.5571266 55.696676)
 Государственное бюджетное образовательное учреждение города Москвы детский сад №884, ГБОУ детский сад № 884,884, Дошкольное образовательное учреждение, Детский сад, Бюджетное, Юго-Восточное окружное управление образования," 109129, Москва, ул. 1-я Текстильщиков, дом 11",(499) 178-71-89, detcad884@yandex.ru,POINT(37.7398291 55.702814)
 Государственное бюджетное образовательное учреждение города Москвы детский сад комбинированного вида № 355, ГБОУ детский сад № 355,355, Дошкольное образовательное учреждение, Детский сад комбинированного вида, Бюджетное, Южное окружное управление образования," 115487 г. Москва, пр-т Андропова, д.46, к.3",(499) 612-22-94, dou355@sinergi.ru,POINT(37.6582022 55.670181)
 Государственное бюджетное образовательное учреждение города Москвы детский сад общеразвивающего вида № 374, ГБОУ детский сад № 374,374, Дошкольное образовательное учреждение, Детский сад общеразвивающего вида с приоритетным осуществлением деятельности по одному из направлений развития детей, Бюджетное, Восточное окружное управление образования," 111141, г.Москва, ул.Перовская д.42 Б",(495) 309-44-43, detsad374@yandex.ru,POINT(37.7801901 55.7429962)
 Государственное бюджетное образовательное учреждение города Москвы детский сад № 969, ГБОУ детский сад № 969,969, Дошкольное образовательное учреждение, Детский сад, Бюджетное, Западное окружное управление образования," 119526, г.Москва, ул. 26 Бакинских комиссаров, д. 6, корп. 3",(495) 433-40-83, dou969@mail.ru,POINT(37.4931814 55.65882329999999)
" Государственное бюджетное образовательное учреждение города Москвы детский сад присмотра и оздоровления №1173 ""Сказка"""," ГБОУ детский сад №1173 ""Сказка""",1 173, Дошкольное образовательное учреждение, Детский сад присмотра и оздоровления, Бюджетное, Троицкое и новомосковское окружное управление образования," 105318, Москва Город, Семеновская Площадь, 4",#Н/Д, skazkaerino4@mail.ru,POINT(37.7210321 55.7813321)
 Государственное бюджетное образовательное учреждение города Москвы детский сад комбинированного вида № 452, ГБОУ детский сад № 452,452, Дошкольное образовательное учреждение, Детский сад комбинированного вида, Бюджетное, Центральное окружное управление образования," 105094 г.Москва, Госпитальный вал, д.3, к.1",(495) 360-53-14, dc452co@mail.ru,POINT(37.7066835 55.7723245)
 Государственное образовательное учреждение Детский сад №2674, ГОУ детский сад №2674,2 674, Дошкольное образовательное учреждение, Детский сад, Бюджетное, Восточное окружное управление образования," г. Москва, Плющева улица, 16А",#Н/Д, —,POINT(37.7607922 55.7424056)
 Государственное бюджетное образовательное учреждение города Москвы детский сад присмотра и оздоровления № 1938, ГБОУ детский сад № 1938,1 938, Дошкольное образовательное учреждение, Детский сад присмотра и оздоровления, Бюджетное, Западное окружное управление образования," 121108, г. Москва, ул. Герасима Курина, д. 4, корп. 2",(499) 146-43-44, dou1938@yandex.ru,POINT(37.4859417 55.73394769999999)
 Государственное бюджетное образовательное учреждение города Москвы детский сад общеразвивающего вида № 1765, ГБОУ детский сад № 1765,1 765, Дошкольное образовательное учреждение, Детский сад общеразвивающего вида с приоритетным осуществлением деятельности по одному из направлений развития детей, Бюджетное, Северо-Восточное окружное управление образования," 127349, город Москва, Шенкурский проезд, дом 13",(499) 908-93-81, detsad1765@mail.ru,POINT(37.590025 55.8955383)
 Государственное бюджетное образовательное учреждение города Москвы центр развития ребенка - детский сад № 2030, ГБОУ ЦРР - детский сад №2030,2 030, Дошкольное образовательное учреждение, Центр развития ребенка – детский сад, Бюджетное, Центральное окружное управление образования," 115054 г. Москва, Новокузнецкая ул.,д.29-31, стр.6",(495) 951-63-22, dc47@yandex.ru,POINT(37.6334992 55.7348)
 Государственное бюджетное образовательное учреждение города Москвы детский сад комбинированного вида № 1962, ГБОУ детский сад № 1962,1 962, Дошкольное образовательное учреждение, Детский сад комбинированного вида, Бюджетное, Северо-Восточное окружное управление образования," 129347, город Москва, Ярославское шоссе, дом 128, корпус 1.",(499) 183-20-63, goydc-1962@yandex.ru,POINT(37.716337 55.872476)
 Государственное бюджетное образовательное учреждение города Москвы детский сад комбинированного вида № 2495, ГБОУ детский сад № 2495,2 495, Дошкольное образовательное учреждение, Детский сад комбинированного вида, Бюджетное, Юго-Восточное окружное управление образования," 109559, Москва, ул. Новороссийская, д.30, корп. 2",(495) 359-33-23, DOU2495@yandex.ru,POINT(37.757601 55.670683)
 Государственное бюджетное образовательное учреждение города Москвы центр развития ребенка - детский сад № 777, ГБОУ ЦРР- детский сад № 777,777, Дошкольное образовательное учреждение, Центр развития ребенка – детский сад, Бюджетное, Восточное окружное управление образования," 105318, г.Москва, ул. Мироновская, д.12",(495) 918-32-56, shad777.svetlana@yandex.ru,POINT(37.7339807 55.7858496)
 Государственное бюджетное образовательное учреждение города Москвы детский сад комбинированного вида № 2572, ГБОУ детский сад № 2572,2 572, Дошкольное образовательное учреждение, Детский сад комбинированного вида, Бюджетное, Западное окружное управление образования," 121351, г.Москва, ул. Молодогвардейская, д. 34, корп. 1",(499) 140-08-50, dou2572@yandex.ru,POINT(37.418913 55.73580699999999)
 Государственное бюджетное образовательное учреждение города Москвы детский сад № 1283, ГБОУ детский сад № 1283,1 283, Дошкольное образовательное учреждение, Детский сад, Бюджетное, Юго-Восточное окружное управление образования," 109651, г. Москва, Новочеркасский б-р, д.24",(499) 357-42-61, cadik1283@yandex.ru,POINT(37.7226964 55.6452128)
 Государственное бюджетное образовательное учреждение города Москвы детский сад общеразвивающего вида № 2493, ГБОУ детский сад № 2493,2 493, Дошкольное образовательное учреждение, Детский сад общеразвивающего вида с приоритетным осуществлением деятельности по одному из направлений развития детей, Бюджетное, Юго-Восточное окружное управление образования," 109451, Москва, ул. Верхние поля, д.38, кор.2",(495) 658-14-14, LSV2493@mail.ru,POINT(37.7723538 55.6661888)
 Государственное бюджетное образовательное учреждение города Москвы детский сад комбинированного вида № 1832, ГБОУ детский сад № 1832,1 832, Дошкольное образовательное учреждение, Детский сад комбинированного вида, Бюджетное, Северо-Восточное окружное управление образования," 127322, город Москва, улица Яблочкова, дом 23, корпус 4",(495) 639-45-76, gou1832@yandex.ru,POINT(37.576865 55.820946)
 Государственное бюджетное образовательное учреждение города Москвы детский сад № 2286, ГБОУ детский сад № 2286,2 286, Дошкольное образовательное учреждение, Детский сад, Бюджетное, Западное окружное управление образования," 121170, г.Москва, Площадь Победы, д. 1",(499) 148-12-04, dou2286@mail.ru,POINT(37.5223334 55.73656219999999)
 Государственное бюджетное образовательное учреждение города Москвы детский сад общеразвивающего вида № 453, ГБОУ детский сад № 453,453, Дошкольное образовательное учреждение, Детский сад общеразвивающего вида с приоритетным осуществлением деятельности по одному из направлений развития детей, Бюджетное, Северное окружное управление образования," 125183, г. Москва, улица Генерала Рычагова, дом 7А",(499) 154-00-21, dou453@mail.ru; detskiisad470@mail.ru,POINT(37.5352326 55.8415551)
 Государственное бюджетное образовательное учреждение города Москвы детский сад № 348, ГБОУ детский сад № 348,348, Дошкольное образовательное учреждение, Детский сад, Бюджетное, Восточное окружное управление образования," 105523, г.Москва, улица 15-я Парковая дом 43",(495) 530-84-10, albertovna348@mail.ru; babinaeliena@mail.ru,POINT(37.8159994 55.8060747)
 Государственное бюджетное образовательное учреждение города Москвы детский сад комбинированного вида № 2704, ГБОУ детский сад № 2704,2 704, Дошкольное образовательное учреждение, Детский сад комбинированного вида, Бюджетное, Северо-Восточное окружное управление образования," 129347 город Москва, Ярославское шоссе, дом 142, корпус 6",(499) 181-81-40, detsad2704@mail.ru; dou.2704@yandex.ru,POINT(37.7202066 55.8754243)
 Государственное бюджетное образовательное учреждение города Москвы детский сад общеразвивающего вида № 66, ГБОУ детский сад № 66, 66, Дошкольное образовательное учреждение, Детский сад общеразвивающего вида с приоритетным осуществлением деятельности по одному из направлений развития детей, Бюджетное, Восточное окружное управление образования," 107258, Москва ул. Игральная, 7А",(499) 168-37-06, detsad66@yandex.ru,POINT(37.7123084 55.815803)
 Государственное бюджетное образовательное учреждение города Москвы детский сад общеразвивающего вида № 304, ГБОУ детский сад № 304,304, Дошкольное образовательное учреждение, Детский сад, Бюджетное, Центральное окружное управление образования," 103062 г.Москва, ул.Воронцово поле,д.5/7,стр.2",(495) 916-22-44, gou304@yandex.ru,POINT(37.6526779 55.7540489)
 Государственное бюджетное образовательное учреждение города Москвы центр развития ребенка-детский сад № 2321, ГБОУ ЦРР - детский сад № 2321,2 321, Дошкольное образовательное учреждение, Центр развития ребенка – детский сад, Бюджетное, Восточное окружное управление образования," 111673, г.Москва, Новокосинская ул. д.17Б",(495) 701-08-10, ds2321@yandex.ru,POINT(37.854777 55.740158)
 Государственное бюджетное образовательное учреждение города Москвы детский сад №1651, ГБОУ детский сад №1651,1 651, Дошкольное образовательное учреждение, Детский сад, Бюджетное, Восточное окружное управление образования," 107207, г.Москва, Байкальская ул., д. 28А",(495) 466-71-10, ds16511974@mail.ru,POINT(37.8021529 55.81590199999999)
 Государственное бюджетное образовательное учреждение города Москвы детский сад № 907, ГБОУ детский сад № 907,907, Дошкольное образовательное учреждение, Детский сад, Бюджетное, Южное окружное управление образования," 117587 г. Москва, Сумская ул. 4 А",(495) 315-27-85, dou907@sinergi.ru,POINT(37.6074161 55.6246884)
 Государственное бюджетное образовательное учреждение города Москвы центр развития ребенка - детский сад № 1462, ГБОУ ЦРР-детский сад № 1462,1 462, Дошкольное образовательное учреждение, Центр развития ребенка – детский сад, Бюджетное, Юго-Западное окружное управление образования," 117209, г. Москва, Нахимовский проспект, дом 25, корпус 4",8-(499)-122-05-01, tarancevams@mail.ru,POINT(37.589308 55.666543)
 Государственное бюджетное образовательное учреждение города Москвы детский сад № 699, ГБОУ детский сад № 699,699, Дошкольное образовательное учреждение, Детский сад, Бюджетное, Восточное окружное управление образования," 107065, г. Москва, ул. Сахалинская, д. 6",(495) 466-51-44, sad699@rambler.ru,POINT(37.8188725 55.8267782)
 Государственное бюджетное образовательное учреждение города Москвы детский сад комбинированного вида № 935, ГБОУ детский сад № 935,935, Дошкольное образовательное учреждение, Детский сад комбинированного вида, Бюджетное, Южное окружное управление образования," 115569 г.Москва, ул.Шипиловская, д.10, к.2",(495) 391-06-00, dou935@sinergi.ru,POINT(37.7001924 55.6144952)
 Государственное бюджетное образовательное учреждение города Москвы центр развития ребенка - детский сад № 14, ГБОУ ЦРР - детский сад № 14, 14, Дошкольное образовательное учреждение, Центр развития ребенка – детский сад, Бюджетное, Северное окружное управление образования," 127591, г. Москва, Дубнинская улица, дом 38, корпус 3",(495) 485-26-16, boss@detsad14.ru,POINT(37.5615566 55.8874158)
 Государственное бюджетное образовательное учреждение города Москвы детский сад компенсирующего вида № 1854, ГБОУ детский сад № 1854,1 854, Дошкольное образовательное учреждение, Детский сад компенсирующего вида, Бюджетное, Северное окружное управление образования," 125319, г. Москва, улица Черняховского, дом 15, корпус 3",(499) 152-74-51, gou1854@gmail.com,POINT(37.5366964 55.8076607)
 Государственное бюджетное образовательное учреждение города Москвы детский сад комбинированного вида № 974, ГБОУ детский сад №974,974, Дошкольное образовательное учреждение, Детский сад комбинированного вида, Бюджетное, Юго-Западное окружное управление образования," 117513, г.Москва, Ленинский проспект, дом № 125, корпус 3",0, natasha-detsad@mail.ru,POINT(37.4834708 55.6451281)
 Государственное бюджетное образовательное учреждение города Москвы детский сад № 1282, ГБОУ детский сад № 1282,1 282, Дошкольное образовательное учреждение, Детский сад, Бюджетное, Северо-Восточное окружное управление образования," 127642 город Москва, проезд Дежнева, дом 15, корпус 2",(499) 186-51-47, gouds1282@yandex.ru,POINT(37.6417288 55.8697735)
 Государственное бюджетное образовательное учреждение города Москвы детский сад общеразвивающего вида № 1012, ГБОУ детский сад № 1012,1 012, Дошкольное образовательное учреждение, Детский сад общеразвивающего вида с приоритетным осуществлением деятельности по одному из направлений развития детей, Бюджетное, Юго-Восточное окружное управление образования," 109507, Москва, Ферганский проезд, дом 9, корпус 3",(495) 377-70-01, Sadik1012@mail.ru,POINT(37.821656 55.69349399999999)
 Государственное бюджетное образовательное учреждение города Москвы детский сад № 2486, ГБОУ детский сад № 2486,2 486, Дошкольное образовательное учреждение, Детский сад, Бюджетное, Юго-Западное окружное управление образования," 117449, г.Москва, улица Шверника, дом 1, корпус 2",(499) 126-28-68," dou_2486@mail,ru",POINT(37.579945 55.6940257)
 Государственное бюджетное образовательное учреждение города Москвы детский сад № 293, ГБОУ детский сад № 293,293, Дошкольное образовательное учреждение, Детский сад, Бюджетное, Юго-Западное окружное управление образования," 117393, г. Москва, ул. Профсоюзная, д. 60А",(499)794-44-68, gou293@mosuzedu.ru,POINT(37.5496676 55.6685895)
 Государственное бюджетное образовательное учреждение города Москвы детский сад с этнокультурным (татарским) компонентом образования №2497, ГБОУ детский сад № 2497,2 497, Дошкольное образовательное учреждение, Детский сад с этнокультурным (национальным) компонентом образования, Бюджетное, Юго-Восточное окружное управление образования," 109559, Москва, ул.Маршала Кожедуба, д.12, корп.2",(495) 654-99-33, 2497@inbox.ru; alsina.81@mail.ru,POINT(37.791607 55.67187999999999)
 Государственное бюджетное образовательное учреждение города Москвы детский сад № 458, ГБОУ детский сад № 458,458, Дошкольное образовательное учреждение, Детский сад общеразвивающего вида с приоритетным осуществлением деятельности по одному из направлений развития детей, Бюджетное, Северное окружное управление образования," 125319, г. Москва, улица Коккинаки, 7",(499) 152-34-61, detsad458@gmail.com,POINT(37.5468374 55.8055165)
 Государственное бюджетное образовательное учреждение города Москвы детский сад № 631, ГБОУ детский сад № 631,631, Дошкольное образовательное учреждение, Детский сад, Бюджетное, Северное окружное управление образования," 125183, г. Москва, улица Большая Академическая, дом 73А",(495) 482-58-06,  detskysad631k@mail.ru,POINT(37.550054 55.843573)
 Государственное бюджетное образовательное учреждение города Москвы центр развития ребенка - детский сад № 643, ГБОУ ЦРР - детский сад № 643,643, Дошкольное образовательное учреждение, Центр развития ребенка – детский сад, Бюджетное, Центральное окружное управление образования," 109544 г.Москва, ул. Рабочая, д.35, к.2",(495) 678-51-51, ds643@mail.ru,POINT(37.6878721 55.7424287)
 Государственное бюджетное образовательное учреждение города Москвы детский сад № 872, ГБОУ детский сад № 872,872, Дошкольное образовательное учреждение, Детский сад, Бюджетное, Юго-Восточное окружное управление образования," 109548, Москва, ул. Гурьянова, д. 21",(495) 353-99-49, aser872@mail.ru,POINT(37.721576 55.688009)
 Государственное бюджетное образовательное учреждение города Москвы центр развития ребенка-детский сад № 1622, ГБОУ ЦРР-детский сад № 1622,1 622, Дошкольное образовательное учреждение, Центр развития ребенка – детский сад, Бюджетное, Восточное окружное управление образования," 111141, город Москва, Перовская улица, дом 27",(495) 368-27-01, ds1622@bk.ru; tlmalysheva@mail.ru,POINT(37.77161299999999 55.7473055)
 Государственное бюджетное образовательное учреждение города Москвы детский сад комбинированного вида № 2001, ГБОУ детский сад № 2001,2 001, Дошкольное образовательное учреждение, Детский сад комбинированного вида, Бюджетное, Восточное окружное управление образования," 111399, город Москва, улица Металлургов, д.28 А",(495) 304-73-72, ds2001vo@yandex.ru,POINT(37.7924019 55.7582855)
 Государственное бюджетное образовательное учреждение города Москвы детский сад компенсирующего вида № 2555, ГБОУ детский сад № 2555,2 555, Дошкольное образовательное учреждение, Детский сад компенсирующего вида, Бюджетное, Центральное окружное управление образования," 105066 г. Москва, Денисовский пер., д.15",(499) 267-86-27, barmina1955.55@mail.ru,POINT(37.6758809 55.767183)
 Государственное бюджетное образовательное учреждение города Москвы детский сад комбинированного вида № 2372, ГБОУ детский сад № 2372,2 372, Дошкольное образовательное учреждение, Детский сад комбинированного вида, Бюджетное, Южное окружное управление образования," 117535, г.Москва, ул. Дорожная, д.22 Б",(495) 382-24-04, dou2372@sinergi.ru,POINT(37.6192451 55.599615)
 Государственное бюджетное образовательное учреждение города Москвы детский сад с этнокультурным (русским) компонентом образования № 1776, ГБОУ детский сад № 1776,1 776, Дошкольное образовательное учреждение, Детский сад с этнокультурным (национальным) компонентом образования, Бюджетное, Северное окружное управление образования," 127635, г. Москва, ул. Новая, д. 12",(499) 906-07-08, ds1776@mail.ru,POINT(37.2061517 55.95941699999999)
 Государственное бюджетное образовательное учреждение города Москвы детский сад № 839, ГБОУ детский сад № 839,839, Дошкольное образовательное учреждение, Детский сад, Бюджетное, Юго-Восточное окружное управление образования," 111116, г. Москва, ул. Энергетическая, д.2",(495) 361-62-64, ds839@yandex.ru,POINT(37.7011161 55.76169909999999)
 Государственное бюджетное образовательное учреждение города Москвы детский сад № 1835, ГБОУ детский сад № 1835,1 835, Дошкольное образовательное учреждение, Детский сад, Бюджетное, Юго-Западное окружное управление образования," 117186, г.Москва, Севастопольский проспект, дом 23, корпус 2",499-127-76-80, ds1835@mosuzedu.ru,POINT(37.5953823 55.67689619999999)
 Государственное бюджетное образовательное учреждение города Москвы детский сад № 280, ГБОУ детский сад № 280,280, Дошкольное образовательное учреждение, Детский сад, Бюджетное, Южное окружное управление образования," 115551 г.Москва, ул.Домодедовская, д.1, к.2",(495) 392-71-66, dou840@sinergi.ru,POINT(37.70553779999999 55.6177605)
 Государственное бюджетное образовательное учреждение города Москвы детский сад № 1457, ГБОУ детский сад № 1457,1 457, Дошкольное образовательное учреждение, Детский сад, Бюджетное, Южное окружное управление образования," 115598 г. Москва, Липецкая ул., д.7, к.2",(495) 329-20-22, dou1457@sinergi.ru,POINT(37.6852727 55.58265919999999)
 Государственное бюджетное образовательное учреждение города Москвы детский сад комбинированного вида № 809, ГБОУ детский сад № 809,809, Дошкольное образовательное учреждение, Детский сад комбинированного вида, Бюджетное, Центральное окружное управление образования," 123290 г. Москва, Шмитовский проезд, д.42, к.2",(499) 259-17-41, detskiisad-809@mail.ru,POINT(37.5205398 55.7563411)
 Государственное бюджетное образовательное учреждение города Москвы детский сад № 793, ГБОУ детский сад № 793,793, Дошкольное образовательное учреждение, Детский сад, Бюджетное, Восточное окружное управление образования," 105264, г.Москва,ул.10-я Парковая д.18 а",(495) 465-04-47, gou793@mail.ru,POINT(37.8035617 55.797984)
 Государственное бюджетное образовательное учреждение города Москвы центр развития ребенка - детский сад № 1544, ГБОУ ЦРР-детский сад № 1544,1 544, Дошкольное образовательное учреждение, Центр развития ребенка – детский сад, Бюджетное, Западное окружное управление образования," 119607, г.Москва, ул. Раменки, д. 13, корп. 1",(495) 932-20-80, dou1544@mail.ru,POINT(37.499077 55.691433)
 Государственное бюджетное образовательное учреждение города Москвы детский сад комбинированного вида № 810, ГБОУ детский сад,810, Дошкольное образовательное учреждение, Детский сад комбинированного вида, Бюджетное, Западное окружное управление образования," 121552 г. Москва, ул. Ельнинская, д. 7, корп. 2",(499) 141-72-23, sad_810@mail.ru,POINT(37.420868 55.736517)
 Государственное бюджетное образовательное учреждение города Москвы детский сад комбинированного вида № 268, ГБОУ детский сад № 268,268, Дошкольное образовательное учреждение, Детский сад комбинированного вида, Бюджетное, Центральное окружное управление образования," 123100 г. Москва, Шмитовский проезд, д.9",(499) 256-53-14, detsad268@rambler.ru,POINT(37.5527964 55.75809049999999)
 Государственное бюджетное образовательное учреждение города Москвы детский сад № 2608, ГБОУ детский сад № 2608,2 608, Дошкольное образовательное учреждение, Детский сад, Бюджетное, Юго-Восточное окружное управление образования," 109457, Москва, улица Федора Полетаева, дом 6, корпус 3",(499) 746-55-30, detsad2608@mail.ru,POINT(37.773706 55.714102)
 Государственное бюджетное образовательное учреждение города Москвы детский сад № 706, ГБОУ детский сад № 706,706, Дошкольное образовательное учреждение, Детский сад, Бюджетное, Южное окружное управление образования," 117525 г. Москва, ул.Красного Маяка, д. 9 А",(495) 387-38-53, dou706@sinergi.ru,POINT(37.587447 55.6114754)
 Государственное бюджетное образовательное учреждение города Москвы детский сад № 260, ГБОУ детский сад № 260,260, Дошкольное образовательное учреждение, Детский сад, Бюджетное, Юго-Западное окружное управление образования," 117452, г.Москва, Балаклавский проспект, д.18",(495) 318-05-32, detsad260@yandex.ru; ds260@mosuzedu.ru,POINT(37.5977884 55.6422006)
 Государственное бюджетное образовательное учреждение города Москвы детский сад № 1344, ГБОУ детский сад № 1344,1 344, Дошкольное образовательное учреждение, Детский сад, Бюджетное, Северо-Восточное окружное управление образования," 129347, город Москва, улица Ротерта, дом 14",(499) 188-37-47, dou1344@yandex.ru,POINT(37.7251458 55.8778367)
 Государственное бюджетное образовательное учреждение города Москвы детский сад комбинированного вида №1073, ГБОУ детский сад № 1073,1 073, Дошкольное образовательное учреждение, Детский сад комбинированного вида, Бюджетное, Северо-Восточное окружное управление образования," 127572 город Москва, улица Абрамцевская, дом 14, корпус 2",(499) 200-50-11, detsad1073@mail.ru,POINT(37.5757572 55.9004456)
 Государственное бюджетное образовательное учреждение города Москвы детский сад № 1972, ГБОУ детский сад № 1972,1 972, Дошкольное образовательное учреждение, Детский сад, Бюджетное, Южное окружное управление образования," 115404 г. Москва, ул Касимовская, д.11",(495) 326-51-47, dou1972@sinergi.ru,POINT(37.657066 55.5983655)
 Государственное бюджетное образовательное учреждение города Москвы детский сад № 1649, ГБОУ детский сад № 1649,1 649, Дошкольное образовательное учреждение, Детский сад, Бюджетное, Западное окружное управление образования," 121351, г.Москва, ул. Кунцевская, д. 7, корп. 3",(495) 417-20-45, dou1649@mail.ru; http://ds1649.mszapad.ru,POINT(37.4203713 55.7293307)
 Государственное бюджетное образовательное учреждение города Москвы детский сад № 74, ГБОУ детский сад № 74, 74, Дошкольное образовательное учреждение, Детский сад, Бюджетное, Центральное окружное управление образования," 127055 г. Москва, ул. Новослободская, д.51",(499) 791-21-90, detsad74@mail.ru,POINT(37.5934889 55.7864874)
 Государственное бюджетное образовательное учреждение города Москвы детский сад комбинированного вида № 1353, ГБОУ детский сад № 1353,1 353, Дошкольное образовательное учреждение, Детский сад комбинированного вида, Бюджетное, Северо-Восточное окружное управление образования," 127276 г.Москва, ул.Ботаническая, д.6",(499) 201-49-22, dou1353@yandex.ru,POINT(37.5860801 55.8444413)
 Государственное бюджетное образовательное учреждение города Москвы центр развития ребенка - детский сад № 577, ГБОУ ЦРР - детский сад № 577,577, Дошкольное образовательное учреждение, Центр развития ребенка – детский сад, Бюджетное, Южное окружное управление образования," 115409 г.Москва ул. Кантемировская,д.20,к.6",(499) 323-63-08, dou577@sinergi.ru,POINT(37.662353 55.641303)
 Государственное бюджетное образовательное учреждение города Москвы детский сад № 2621, ГБОУ детский сад № 2621,2 621, Дошкольное образовательное учреждение, Детский сад, Бюджетное, Юго-Западное окружное управление образования," 117042, г. Москва, ул. Горчакова, дом 19",(499)793-19-54, dou2621@ou.mosuzedu.ru,POINT(37.5339755 55.5395502)
 Государственное бюджетное образовательное учреждение города Москвы детский сад № 1605, ГБОУ детский сад № 1605,1 605, Дошкольное образовательное учреждение, Детский сад, Бюджетное, Западное окружное управление образования," 121609, г.Москва, ул. Крылатские холмы, д. 9",(495) 413-56-25, dou1605@mail.ru,POINT(37.4216661 55.74913129999999)
" Государственное бюджетное образовательное учреждение города Москвы центр развития ребенка - детский сад № 1156 ""Василек""", ГБОУ ЦРР – детский сад № 1156 «Василек»,1 156, Дошкольное образовательное учреждение, Детский сад, Бюджетное, Троицкое и новомосковское окружное управление образования," 105318, Москва Город, Семеновская Площадь, 4",#Н/Д, vasilek34@list.ru,POINT(37.7210321 55.7813321)
 Государственное бюджетное образовательное учреждение города Москвы детский сад компенсирующего вида № 1019, ГБОУ детский сад № 1019,1 019, Дошкольное образовательное учреждение, Детский сад компенсирующего вида, Бюджетное, Северо-Восточное окружное управление образования," 127576, г. Москва, Алтуфьевское ш., д. 91 Б",(499) 200-70-88, Goy_ds1019@mail.ru,POINT(37.584 55.89624999999999)
 Государственное бюджетное образовательное учреждение города Москвы детский сад № 1383, ГБОУ детский сад № 1383,1 383, Дошкольное образовательное учреждение, Детский сад, Бюджетное, Южное окружное управление образования," 115597, г. Москва, ул.Ясеневая, д.34, к.3",(495) 398-53-58, dou1383@sinergi.ru,POINT(37.7428645 55.6040212)
 Государственное бюджетное образовательное учреждение города Москвы детский сад № 139, ГБОУ детский сад №139,139, Дошкольное образовательное учреждение, Детский сад, Бюджетное, Юго-Восточное окружное управление образования," 109439, г. Москва, ул. Юных Ленинцев, д. 107, корп. 2",(499) 175-52-22, ds139@rambler.ru,POINT(37.78352599999999 55.699151)
 Государственное бюджетное образовательное учреждение города Москвы детский сад № 236, ГБОУ детский сад № 236,236, Дошкольное образовательное учреждение, Детский сад, Бюджетное, Юго-Западное окружное управление образования," 117418, г. Москва, ул. Новочеремушкинская, д.52, корп.1",8-499-128-39-23, dou236@mosuzedu.ru,POINT(37.5638837 55.67000669999999)
 Государственное бюджетное образовательное учреждение города Москвы детский сад общеразвивающего вида № 905, ГБОУ детский сад № 905,905, Дошкольное образовательное учреждение, Детский сад общеразвивающего вида с приоритетным осуществлением деятельности по одному из направлений развития детей, Бюджетное, Южное окружное управление образования," 115563 г. Москва, Борисовский пр. д.24, кор.2",(495) 393-39-00, dou905@sinergi.ru,POINT(37.7240876 55.6239011)
 Государственное бюджетное образовательное учреждение города Москвы детский сад № 2443, ГБОУ детский сад № 2443,2 443, Дошкольное образовательное учреждение, Детский сад, Бюджетное, Восточное окружное управление образования, 105173 г. Москва ул. Главная д. 5а,(499) 780-69-58, detsad2443@yandex.ru,POINT(37.8618234 55.8194204)
 Государственное бюджетное образовательное учреждение города Москвы детский сад № 689, ГБОУ детский сад №689,689, Дошкольное образовательное учреждение, Детский сад, Бюджетное, Юго-Западное окружное управление образования," 117342, г. Москва, ул.Введенского, 11 А",(495)333-25-16, dou689@ou.mosuzedu.ru,POINT(37.54481699999999 55.64253)
 Государственное бюджетное образовательное учреждение города Москвы центр развития ребенка - детский сад № 1352, ГБОУ ЦРР - детский сад № 1352,1 352, Дошкольное образовательное учреждение, Центр развития ребенка – детский сад, Бюджетное, Восточное окружное управление образования," 105568, г. Москва, ул. Челябинская, д. 26 А",(499) 308-00-08, detsad1352@mail.ru; detsad1352@rambler.ru,POINT(37.8356808 55.7780166)
 Государственное бюджетное образовательное учреждение города Москвы центр развития ребенка - детский сад № 2348, ГБОУ ЦРР - детский сад № 2348,2 348, Дошкольное образовательное учреждение, Центр развития ребенка – детский сад, Бюджетное, Юго-Восточное окружное управление образования," 109469, г. Москва, ул. Марьинский бульвар, дом 9",(499) 784-88-79, centrRR-2348@rambler.ru,POINT(37.761503 55.65304399999999)
 Государственное бюджетное образовательное учреждение города Москвы детский сад № 281, ГБОУ детский сад № 281,281, Дошкольное образовательное учреждение, Детский сад компенсирующего вида, Бюджетное, Северное окружное управление образования," 125412, г. Москва, улица Клязьминская, дом 10Б",(499) 906-63-25, 281zdravstvyi@mail.ru,POINT(37.5244485 55.8843897)
 Государственное бюджетное образовательное учреждение города Москвы детский сад № 2221, ГБОУ детский сад № 2221,2 221, Дошкольное образовательное учреждение, Детский сад, Бюджетное, Юго-Восточное окружное управление образования," 109145, г. Москва, Хвалынский бульвар, дом 4, корпус 3",(495) 705-62-00, det-2221@yandex.ru,POINT(37.8492066 55.6995517)
 Государственное бюджетное образовательное учреждение города Москвы центр развития ребенка - детский сад № 2530, ГБОУ ЦРР - детский сад № 2530,2 530, Дошкольное образовательное учреждение, Центр развития ребенка – детский сад, Бюджетное, Северное окружное управление образования," 125130, г. Москва, Старопетровский проезд, дом 12а",(499) 747-43-19, gou2530@mail.ru,POINT(37.509659 55.82485939999999)
 Государственное бюджетное образовательное учреждение города Москвы детский сад комбинированного вида № 635, ГБОУ детский сад № 635,635, Дошкольное образовательное учреждение, Детский сад комбинированного вида, Бюджетное, Восточное окружное управление образования," 111555, г. Москва, Напольный проезд, дом 3",(495) 305-87-03, dscombvida635@mail.ru; zav635@mail.ru,POINT(37.823152 55.7585961)
 Государственное бюджетное образовательное учреждение города Москвы детский сад общеразвивающего вида № 275, ГБОУ детский сад № 275,275, Дошкольное образовательное учреждение, Детский сад общеразвивающего вида с приоритетным осуществлением деятельности по одному из направлений развития детей, Бюджетное, Центральное окружное управление образования," 105062 г. Москва, ул. Машкова, д.3 а",(495) 624-95-44, basmanka1@mail.ru; mysykaeva827@mail.ru; detsad275@mail.ru,POINT(37.649559 55.7631003)
 Государственное бюджетное образовательное учреждение города Москвы детский сад № 1422, ГБОУ детский сад № 1422,1 422, Дошкольное образовательное учреждение, Детский сад, Бюджетное, Восточное окружное управление образования," 105275, г.Москва,проспект Буденного, д. 47",(495) 366-78-55, det1422@rambler.ru,POINT(37.7362602 55.7620149)
 Государственное бюджетное образовательное учреждение города Москвы детский сад комбинированного вида № 1323, ГБОУ детский сад № 1323,1 323, Дошкольное образовательное учреждение, Детский сад комбинированного вида, Бюджетное, Северное окружное управление образования," 127591, г. Москва, Керамический проезд, дом 71, корпус 4",(495) 485-29-68, ds1323@mail.ru,POINT(37.561587 55.890257)
 Государственное бюджетное образовательное учреждение города Москвы детский сад комбинированного вида № 2532, ГБОУ детский сад № 2532,2 532, Дошкольное образовательное учреждение, Детский сад комбинированного вида, Бюджетное, Северо-Восточное окружное управление образования," 127253, город Москва, улица Псковская, дом 7, корпус 2",(499) 501-13-03, ds2532@mail.ru,POINT(37.549883 55.90483099999999)
 Государственное бюджетное образовательное учреждение города Москвы детский сад компенсирующего вида № 1949, ГБОУ детский сад № 1949,1 949, Дошкольное образовательное учреждение, Детский сад компенсирующего вида, Бюджетное, Юго-Восточное окружное управление образования," 111020, г. Москва, ул. Авиамоторная, дом 13",(495) 362-11-44, sadik1949@mail.ru,POINT(37.714892 55.76101500000001)
 Государственное бюджетное образовательное учреждение города Москвы детский сад компенсирующего вида №1286, ГБОУ детский сад № 1286,1 286, Дошкольное образовательное учреждение, Детский сад компенсирующего вида, Бюджетное, Восточное окружное управление образования," 111555, г. Москва, ул. Молостовых, дом 1, корпус 5",(495) 300-02-30, detсad1286@yandex.ru,POINT(37.83544699999999 55.765404)
 Государственное бюджетное образовательное учреждение города Москвы детский сад № 1899, ГБОУ детский сад № 1899,1 899, Дошкольное образовательное учреждение, Детский сад, Бюджетное, Восточное окружное управление образования," 111396,г.Москва,Зеленый проспект,дом 64А",(495) 302-23-05, ds1899@mail.ru,POINT(37.8195754 55.7493187)
 Государственное бюджетное образовательное учреждение города Москвы детский сад комбинированного вида № 784, ГБОУ детский сад № 784,784, Дошкольное образовательное учреждение, Детский сад комбинированного вида, Бюджетное, Южное окружное управление образования," 115404 г.Москва, ул.Ряжская, д.11",(495) 327-34-89, dou784@sinergi.ru,POINT(37.66792969999999 55.5911313)
 Государственное бюджетное образовательное учреждение города Москвы детский сад комбинированного вида № 1010, ГБОУ детский сад № 1010,1 010, Дошкольное образовательное учреждение, Детский сад комбинированного вида, Бюджетное, Восточное окружное управление образования," 107589, г. Москва, ул. Красноярская, д.9A",(495) 467-49-00, DC-1010@yandex.ru,POINT(37.8327316 55.8226486)
" Государственное бюджетное образовательное учреждение города Москвы детский сад комбинированного вида № 1086 ""Белоснежка""", ГБОУ детский сад № 1086 «Белоснежка»,1 086, Дошкольное образовательное учреждение, Детский сад комбинированного вида, Бюджетное, Троицкое и новомосковское окружное управление образования," 105318, Москва Город, Семеновская Площадь, 4",#Н/Д, plimplim@mail.ru,POINT(37.7210321 55.7813321)
 Государственное бюджетное образовательное учреждение города Москвы детский сад комбинированного вида № 435, ГБОУ детский сад № 435,435, Дошкольное образовательное учреждение, Детский сад комбинированного вида, Бюджетное, Северное окружное управление образования," 127644, г. Москва, Карельский бульвар, дом 23 А",(495) 485-12-11, detsad435@yandex.ru,POINT(37.5327348 55.8958307)
 Государственное бюджетное образовательное учреждение города Москвы детский сад № 1528, ГБОУ детский сад № 1528,1 528, Дошкольное образовательное учреждение, Детский сад, Бюджетное, Восточное окружное управление образования," 111539, г. Москва,ул.Реутовская ,12А",(495) 375-51-96, ds1528@rambler.ru; samoldinarosa@mail.ru; nsokolova1528@rambler.ru; nvivev@mail.ru,POINT(37.83440820000001 55.736391)
 Государственное бюджетное образовательное учреждение города Москвы детский сад компенсирующего вида № 2664, ГБОУ детский сад № 2664,2 664, Дошкольное образовательное учреждение, Детский сад компенсирующего вида, Бюджетное, Северное окружное управление образования," 125412, г. Москва, улица Клязьминская, дом 10 В",(499) 905-39-42, galkina2664@yandex.ru,POINT(37.52372769999999 55.8848344)
 Государственное бюджетное образовательное учреждение города Москвы детский сад компенсирующего вида № 1047, ГБОУ детский сад № 1047,1 047, Дошкольное образовательное учреждение, Детский сад компенсирующего вида, Бюджетное, Северо-Восточное окружное управление образования," 127224 г. Москва, Студеный проезд, д. 32а",(499) 479-21-09, detsad1047@mail.ru,POINT(37.669424 55.8913434)
 Государственное бюджетное образовательное учреждение города Москвы детский сад № 487, ГБОУ детский сад № 487,487, Дошкольное образовательное учреждение, Детский сад, Бюджетное, Северо-Восточное окружное управление образования," 129343, г.Москва, ул. Амундсена, д. 13, корп.3",(499) 180-11-43, dou487@yandex.ru,POINT(37.65348760000001 55.8527372)
 Государственное бюджетное образовательное учреждение города Москвы детский сад компенсирующего вида № 802, ГБОУ детский сад № 802,802, Дошкольное образовательное учреждение, Детский сад компенсирующего вида, Бюджетное, Центральное окружное управление образования," 109004, г. Москва, Николоямской пер., д.3 А, кор. 2",(495) 912-08-34, detsad802@yandex.ru,POINT(37.6598167 55.7482604)
 Государственное бюджетное образовательное учреждение города Москвы центр развития ребенка - детский сад № 2426, ГБОУ ЦРР - детский сад № 2426,2 426, Дошкольное образовательное учреждение, Центр развития ребенка – детский сад, Бюджетное, Юго-Восточное окружное управление образования," 109451, г. Москва, ул. Братиславская, д. 9",(495) 658-52-59, 2426@inbox.ru,POINT(37.7558938 55.6647155)
 Государственное бюджетное образовательное учреждение города Москвы детский сад № 1905, ГБОУ детский сад № 1905,1 905, Дошкольное образовательное учреждение, Детский сад, Бюджетное, Восточное окружное управление образования," 105118, г.Москва,пр-т Буденного, д.30/8",(495) 672-38-70, vao1905@yandex.ru,POINT(37.7346729 55.762169)
 Государственное бюджетное образовательное учреждение города Москвы детский сад № 354, ГБОУ детский сад № 354,354, Дошкольное образовательное учреждение, Детский сад, Бюджетное, Восточное окружное управление образования," 111123, г. Москва, ул.1-я Владимирская, д. 14А",306-40-25, douds354@yandex.ru,POINT(37.7739212 55.7565032)
 Государственное бюджетное образовательное учреждение города Москвы детский сад № 116, ГБОУ детский сад № 116,116, Дошкольное образовательное учреждение, Детский сад общеразвивающего вида с приоритетным осуществлением деятельности по одному из направлений развития детей, Бюджетное, Северное окружное управление образования," 127238, г. Москва, 3-й Нижнелихоборский проезд, дом 5А",(499) 790-47-22, gbou116@yandex.ru,POINT(37.5658603 55.8468615)
 Государственное бюджетное образовательное учреждение города Москвы детский сад общеразвивающего вида № 2583, ГБОУ детский сад № 2583,2 583, Дошкольное образовательное учреждение, Детский сад общеразвивающего вида с приоритетным осуществлением деятельности по одному из направлений развития детей, Бюджетное, Юго-Восточное окружное управление образования," 115193, г. Москва, ул. 5 Кожуховская, дом 27, к.2",(495) 671-94-69, sad2583@mail.ru,POINT(37.677955 55.706146)
 Государственное бюджетное образовательное учреждение города Москвы детский сад № 2499, ГБОУ детский сад № 2499,2 499, Дошкольное образовательное учреждение, Детский сад, Бюджетное, Юго-Восточное окружное управление образования," 109559, г. Москва, ул. Белореченская, д. 10, корп. 2",(495) 359-25-29, detskiysad_2499@mail.ru; ds2499@mail.ru,POINT(37.763089 55.671819)
 Государственное бюджетное образовательное учреждение города Москвы детский сад комбинированного вида № 632, ГБОУ детский сад № 632,632, Дошкольное образовательное учреждение, Детский сад комбинированного вида, Бюджетное, Северное окружное управление образования," 127247, г. Москва, Дмитровское шоссе, дом 88",(499) 488-20-95, detsad632@yandex.ru,POINT(37.5496117 55.8710579)
 Государственное бюджетное образовательное учреждение города Москвы детский сад общеразвивающего вида № 790, ГБОУ детский сад № 790,790, Дошкольное образовательное учреждение, Детский сад общеразвивающего вида с приоритетным осуществлением деятельности по одному из направлений развития детей, Бюджетное, Юго-Западное окружное управление образования," 117321, г.Москва, ул.Профсоюзная, д.130Б",(495)338-48-00, dou790@mosuzedu.ru,POINT(37.5115392 55.63171510000001)
 Государственное бюджетное образовательное учреждение города Москвы центр развития ребенка - детский сад № 1407, ГБОУ ЦРР - детский сад № 1407,1 407, Дошкольное образовательное учреждение, Центр развития ребенка – детский сад, Бюджетное, Южное окружное управление образования," 115446 г. Москва, Миллионщикова Академика ул. д.31, к.3",(499) 612-32-78, dou1407@sinergi.ru,POINT(37.5301582 55.8294661)
 Государственное бюджетное образовательное учреждение города Москвы детский сад компенсирующего вида № 1363, ГБОУ детский сад № 1363,1 363, Дошкольное образовательное учреждение, Детский сад компенсирующего вида, Бюджетное, Южное окружное управление образования," 117648, г. Москва, Северное Чертаново, корп. 812",(495) 319-69-27, dou1363@sinergi.ru,POINT(37.5961887 55.6383327)
" Государственное бюджетное образовательное учреждение города Москвы детский сад комбинированного вида № 1139 ""Боровичок""", ГБОУ детский сад № 1139 «Боровичок»,1 139, Дошкольное образовательное учреждение, Детский сад комбинированного вида, Бюджетное, Троицкое и новомосковское окружное управление образования," 142762, Москва Город, Марьино Деревня",#Н/Д, borovichok38@bk.ru,POINT(37.3341022 55.5552157)
 Государственное бюджетное образовательное учреждение города Москвы центр развития ребенка - детский сад № 1417, ГБОУ ЦРР - детский сад № 1417,1 417, Дошкольное образовательное учреждение, Центр развития ребенка – детский сад, Бюджетное, Восточное окружное управление образования," 107065, г. Москва, ул. Уссурийская, д. 1",(495) 469-45-38, ds1417@mail.ru,POINT(37.8105113 55.825455)
 Государственное бюджетное образовательное учреждение города Москвы детский сад № 616, ГБОУ детский сад № 616,616, Дошкольное образовательное учреждение, Детский сад, Бюджетное, Юго-Восточное окружное управление образования," 109386, г. Москва, Таганрогская улица, дом22",(495) 359-12-42, ds616@yandex.ru,POINT(37.7549937 55.6758239)
 Государственное бюджетное образовательное учреждение города Москвы детский сад № 978, ГБОУ детский сад № 978,978, Дошкольное образовательное учреждение, Детский сад, Бюджетное, Северо-Восточное окружное управление образования," 127566, город Москва, улица Бестужевых, д. 8в",(499) 204-39-00, detsad978@mail.ru,POINT(37.60326 55.868629)
 Государственное бюджетное образовательное учреждение города Москвы детский сад общеразвивающего вида № 36, ГБОУ детский сад № 36, 36, Дошкольное образовательное учреждение, Детский сад общеразвивающего вида с приоритетным осуществлением деятельности по одному из направлений развития детей, Бюджетное, Восточное окружное управление образования," 105118, г.Москва, 9-я ул. Соколиной горы, д.5 А",(495) 365-31-07, gou36@rambler.ru,POINT(37.73066439999999 55.7718788)
 Государственное бюджетное образовательное учреждение города Москвы детский сад компенсирующего вида № 65, ГБОУ детский сад № 65, 65, Дошкольное образовательное учреждение, Детский сад компенсирующего вида, Бюджетное, Юго-Восточное окружное управление образования," 109280, г. Москва, улица 1-ая Машиностроения, дом 2/7, корпус 2",(495) 675-86-48, gouds65@mail.ru,POINT(37.6659459 55.71345119999999)
 Государственное бюджетное образовательное учреждение города Москвы детский сад № 989, ГБОУ детский сад № 989,989, Дошкольное образовательное учреждение, Детский сад, Бюджетное, Восточное окружное управление образования," 107143,г. Москва, Открытое шоссе, дом 23",(499) 167-40-78, detsad989@mail.ru,POINT(37.7542084 55.8263456)
 Государственное бюджетное образовательное учреждение города Москвы детский сад комбинированного вида № 765, ГБОУ детский сад № 765,765, Дошкольное образовательное учреждение, Детский сад комбинированного вида, Бюджетное, Южное окружное управление образования," 115304 г. Москва,ул. Ереванская,18, к.1",(495) 321-27-47, dou765@sinergi.ru,POINT(37.6718908 55.6269812)
 Государственное бюджетное образовательное учреждение города Москвы детский сад № 134, ГБОУ детский сад № 134,134, Дошкольное образовательное учреждение, Детский сад, Бюджетное, Юго-Восточное окружное управление образования," 109202, Москва, Перовское шоссе, дом 8-а",(499) 170-24-47, vashh-lyudmila@yandex.ru; gou.ds134@ya.ru,POINT(37.7454638 55.73513819999999)
 Государственное бюджетное образовательное учреждение города Москвы детский сад № 2126, ГБОУ детский сад № 2126,2 126, Дошкольное образовательное учреждение, Детский сад, Бюджетное, Юго-Восточное окружное управление образования," 109388, Москва, Шоссейная ул., д.39, стр.1",(495) 354-35-44, ds2126@uvuo.ru; anna.kaw@yandex.ru,POINT(37.7256443 55.6788159)
 Государственное бюджетное образовательное учреждение города Москвы детский сад № 944, ГБОУ детский сад № 944,944, Дошкольное образовательное учреждение, Детский сад, Бюджетное, Западное окружное управление образования," 121596, г.Москва, ул. Барвихинская, д. 12",(495) 448-92-35, sad944@mail.ru,POINT(37.3889326 55.7173894)
 Государственное бюджетное образовательное учреждение города Москвы детский сад общеразвивающего вида № 45, ГБОУ детский сад № 45, 45, Дошкольное образовательное учреждение, Детский сад общеразвивающего вида с приоритетным осуществлением деятельности по одному из направлений развития детей, Бюджетное, Центральное окружное управление образования," 123104 г.Москва, ул. Малая Бронная, дом 15, корпус 1.",(495) 691-44-96, dou45@rambler.ru; gbou45@yandex.ru,POINT(37.5962167 55.7609285)
 Государственное бюджетное образовательное учреждение города Москвы Детский сад №14, ГБОУ детский сад №14, 14, Дошкольное образовательное учреждение, Детский сад, Бюджетное, Восточное окружное управление образования," 105264, г. Москва, 5-я Парковая улица, д. 37",(495) 485-26-16, —,POINT(37.7875373 55.7999089)
 Государственное бюджетное образовательное учреждение города Москвы детский сад № 1464, ГБОУ детский сад № 1464,1 464, Дошкольное образовательное учреждение, Детский сад, Бюджетное, Юго-Восточное окружное управление образования," 109444, г. Москва Самарканский б-р, д. 22, корп. 2",(495) 372-92-60, dc1464@mail.ru,POINT(37.8174191 55.7019752)
 Государственное бюджетное образовательное учреждение города Москвы детский сад компенсирующего вида № 1183, ГБОУ детский сад № 1183,1 183, Дошкольное образовательное учреждение, Детский сад компенсирующего вида, Бюджетное, Центральное окружное управление образования," 119121 г. Москва, ул. Плющиха, д.16, к. 3",(499) 248-09-84, larads195@yandex.ru,POINT(37.5783496 55.7441577)
 Государственное бюджетное образовательное учреждение города Москвы детский сад № 2010, ГБОУ детский сад № 2010,2 010, Дошкольное образовательное учреждение, Детский сад общеразвивающего вида с приоритетным осуществлением деятельности по одному из направлений развития детей, Бюджетное, Северное окружное управление образования," 125183, г. Москва, улица Лихоборские бугры, дом 6 А",(495) 482-58-01, detsad-2010@yandex.ru,POINT(37.5494375 55.842781)
 Государственное бюджетное образовательное учреждение города Москвы детский сад комбинированного вида № 1076, ГБОУ детский сад № 1076,1 076, Дошкольное образовательное учреждение, Детский сад комбинированного вида, Бюджетное, Троицкое и новомосковское окружное управление образования," 105318, Москва Город, Семеновская Площадь, 4",#Н/Д, —,POINT(37.7210321 55.7813321)
 Государственное бюджетное образовательное учреждение города Москвы детский сад комбинированного вида № 1921, ГБОУ Детский сад комбинированного вида № 1921,1 921, Дошкольное образовательное учреждение, Детский сад комбинированного вида, Бюджетное, Центральное окружное управление образования," 127006, Москва, Нововоротниковский пер., д. 6",(495) 681-14-45, ds1918@mail.ru; eleonora.sad1921@gmail.com,POINT(37.603885 55.779274)
 Государственное бюджетное образовательное учреждение города Москвы детский сад комбинированного вида № 1973, ГБОУ детский сад № 1973,1 973, Дошкольное образовательное учреждение, Детский сад комбинированного вида, Бюджетное, Южное окружное управление образования," 115404 г. Москва,ул. Липецкая,д.8,корп.2",(495) 326-42-10, dou1973@sinergi.ru,POINT(37.6683285 55.5990633)
 Государственное бюджетное образовательное учреждение города Москвы детский сад № 1163, ГБОУ детский сад № 1163,1 163, Дошкольное образовательное учреждение, Детский сад, Бюджетное, Юго-Восточное окружное управление образования," 109559, г. Москва, ул. Совхозная, д. 16, к. 2",(495) 358-11-56, melehova1163@yandex.ru,POINT(37.767089 55.679606)
 Государственное бюджетное образовательное учреждение города Москвы детский сад № 205, ГБОУ детский сад № 205,205, Дошкольное образовательное учреждение, Детский сад, Бюджетное, Юго-Восточное окружное управление образования," 109462, г. Москва, улица Маршала Чуйкова, дом 6, корпус 1",(499) 172-96-09, ds205@mail.ru,POINT(37.762198 55.703817)
 Государственное бюджетное образовательное учреждение города Москвы детский сад № 1588, ГБОУ детский сад № 1588,1 588, Дошкольное образовательное учреждение, Детский сад, Бюджетное, Южное окружное управление образования," 117152 г. Москва, Загородное ш,д.6 к.6",(495) 952-94-79, dou1588@sinergi.ru,POINT(37.6155376 55.6999941)
 Государственное бюджетное образовательное учреждение города Москвы детский сад общеразвивающего вида № 1279, ГБОУ детский сад №1279,1 279, Дошкольное образовательное учреждение, Детский сад общеразвивающего вида с приоритетным осуществлением деятельности по одному из направлений развития детей, Бюджетное, Юго-Западное окружное управление образования," 117418, г. Москва, улица Цюрупы, дом 15, корпус 1",4953313885, gouds1279@mosuzedu.ru,POINT(37.568867 55.66648799999999)
 Государственное бюджетное образовательное учреждение города Москвы детский сад № 1745, ГБОУ детский сад № 1745,1 745, Дошкольное образовательное учреждение, Детский сад, Бюджетное, Северо-Восточное окружное управление образования," 127322, город Москва, улица Фонвизина, дом 17, корпус 1",(495) 610-07-22, dou1745@yandex.ru,POINT(37.5869007 55.8210869)
 Государственное бюджетное образовательное учреждение города Москвы детский сад № 449, ГБОУ детский сад № 449,449, Дошкольное образовательное учреждение, Детский сад, Бюджетное, Северное окружное управление образования," 125195, г. Москва, улица Фестивальная, дом 35Б",(499) 458-17-74, yasli-sad449@yandex.ru,POINT(37.480778 55.859118)
 Государственное бюджетное образовательное учреждение города Москвы детский сад комбинированного вида № 1421, ГБОУ детский сад № 1421,1 421, Дошкольное образовательное учреждение, Детский сад комбинированного вида, Бюджетное, Юго-Западное окружное управление образования," 117593, г. Москва, Литовский бульвар, дом 11, корпус 4",8-495-425-00-33, gou1421@mosuzedu.ru,POINT(37.5428365 55.6147577)
 Государственное бюджетное образовательное учреждение города Москвы центр развития ребенка - детский сад № 2343, ГБОУ ЦРР - детский сад № 2343,2 343, Дошкольное образовательное учреждение, Центр развития ребенка – детский сад, Бюджетное, Восточное окружное управление образования," ""111673, г. Москва, ул. Новокосинская, д.15 ""Б""",(495) 701-99-50, sad-2343@yandex.ru,POINT(37.8525158 55.7390112)
 Государственное бюджетное образовательное учреждение города Москвы детский сад №2480, ГБОУ детский сад №2480,2 480, Дошкольное образовательное учреждение, Детский сад, Бюджетное, Юго-Западное окружное управление образования," 117452, г. Москва, улица Азовская, дом 24, корпус 2",319-95-63, dou2480@ou.mosuzedu.ru,POINT(37.5958572 55.6514729)
 Государственное бюджетное образовательное учреждение города Москвы детский сад № 1137, ГБОУ детский сад № 1137,1 137, Дошкольное образовательное учреждение, Детский сад, Бюджетное, Западное окружное управление образования," 119526, г.Москва, ул. 26-ти Бакинских комиссаров, д. 10, к. 3",(499) 739-56-24, ds1137@mail.ru; ds1137@yandex.ru; gou1137@gmail.com,POINT(37.6150527 55.7568721)
 Государственное бюджетное образовательное учреждение города Москвы детский сад комбинированного вида № 828, ГБОУ детский сад № 828,828, Дошкольное образовательное учреждение, Детский сад компенсирующего вида, Бюджетное, Северное окружное управление образования," 125183, г. Москва, 4-ый Новомихалковский проезд, дом 6 А",(499) 154-31-18, surova.marina-79@yandex.ru,POINT(37.5458162 55.841939)
 Государственное бюджетное образовательное учреждение города Москвы детский сад компенсирующего вида № 2720, ГБОУ детский сад № 2720,2 720, Дошкольное образовательное учреждение, Детский сад компенсирующего вида, Бюджетное, Юго-Западное окружное управление образования," 117623, г.Москва, ул. Маршала Савицкого, дом 30, корп.2",(499) 232-49-90, dou2720@mosuzedu.ru; dou2720@ou.mosuzedu.ru; dou2720@mosuzedu.ru,POINT(37.5987314 55.5024549)
 Государственное бюджетное образовательное учреждение города Москвы детский сад комбинированного вида № 2009, ГБОУ детский сад № 2009,2 009, Дошкольное образовательное учреждение, Детский сад комбинированного вида, Бюджетное, Центральное окружное управление образования," 123290 г.Москва, Шелепихинская наб., д.12, стр.2",(499) 259-76-24, agureeva.anna@rambler.ru; gouds2009@yandex.ru,POINT(37.5221985 55.7527055)
 Государственное бюджетное образовательное учреждение города Москвы детский сад компенсирующего вида № 2156, ГБОУ детский сад № 2156,2 156, Дошкольное образовательное учреждение, Детский сад компенсирующего вида, Бюджетное, Юго-Западное окружное управление образования," 117628, г. Москва, ул. Куликовская, дом 1 Г",(495) 712-08-46, ds2156@yandex.ru,POINT(37.56655670000001 55.5737403)
 Государственное бюджетное образовательное учреждение города Москвы детский сад № 962, ГБОУ детский сад № 962,962, Дошкольное образовательное учреждение, Детский сад, Бюджетное, Северо-Восточное окружное управление образования," 129337, г. Москва, ул. Федоскинская, д. 3 корпус 1",(499) 182-14-74, detsad962@yandex.ru; dou962@yandex.ru,POINT(37.702539 55.86786799999999)
 Государственное бюджетное образовательное учреждение города Москвы детский сад комбинированного вида № 1713, ГБОУ детский сад № 1713,1 713, Дошкольное образовательное учреждение, Детский сад комбинированного вида, Бюджетное, Юго-Восточное окружное управление образования," 109125, г. Москва, Волжский бульвар, квартал 95, корпус 4",(499) 177-99-40, ds1713@mail.ru,POINT(37.7350562 55.7022918)
 Государственное бюджетное образовательное учреждение города Москвы детский сад общеразвивающего вида № 1932, ГБОУ детский сад № 1932,1 932, Дошкольное образовательное учреждение, Детский сад общеразвивающего вида с приоритетным осуществлением деятельности по одному из направлений развития детей, Бюджетное, Юго-Восточное окружное управление образования," 109369, г. Москва, Новочеркасский бульвар, дом 39",(499) 356-10-74, NN@ds1932.ru,POINT(37.7362932 55.6499692)
 Государственное бюджетное образовательное учреждение города Москвы детский сад комбинированного вида № 1146, ГБОУ детский сад № 1146,1 146, Дошкольное образовательное учреждение, Детский сад комбинированного вида, Бюджетное, Троицкое и новомосковское окружное управление образования," 105318, Москва Город, Семеновская Площадь, 4",#Н/Д, —,POINT(37.7210321 55.7813321)
 Государственное бюджетное образовательное учреждение города Москвы детский сад компенсирующего вида №1763, ГБОУ детский сад № 1763,1 763, Дошкольное образовательное учреждение, Детский сад компенсирующего вида, Бюджетное, Юго-Восточное окружное управление образования," 111020, г. Москва 1-ая Синичкина ул., д. 2",(495) 360-49-09, filutichai@list.ru; ds1763@mail.ru,POINT(37.70417339999999 55.7660261)
 Государственное бюджетное образовательное учреждение города Москвы детский сад № 1554, ГБОУ детский сад № 1554,1 554, Дошкольное образовательное учреждение, Детский сад, Бюджетное, Южное окружное управление образования," 115612 г. Москва, ул.Ключевая, д.8, к.3",(495) 342-51-51, dou1554@sinergi.ru,POINT(37.7548785 55.6358679)
 Государственное бюджетное образовательное учреждение города Москвы детский сад № 942, ГБОУ детский сад № 942,942, Дошкольное образовательное учреждение, Детский сад, Бюджетное, Юго-Западное окружное управление образования," 119313, г.Москва, ул.Гарибальди, д. 4а",134-45-03, dou942@ou.mosuzedu.ru,POINT(37.5345099 55.6758444)
 Государственное бюджетное образовательное учреждение города Москвы детский сад общеразвивающего вида № 2503, ГБОУ детский сад № 2503,2 503, Дошкольное образовательное учреждение, Детский сад общеразвивающего вида с приоритетным осуществлением деятельности по одному из направлений развития детей, Бюджетное, Южное окружное управление образования," 115598 г. Москва, ул. Загорьевская д.27,к.2",(495) 329-70-80, dou2503@sinergi.ru,POINT(37.695532 55.5838755)
 Государственное бюджетное образовательное учреждение города Москвы детский сад № 1880, ГБОУ детский сад № 1880,1 880, Дошкольное образовательное учреждение, Детский сад, Бюджетное, Северо-Восточное окружное управление образования," 129642, г.Москва, проезд Дежнева, дом 8, корпус 1.",(499) 477-14-18, detsad1880@mail.ru,POINT(37.6429353 55.8720425)
 Государственное бюджетное образовательное учреждение города Москвы детский сад комбинированного вида № 876, ГБОУ детский сад № 876,876, Дошкольное образовательное учреждение, Детский сад комбинированного вида, Бюджетное, Восточное окружное управление образования," 111539, г. Москва, ул. Реутовская, д. 24 А",(495) 375-53-04, sadik876@inbox.ru,POINT(37.8340033 55.7331817)
 Государственное бюджетное образовательное учреждение города Москвы детский сад № 1941, ГБОУ детский сад № 1941,1 941, Дошкольное образовательное учреждение, Детский сад, Бюджетное, Юго-Восточное окружное управление образования," 109518 Москва улица Грайвороновская дом 10, корпус 3",(499) 173-47-72, mariyatroshina1941@yandex.ru,POINT(37.73243 55.717521)
 Государственное бюджетное образовательное учреждение города Москвы детский сад общеразвивающего вида № 2476, ГБОУ детский сад № 2476,2 476, Дошкольное образовательное учреждение, Детский сад с этнокультурным (национальным) компонентом образования, Бюджетное, Западное окружное управление образования," 119361 г.Москва, ул. Наташи Ковшовой, д. 15, корп. 1",(495) 430-40-14, ds2476@mail.ru,POINT(37.4509981 55.6810487)
 Государственное бюджетное образовательное учреждение города Москвы детский сад № 1052, ГБОУ детский сад № 1052,1 052, Дошкольное образовательное учреждение, Детский сад, Бюджетное, Юго-Западное окружное управление образования," 117574, г.Москва, Новоясеневский проспект, дом 12, корпус 4",423-36-00, gou1052@mail.ru,POINT(37.5186321 55.61044219999999)
 Государственное бюджетное образовательное учреждение города Москвы детский сад № 1375, ГБОУ детский сад № 1375,1 375, Дошкольное образовательное учреждение, Детский сад, Бюджетное, Юго-Восточное окружное управление образования," 109559, г. Москва, ул. Белореченская, д. 9",(495) 358-01-75," oksana-geltuhina@rambler.ru; gou1375@yandex,ru",POINT(37.7695251 55.6733534)
 Государственное бюджетное образовательное учреждение города Москвы детский сад № 1260, ГБОУ детский сад № 1260,1 260, Дошкольное образовательное учреждение, Детский сад, Бюджетное, Юго-Западное окружное управление образования," 119296, г.Москва, ул. Молодежная, дом 3 А",930-62-30, dou1260@mosuzedu.ru,POINT(37.5454969 55.69255339999999)
 Государственное бюджетное образовательное учреждение города Москвы детский сад комбинированного вида № 1985, ГБОУ детский сад № 1985,1 985, Дошкольное образовательное учреждение, Детский сад комбинированного вида, Бюджетное, Северное окружное управление образования," 125319, г. Москва, ул. Академика Ильюшина, д. 16",(499) 152-08-62, Detsad.1985@mail.ru,POINT(37.5469593 55.8063481)
" Государственное бюджетное образовательное учреждение города Москвы детский сад комбинированного вида № 2594 ""Теремок"""," ГБОУ детский сад № 2594 ""Теремок""",2 594, Дошкольное образовательное учреждение, Детский сад комбинированного вида, Бюджетное, Городское подчинение: Управление дошкольного и общего образования," 141335, Московская область, Сергиево-Посадский район, село Шеметово, микрорайон Новый, д. 54",#Н/Д, teremok2594@mail.ru; teremok2594@yandex.ru,POINT(38.0855501 56.52209999999999)
 Государственное бюджетное образовательное учреждение города Москвы детский сад № 971, ГБОУ д/с № 971,971, Дошкольное образовательное учреждение, Детский сад, Бюджетное, Юго-Восточное окружное управление образования," 109263, Москва, ул.Артюхиной, 25, к.4",(499) 179-34-41, D-S-N-971@yandex.ru,POINT(37.740979 55.6953496)
 Государственное бюджетное образовательное учреждение города Москвы детский сад общеразвивающего вида с приоритетным осуществлением деятельности по художественно-эстетическому развитию детей № 1441, ГБОУ детский сад № 1441,1 441, Дошкольное образовательное учреждение, Детский сад общеразвивающего вида с приоритетным осуществлением деятельности по одному из направлений развития детей, Бюджетное, Южное окружное управление образования," 115372 г. Москва, ул. Бирюлевская, д.55, к.2",(495) 329-86-60, dou1441@sinergi.ru; dou1441@yandex.ru,POINT(37.6752918 55.58228030000001)
 Государственное бюджетное образовательное учреждение города Москвы детский сад № 863, ГБОУ детский сад № 863,863, Дошкольное образовательное учреждение, Детский сад, Бюджетное, Западное окружное управление образования," 119517, г.Москва, ул. Нежинская, д. 8",(495) 442-90-23, olsor@mail.ru; sad863@mail.ru,POINT(37.4688038 55.7093438)
 Государственное бюджетное образовательное учреждение города Москвы центр развития ребенка - детский сад № 2561, ГБОУ ЦРР-детский сад № 2561,2 561, Дошкольное образовательное учреждение, Центр развития ребенка – детский сад, Бюджетное, Западное окружное управление образования," 121609 г. Москва, ул. Крылатская, дом 45, корп.4",(499) 726-69-79, dc2561@mail.ru,POINT(37.396309 55.769572)
 Государственное бюджетное образовательное учреждение города Москвы детский сад № 2676, ГБОУ детский сад № 2676,2 676, Дошкольное образовательное учреждение, Детский сад, Бюджетное, Восточное окружное управление образования," 107065, г. Москва, ул. Алтайская, д. 13А",(499) 780-13-05, ds2676@yandex.ru,POINT(37.81790280000001 55.8213602)
 Государственное бюджетное образовательное учреждение города Москвы детский сад № 1463, ГБОУ детский сад № 1463,1 463, Дошкольное образовательное учреждение, Детский сад, Бюджетное, Западное окружное управление образования," 119330, г.Москва, ул. Мосфильмовская, д. 17 А",(499) 143-03-03, down1463@mail.ru,POINT(37.516212 55.715493)
 Государственное бюджетное образовательное учреждение города Москвы детский сад № 1684, ГБОУ Детский сад № 1684,1 684, Дошкольное образовательное учреждение, Детский сад, Бюджетное, Северо-Восточное окружное управление образования," 129281, город Москва, улица Изумрудная, дом 11, корпус 1",(499) 184-50-33, detcad1684@mail.ru,POINT(37.6815967 55.8721803)
 Государственное бюджетное образовательное учреждение города Москвы детский сад комбинированного вида № 1825, ГБОУ детский сад № 1825,1 825, Дошкольное образовательное учреждение, Детский сад комбинированного вида, Бюджетное, Центральное окружное управление образования," 115184 ул. Пятницкая, дом 54, стр.3",(495) 953-83-17, gou1825@mail.ru,POINT(37.62655910000001 55.7340385)
 Государственное бюджетное образовательное учреждение города Москвы детский сад общеразвивающего вида с приоритетным осуществлением деятельности по физическому развитию детей № 988, ГБОУ детский сад № 988,988, Дошкольное образовательное учреждение, Детский сад общеразвивающего вида с приоритетным осуществлением деятельности по одному из направлений развития детей, Бюджетное, Юго-Западное окружное управление образования," 117574, г.Москва, Вильнюсская улица, дом 3, корп. 2",(495)421-97-00, Knippel_nina@mail.ru,POINT(37.5256828 55.60586319999999)
 Государственное бюджетное образовательное учреждение города Москвы детский сад № 892, ГБОУ детский сад № 892,892, Дошкольное образовательное учреждение, Детский сад, Бюджетное, Западное окружное управление образования," 119526, г.Москва, Проспект Вернадского, д. 99, корп. 2",(495) 434-66-36, douds892@mail.ru; dc892@rambler.ru,POINT(37.491116 55.665475)
 Государственное бюджетное образовательное учреждение города Москвы детский сад № 250, ГБОУ детский сад № 250,250, Дошкольное образовательное учреждение, Детский сад, Бюджетное, Юго-Западное окружное управление образования," 117321, г. Москва, ул. Профсоюзная, дом 152Б",0, ds793@mail.ru,POINT(37.5020266 55.6236194)
 Государственное бюджетное образовательное учреждение города Москвы детский сад общеразвивающего вида № 868, ГБОУ детский сад № 868,868, Дошкольное образовательное учреждение, Детский сад общеразвивающего вида с приоритетным осуществлением деятельности по одному из направлений развития детей, Бюджетное, Восточное окружное управление образования," 111555, г. Москва,ул. Сталеваров, 8Б.",(495) 300-03-01,  sad868@yandex.ru,POINT(37.8379146 55.7654422)
 Государственное бюджетное образовательное учреждение города Москвы детский сад № 982, ГБОУ детский сад № 982,982, Дошкольное образовательное учреждение, Детский сад, Бюджетное, Юго-Западное окружное управление образования," 117209, г.Москва, Перекопская ул., дом 32",331-69-21, doukinder982@yandex.ru,POINT(37.5681681 55.6615176)
 Государственное бюджетное образовательное учреждение города Москвы детский сад комбинированного вида №733, ГБОУ детский сад № 733,733, Дошкольное образовательное учреждение, Детский сад комбинированного вида, Бюджетное, Северо-Западное окружное управление образования," 123181, г. Москва, ул. Исаковского, д. 22, корп. 2",(495) 750-85-57,  dou733@szouo.ru; dou-733@yandex.ru; dou733@mail.ru,POINT(37.4117981 55.8104843)
 Государственное бюджетное образовательное учреждение города Москвы детский сад присмотра и оздоровления № 1891, ГБОУ детский сад № 1891,1 891, Дошкольное образовательное учреждение, Детский сад присмотра и оздоровления, Бюджетное, Западное окружное управление образования," 121170, г.Москва, ул. Поклонная, д. 4",(499) 249-03-70, gou1891@gmail.com; gou1891@gmail.com; gou1891@gmail.com; gou1891@gmail.com,POINT(37.5327961 55.7371981)
 Государственное бюджетное образовательное учреждение города Москвы детский сад № 124, ГБОУ детский сад № 124,124, Дошкольное образовательное учреждение, Детский сад, Бюджетное, Северо-Восточное окружное управление образования," 129164, г.Москва, Ракетный бульвар, д.14",(495) 683-51-72, gouds124@mail.ru; dou124@yandex.ru,POINT(37.6539615 55.81751939999999)
 Государственное бюджетное образовательное учреждение города Москвы детский сад № 1202, ГБОУ детский сад № 1202,1 202, Дошкольное образовательное учреждение, Детский сад, Бюджетное, Южное окружное управление образования," 115580 г.Москва, ул.Мусы Джалиля, д.17, к.4",(495) 396-24-66, dou1202@sinergi.ru,POINT(37.746341 55.6248593)
 Государственное бюджетное образовательное учреждение города Москвы детский сад общеразвивающего вида № 882, ГБОУ детский сад № 882,882, Дошкольное образовательное учреждение, Детский сад общеразвивающего вида с приоритетным осуществлением деятельности по одному из направлений развития детей, Бюджетное, Восточное окружное управление образования," 107241 г.Москва, улица Амурская, дом 38",(495) 167-44-84, d.sad882@list.ru,POINT(37.7799682 55.8117661)
 Государственное бюджетное образовательное учреждение города Москвы детский сад № 2256, ГБОУ детский сад № 2256,2 256, Дошкольное образовательное учреждение, Детский сад, Бюджетное, Северо-Восточное окружное управление образования," 129085, город Москва, улица Бочкова, дом 5, корпус 1.",(495) 615-39-60, dou2256@yandex.ru,POINT(37.632803 55.810101)
 Государственное бюджетное образовательное учреждение города Москвы детский сад № 617, ГБОУ детский сад № 617,617, Дошкольное образовательное учреждение, Детский сад, Бюджетное, Восточное окружное управление образования," 105264, Москва, ул.Верхняя Первомайская. д.28",(495) 965-02-29, dets-617@yandex.ru,POINT(37.7950822 55.7988149)
 Государственное бюджетное образовательное учреждение города Москвы детский сад № 339, ГБОУ детский сад № 339,339, Дошкольное образовательное учреждение, Детский сад, Бюджетное, Юго-Восточное окружное управление образования," 109457, город Москва, улица Зеленодольская, дом 13, корпус 3",(499) 175-83-55, ds339@mail.ru; dsuv.339.mskobr.ru,POINT(37.7768583 55.7099519)
 Государственное бюджетное образовательное учреждение города Москвы детский сад № 27, ГБОУ детский сад № 27, 27, Дошкольное образовательное учреждение, Детский сад, Бюджетное, Северное окружное управление образования," 125493, г. Москва, улица Авангардная, дом 4А",(495) 452-54-71, gou-ds-2@mail.ru,POINT(37.493241 55.843471)
" Муниципальное автономное дошкольное образовательное учреждение Центр развития ребенка Детский сад №7 ""Сказка"""," МАДОУ Детский сад №7 ""Сказка""", 7, Дошкольное образовательное учреждение, Центр развития ребенка – детский сад, Автономное, Троицкое и новомосковское окружное управление образования," 142191, Москва Город, Троицк Город, В Микрорайон, 23",#Н/Д, madou7.skazka@yandex.ru,POINT(37.3032108 55.4903205)
 Государственное бюджетное образовательное учреждение города Москвы детский сад № 1021, ГБОУ детский сад № 1021,1 021, Дошкольное образовательное учреждение, Детский сад, Бюджетное, Центральное окружное управление образования," 129272 г.Москва, ул.Трифоновская ,д.45 А, стр.1",(495) 684-14-15, sad1021@yandex.ru,POINT(37.626245 55.78927299999999)
 Государственное бюджетное образовательное учреждение города Москвы детский сад компенсирующего вида № 2028, ГБОУ детский сад № 2028,2 028, Дошкольное образовательное учреждение, Детский сад компенсирующего вида, Бюджетное, Южное окружное управление образования," 117208 г. Москва, Сумской пр. 7а",(495) 311-00-54, dou2028@sinergi.ru,POINT(37.6059386 55.633588)
 Государственное бюджетное образовательное учреждение города Москвы детский сад общеразвивающего вида № 95, ГБОУ детский сад № 95, 95, Дошкольное образовательное учреждение, Детский сад общеразвивающего вида с приоритетным осуществлением деятельности по одному из направлений развития детей, Бюджетное, Северо-Восточное окружное управление образования," 129594, г.Москва, 2-ая улица Марьиной Рощи, дом 20, корпус 1",(495) 631-03-21, dou63@yandex.ru,POINT(37.620256 55.798908)
 Государственное бюджетное образовательное учреждение города Москвы детский сад № 2611, ГБОУ детский сад № 2611,2 611, Дошкольное образовательное учреждение, Детский сад, Бюджетное, Юго-Восточное окружное управление образования," 111674, Москва, ул. 1-ая Вольская, дом 12, корпус 2",(495) 706-82-04, detskiisad2611@yandex.ru,POINT(37.92015 55.682505)
 Государственное бюджетное образовательное учреждение города Москвы детский сад комбинированного вида № 1335, ГБОУ детский сад №1335,1 335, Дошкольное образовательное учреждение, Детский сад комбинированного вида, Бюджетное, Юго-Западное окружное управление образования," 117296, г.Москва, Ломоносовский проспект, дом 6, корпус 1",8-499-134-43-58, dou1335@ou.mosuzedu.ru; dskv-1335@yandex.ru,POINT(37.5489323 55.6877538)
 Государственное бюджетное образовательное учреждение города Москвы центр развития ребенка - детский сад № 1456, ГБОУ ЦРР - детский сад № 1456,1 456, Дошкольное образовательное учреждение, Центр развития ребенка – детский сад, Бюджетное, Юго-Западное окружное управление образования," 117463, г.Москва, проезд Карамзина, д.1, корп.2",(495) 423-19-00, ds_1456@mail.ru,POINT(37.5361771 55.5941975)
 Государственное бюджетное образовательное учреждение города Москвы детский сад № 1017, ГБОУ детский сад № 1017,1 017, Дошкольное образовательное учреждение, Детский сад, Бюджетное, Северо-Восточное окружное управление образования," 129626, г.Москва, улица Павла Корчагина, дом 12",(495) 682-03-94, detsad1017@yandex.ru,POINT(37.6602378 55.815731)
 Государственное бюджетное образовательное учреждение города Москвы детский сад компенсирующего вида № 1226, ГБОУ детский сад № 1226,1 226, Дошкольное образовательное учреждение, Детский сад компенсирующего вида, Бюджетное, Зеленоградское окружное управление образования," 124536, г. Москва, Зеленоград, корп. 517",(499) 734-51-59, d1226@zou.ru,POINT(37.1829061 55.9780311)
 Государственное бюджетное образовательное учреждение города Москвы детский сад № 1646, ГБОУ детский сад № 1646,1 646, Дошкольное образовательное учреждение, Детский сад, Бюджетное, Северо-Восточное окружное управление образования," 127543 г. Москва, ул. Белозерская, д. 8",(499) 902-90-01, nsds1646@yandex.ru,POINT(37.611036 55.8978201)
" Муниципальное автономное дошкольное образовательное учреждение Центр развития ребенка Детский сад №1 ""Успех"""," МАДОУ Детский сад №1 ""Успех""", 1, Дошкольное образовательное учреждение, Центр развития ребенка – детский сад, Автономное, Троицкое и новомосковское окружное управление образования," 142191, Москва Город, Троицк Город, Октябрьская Б. Улица, 4",#Н/Д, madou1.troitsk@yandex.ru,POINT(37.2979874 55.4926014)
 Государственное бюджетное образовательное учреждение города Москвы центр развития ребенка - детский сад № 1844, ГБОУ ЦРР-детский сад № 1844,1 844, Дошкольное образовательное учреждение, Центр развития ребенка – детский сад, Бюджетное, Западное окружное управление образования," 119634 г.Москва, ул. Шолохова, д. 9, корпус 2",(495) 732-30-00, crr-ds1844@rambler.ru,POINT(37.3453496 55.6381465)
 Государственное бюджетное образовательное учреждение города Москвы детский сад № 2139, ГБОУ детский сад № 2139,2 139, Дошкольное образовательное учреждение, Детский сад, Бюджетное, Северо-Восточное окружное управление образования," 129075 город Москва, улица 2-ая Новоостанкинская, дом 10А",(495) 616-80-10, gou-ds-2139@yandex.ru,POINT(37.6258859 55.8155799)
 Государственное бюджетное образовательное учреждение города Москвы детский сад № 2692, ГБОУ детский сад №2692,2 692, Дошкольное образовательное учреждение, Детский сад, Бюджетное, Юго-Западное окружное управление образования," 117041, г. Москва, ул. Академика Семенова, дом 85",(499) 793-70-10, dou2692@ou.mosuzedu.ru; t-v-nik@mail.ru,POINT(37.4867296 55.53863020000001)
 Государственное бюджетное образовательное учреждение города Москвы детский сад № 934, ГБОУ детский сад № 934,934, Дошкольное образовательное учреждение, Детский сад, Бюджетное, Юго-Восточное окружное управление образования," 109457, г. Москва, ул. Окская дом 30. корпус 5",(499) 172-09-05, dou934@mail.ru,POINT(37.76864 55.713247)
 Государственное бюджетное образовательное учреждение города Москвы детский сад № 2378, ГБОУ детский сад № 2378,2 378, Дошкольное образовательное учреждение, Детский сад, Бюджетное, Южное окружное управление образования," 115211, г.Москва, ул. Борисовские пруды д.6, корп.3",(095) 341-41-11, dou2378@sinergi.ru,POINT(37.7359819 55.6327648)
 Государственное бюджетное образовательное учреждение города Москвы детский сад компенсирующего вида № 1288, ГБОУ детский сад № 1288,1 288, Дошкольное образовательное учреждение, Детский сад компенсирующего вида, Бюджетное, Юго-Восточное окружное управление образования," 109651, г. Москва, ул. Донецкая, 31",(499) 356-30-10, Detsad1288@mail.ru,POINT(37.7125081 55.6450133)
 Государственное бюджетное образовательное учреждение города Москвы детский сад № 746, ГБОУ детский сад № 746,746, Дошкольное образовательное учреждение, Детский сад, Бюджетное, Восточное окружное управление образования," 105043, г.Москва, Измайловский бульвар, дом 20А",(499) 367-56-63, sadik1755@yandex.ru,POINT(37.7923369 55.7958483)
 Государственное бюджетное образовательное учреждение города Москвы детский сад компенсирующего вида № 1907, ГБОУ детский сад № 1907,1 907, Дошкольное образовательное учреждение, Детский сад компенсирующего вида, Бюджетное, Восточное окружное управление образования," 111395, г. Москва, ул. Молдагуловой, д.16-А",(499) 374-32-20, detki1907zabava1@rambler.ru,POINT(37.8173924 55.7216659)
 Государственное бюджетное образовательное учреждение города Москвы детский сад № 1945, ГБОУ детский сад № 1945,1 945, Дошкольное образовательное учреждение, Детский сад, Бюджетное, Юго-Восточное окружное управление образования," 111116, Москва, Красноказарменная ул., д.19",(495) 362-48-02, gou1945@gmail.com,POINT(37.7100171 55.7541326)
 Государственное бюджетное образовательное учреждение города Москвы детский сад общеразвивающего вида № 2375, ГБОУ детский сад № 2375,2 375, Дошкольное образовательное учреждение, Детский сад общеразвивающего вида с приоритетным осуществлением деятельности по одному из направлений развития детей, Бюджетное, Южное окружное управление образования," 115561 г. Москва, Шипиловский пр., д.69, к.2",(495) 391-74-00, dou2375@sinergi.ru,POINT(37.717224 55.59772299999999)
 Государственное бюджетное образовательное учреждение города Москвы детский сад комбинированного вида № 973, ГБОУ детский сад № 973,973, Дошкольное образовательное учреждение, Детский сад комбинированного вида, Бюджетное, Южное окружное управление образования," 117535 г. Москва, Дорожный 3-й пр-д, д.9а",(495) 381-70-29, dou973@sinergi.ru,POINT(37.62116109999999 55.5986622)
 Государственное бюджетное образовательное учреждение города Москвы детский сад № 367, ГБОУ детский сад № 367,367, Дошкольное образовательное учреждение, Детский сад, Бюджетное, Восточное окружное управление образования," 107564, г.Москва, ул.Миллионная, дом 12А",(499) 169-42-90, million367@mail.ru,POINT(37.7005465 55.8154699)
 Государственное бюджетное образовательное учреждение города Москвы детский сад комбинированного вида № 2469, ГБОУ детский сад № 2469,2 469, Дошкольное образовательное учреждение, Детский сад комбинированного вида, Бюджетное, Южное окружное управление образования," 117452 г. Москва, Симферопольский б-р, д.29, к.4",(499) 619-26-81, dou2469@sinergi.ru,POINT(37.6076672 55.6470326)
 Государственное бюджетное образовательное учреждение города Москвы детский сад компенсирующего вида № 1189, ГБОУ детский сад № 1189,1 189, Дошкольное образовательное учреждение, Детский сад компенсирующего вида, Бюджетное, Центральное окружное управление образования," 129272 г. Москва, Трифоновская ул., д.31а",(495) 689-54-20, det.sad-1189@yandex.ru,POINT(37.6192914 55.7894289)
 Государственное бюджетное образовательное учреждение города Москвы детский сад №144, ГБОУ детский сад №144,144, Дошкольное образовательное учреждение, Детский сад, Бюджетное, Восточное окружное управление образования," 107207,г. Москва, Алтайская ул., д.6А",(495) 466-63-22, sad.144@yandex.ru; nadezhda-zinina@yandex.ru,POINT(37.805911 55.818796)
 Государственное бюджетное образовательное учреждение города Москвы детский сад № 1045, ГБОУ детский сад № 1045,1 045, Дошкольное образовательное учреждение, Детский сад, Бюджетное, Северо-Восточное окружное управление образования," 127543, город Москва, улица Корнейчука, дом 50а",(499) 205-87-01, detsad_1045@mail.ru,POINT(37.627916 55.8953539)
 Государственное бюджетное образовательное учреждение города Москвы центр развития ребенка - детский сад № 2667, ГБОУ ЦРР - детский сад № 2667,2 667, Дошкольное образовательное учреждение, Центр развития ребенка – детский сад, Бюджетное, Северное окружное управление образования," 125412, г. Москва, улица Ангарская, дом 45А",(495) 483-28-75, ds2667@yandex.ru,POINT(37.5255674 55.8825145)
" Муниципальное автономное дошкольное образовательное учреждение Центр развития ребенка Детский сад №3 ""Светлячок"""," МАДОУ Детский сад №3 ""Светлячок""", 3, Дошкольное образовательное учреждение, Центр развития ребенка – детский сад, Автономное, Троицкое и новомосковское окружное управление образования," 142190, Москва Город, Троицк Город, Сиреневый Бульвар, 9",#Н/Д, troitskdou3@yandex/ru,POINT(37.2945751 55.4696972)
 Государственное бюджетное образовательное учреждение города Москвы центр развития ребенка- детский сад № 743, ГБОУ ЦРР - детский сад № 743,743, Дошкольное образовательное учреждение, Центр развития ребенка – детский сад, Бюджетное, Южное окружное управление образования," 115580 г. Москва, ул. Мусы Джалиля, 9, корп.4",(495) 395-17-22, dou1745@sinergi.ru,POINT(37.7477944 55.62761820000001)
 Государственное бюджетное образовательное учреждение города Москвы детский сад компенсирующего вида № 1505, ГБОУ детский сад №1505,1 505, Дошкольное образовательное учреждение, Детский сад компенсирующего вида, Бюджетное, Юго-Западное окружное управление образования," 117393, г.Москва, ул. Гарибальди, дом № 10, корп. 5",132-01-00, gou_1505@mail.ru,POINT(37.539577 55.674885)
 Государственное бюджетное образовательное учреждение города Москвы детский сад комбинированного вида № 1388, ГБОУ детский сад № 1388,1 388, Дошкольное образовательное учреждение, Детский сад комбинированного вида, Бюджетное, Юго-Западное окружное управление образования," 117292, г.Москва, ул. Ивана Бабушкина, дом 24А",(495) 719-04-40, aver-1388@yandex.ru,POINT(37.557828 55.682516)
 Государственное бюджетное образовательное учреждение города Москвы детский сад № 2186, ГБОУ детский сад № 2186,2 186, Дошкольное образовательное учреждение, Детский сад, Бюджетное, Юго-Западное окружное управление образования," 119313, г.Москва, Ленинский проспект, дом 86 А",8 (499) 138-18-08, gou2186@mosuzedu.ru,POINT(37.5263223 55.6775701)
 Государственное бюджетное образовательное учреждение города Москвы детский сад № 668, ГБОУ детский сад № 668,668, Дошкольное образовательное учреждение, Детский сад, Бюджетное, Южное окружное управление образования," 117519 г. Москва, Кировоградская ул., д.6 А, кор.1",(495) 311-84-72, dou668@sinergi.ru,POINT(37.6105041 55.629648)
 Государственное бюджетное образовательное учреждение города Москвы детский сад общеразвивающего вида № 1960, ГБОУ детский сад № 1960,1 960, Дошкольное образовательное учреждение, Детский сад общеразвивающего вида с приоритетным осуществлением деятельности по одному из направлений развития детей, Бюджетное, Северо-Восточное окружное управление образования," 129337, город Москва, улица Палехская, дом 4",(499) 183-35-79, goumet1960@mail.ru; gou1960@mail.ru,POINT(37.6944643 55.8635155)
 Государственное бюджетное образовательное учреждение города Москвы детский сад № 1216, ГБОУ детский сад № 1216,1 216, Дошкольное образовательное учреждение, Детский сад, Бюджетное, Восточное окружное управление образования," 111401, г. Москва ул.1 Владимировская д.15а",(495) 304-27-60, 1216dc@mail.ru,POINT(37.7772177 55.7585668)
 Государственное бюджетное образовательное учреждение города Москвы детский сад компенсирующего вида № 418, ГБОУ детский сад № 418,418, Дошкольное образовательное учреждение, Детский сад компенсирующего вида, Бюджетное, Северное окружное управление образования," 123308, г. Москва, улица Куусинена, дом 7",(499) 943-07-86, sadik1158@mail.ru,POINT(37.515482 55.779753)
 Государственное бюджетное образовательное учреждение города Москвы детский сад № 1159, ГБОУ детский сад № 1159,1 159, Дошкольное образовательное учреждение, Детский сад, Бюджетное, Северо-Восточное окружное управление образования," 129626, город Москва, улица Староалексеевская, дом 12",(495) 687-51-17, dou1159@yandex.ru,POINT(37.6404595 55.8089589)
 Государственное бюджетное образовательное учреждение города Москвы детский сад общеразвивающего вида № 923, ГБОУ детский сад № 923,923, Дошкольное образовательное учреждение, Детский сад общеразвивающего вида с приоритетным осуществлением деятельности по одному из направлений развития детей, Бюджетное, Юго-Восточное окружное управление образования," 109548, Москва, ул. Гурьянова, д. 3 А",(495) 353-33-38, Sad923@yandex.ru,POINT(37.7249731 55.6920553)
" Государственное бюджетное образовательное учреждение города Москвы центр развития ребенка – детский сад № 2534 ""Золотой ключик"""," ГБОУ ЦРР - детский сад № 2534 ""Золотой ключик""",2 534, Дошкольное образовательное учреждение, Центр развития ребенка – детский сад, Бюджетное, Северо-Западное окружное управление образования," 125368, г. Москва, ул. Барышиха, д. 20, к.1",(495) 794-71-20,  dou2534@szouo.ru,POINT(37.35249659999999 55.8442807)
 Государственное бюджетное образовательное учреждение города Москвы детский сад № 2240, ГБОУ детский сад № 2240,2 240, Дошкольное образовательное учреждение, Детский сад, Бюджетное, Южное окружное управление образования," 117525, г. Москва, ул.Днепропетровская, д.5 А",(495) 315-01-03, dou2240@sinergi.ru,POINT(37.6007818 55.6193512)
 Государственное бюджетное образовательное учреждение города Москвы детский сад компенсирующего вида № 1913, ГБОУ детский сад № 1913,1 913, Дошкольное образовательное учреждение, Детский сад компенсирующего вида, Бюджетное, Юго-Восточное окружное управление образования," 109457, г.Москва, ул.Жигулевская, д.3, корп.2",(499) 172-28-19, detsad1913@mail.ru,POINT(37.764181 55.71197100000001)
 Государственное бюджетное образовательное учреждение города Москвы детский сад комбинированного вида № 1362, ГБОУ детский сад № 1362,1 362, Дошкольное образовательное учреждение, Детский сад комбинированного вида, Бюджетное, Северное окружное управление образования," 125599, г. Москва, улица Бусиновская горка, дом 3",(495) 486-26-06, detsad1362@yandex.ru; ds.1362@yandex.ru; ninalawrowa@yandex.ru,POINT(37.4947433 55.8814629)
 Государственное бюджетное образовательное учреждение города Москвы детский сад № 2146, ГБОУ детский сад № 2146,2 146, Дошкольное образовательное учреждение, Детский сад, Бюджетное, Северо-Восточное окружное управление образования," 127427, г.Москва, ул.Академика Королева, дом 30А",(495) 618-13-14, dou.2146@yandex.ru,POINT(37.5967048 55.823459)
 Государственное бюджетное образовательное учреждение города Москвы детский сад комбинированного вида № 727, ГБОУ детский сад № 727,727, Дошкольное образовательное учреждение, Детский сад комбинированного вида, Бюджетное, Юго-Западное окружное управление образования," 117279, Москва, ул. Профсоюзная, д. 93 ""В""",(495)420-83-11, detsad727@rambler.ru,POINT(37.5276072 55.63841439999999)
" Государственное бюджетное образовательное учреждение города Москвы детский сад присмотра и оздоровления № 754 ""Солнышко"""," ГБОУ детский сад № 754 ""Солнышко""",754, Дошкольное образовательное учреждение, Детский сад присмотра и оздоровления, Бюджетное, Западное окружное управление образования, 121433 г.Москва ул.Малая Филевская д.52,(499) 146-25-11, sun754@mail.ru,POINT(37.4515844 55.73347099999999)
 Государственное бюджетное образовательное учреждение города Москвы детский сад общеразвивающего вида № 1641, ГБОУ детский сад № 1641,1 641, Дошкольное образовательное учреждение, Детский сад общеразвивающего вида с приоритетным осуществлением деятельности по одному из направлений развития детей, Бюджетное, Западное окружное управление образования," 121614, г.Москва, ул. Крылатские холмы, д. 30, корп. 6",(495) 413-37-05, kindergaten-1641@yandex.ru,POINT(37.412453 55.767829)
 Государственное бюджетное образовательное учреждение города Москвы детский сад № 50, ГБОУ детский сад № 50, 50, Дошкольное образовательное учреждение, Детский сад, Бюджетное, Западное окружное управление образования," 119618 50 лет Октября улица, д. 19 А",(495) 439-31-17, ds_50@mail.ru,POINT(37.4132491 55.6536765)
 Муниципальное бюджетное дошкольное образовательное учреждение городского округа Щербинка в городе Москве детский сад комбинированного вида № 1 «Березка», МБДОУ детский сад комбинированного вида № 1 «Березка», 1, Дошкольное образовательное учреждение, Детский сад комбинированного вида, Бюджетное, Троицкое и новомосковское окружное управление образования," 142171, Москва Город, Щербинка Город, Спортивная Улица, 5А",#Н/Д, sadberezka1.jimdo.com,POINT(37.566116 55.5021941)
 Государственное бюджетное образовательное учреждение города Москвы детский сад № 2538, ГБОУ детский сад № 2538,2 538, Дошкольное образовательное учреждение, Детский сад, Бюджетное, Восточное окружное управление образования," 1111621, г.Москва, ул. Медведева, дом 14",(499) 721-55-58, DSN2538@yandex.ru,POINT(37.8944957 55.71814639999999)
 Государственное бюджетное образовательное учреждение города Москвы детский сад общеразвивающего вида №2410, ГБОУ Детский сад № 2410,2 410, Дошкольное образовательное учреждение, Детский сад общеразвивающего вида с приоритетным осуществлением деятельности по одному из направлений развития детей, Бюджетное, Северное окружное управление образования," 125130, г. Москва, улица Зои и Александра Космодемьянских, дом 13",(499) 159-94-55, dc-2410@yandex.ru,POINT(37.5133308 55.8227615)
 Государственное бюджетное образовательное учреждение города Москвы детский сад комбинированного вида № 28, ГБОУ детский сад № 28, 28, Дошкольное образовательное учреждение, Детский сад комбинированного вида, Бюджетное, Западное окружное управление образования," 119618 город Москва, ул. 50 лет Октября, дом 25, корп.1",(495) 435-87-52, dskv3@rambler.ru,POINT(37.4117579 55.65629089999999)
 Государственное бюджетное образовательное учреждение города Москвы детский сад компенсирующего вида № 557, ГБОУ детский сад № 557,557, Дошкольное образовательное учреждение, Детский сад компенсирующего вида, Бюджетное, Юго-Западное окружное управление образования," 117209, г. Москва, Перекопская улица, дом 7, корпус 2",(499)122-91-71, gouds557@mosuzedu.ru,POINT(37.5804246 55.6586227)
 Государственное бюджетное образовательное учреждение города Москвы детский сад № 2414, ГБОУ детский сад № 2414,2 414, Дошкольное образовательное учреждение, Детский сад, Бюджетное, Юго-Западное окружное управление образования," 117042, г. Москва, улица Южнобутовская, дом 29, корпус 2",0716-10-01, gou2414@ou.mosuzedu.ru,POINT(37.5391322 55.5387958)
 Государственное бюджетное образовательное учреждение города Москвы детский сад №996, ГБОУ детский сад №996,996, Дошкольное образовательное учреждение, Детский сад, Бюджетное, Западное окружное управление образования," г. Москва, Мичуринский проспект, квартал 5-6, д. 24",#Н/Д, —,POINT(37.6150527 55.7568721)
 Государственное бюджетное образовательное учреждение города Москвы детский сад № 167, ГБОУ детский сад № 167,167, Дошкольное образовательное учреждение, Детский сад, Бюджетное, Западное окружное управление образования," 119415 г.Москва, ул. Лобачевского, д. 30",(499) 431-11-92, dou167-70@mail.ru,POINT(37.5056205 55.6689746)
 Государственное бюджетное образовательное учреждение города Москвы детский сад № 77, ГБОУ детский сад № 77, 77, Дошкольное образовательное учреждение, Детский сад, Бюджетное, Юго-Восточное окружное управление образования," 115088, г. Москва, Дубровский проезд, дом 7",(495) 674-55-92, gouds77@mail.ru,POINT(37.6655275 55.72371099999999)
 Государственное бюджетное образовательное учреждение города Москвы детский сад № 314, ГБОУ детский сад № 314,314, Дошкольное образовательное учреждение, Детский сад, Бюджетное, Юго-Западное окружное управление образования," 117303, г.Москва, ул. Каховка дом 7, корпус 3",318-39-21, gou314@mosuzedu.ru,POINT(37.5902074 55.6489068)
 Государственное бюджетное образовательное учреждение города Москвы центр развития ребенка - детский сад № 1327, ГБОУ ЦРР-детский сад № 1327,1 327, Дошкольное образовательное учреждение, Центр развития ребенка – детский сад, Бюджетное, Северо-Восточное окружное управление образования," 127566, город Москва, Алтуфьевское шоссе, дом 40, корпус 1",(499) 201-26-54, detsad1327@mail.ru,POINT(37.5873134 55.87287629999999)
 Государственное бюджетное образовательное учреждение города Москвы детский сад № 1083, ГБОУ детский сад № 1083,1 083, Дошкольное образовательное учреждение, Детский сад, Бюджетное, Юго-Восточное окружное управление образования," 111020, г.Москва, ул. Сторожевая, д. 30а",(495) 360-67-40, gjkzr1083@mail.ru; dc1083@mail.ru,POINT(37.7148563 55.7638952)
 Государственное бюджетное образовательное учреждение города Москвы детский сад общеразвивающего вида № 2313, ГБОУ детский сад № 2313,2 313, Дошкольное образовательное учреждение, Детский сад общеразвивающего вида с приоритетным осуществлением деятельности по одному из направлений развития детей, Бюджетное, Юго-Восточное окружное управление образования," 109652, г. Москва Мячковский б-р, д. 16, корп. 2",(495) 345-90-91, det-2313@yandex.ru,POINT(37.756535 55.6513465)
 Государственное бюджетное образовательное учреждение города Москвы детский сад общеразвивающего вида № 1614, ГБОУ детский сад № 1614,1 614, Дошкольное образовательное учреждение, Детский сад общеразвивающего вида с приоритетным осуществлением деятельности по одному из направлений развития детей, Бюджетное, Юго-Восточное окружное управление образования," 109382, г. Москва Краснодонская ул., д. 44",(495) 351-92-94, Sad1614@yandex.ru,POINT(37.7456223 55.6676407)
 Государственное бюджетное образовательное учреждение города Москвы детский сад № 2254, ГБОУ детский сад № 2254,2 254, Дошкольное образовательное учреждение, Детский сад, Бюджетное, Северо-Восточное окружное управление образования," 129344, город Москва, улица Верхоянская, дом 14",(499) 180-32-16, dousv2254@yandex.ru,POINT(37.6647782 55.85801919999999)
 Государственное бюджетное образовательное учреждение города Москвы детский сад № 694, ГБОУ детский сад № 694,694, Дошкольное образовательное учреждение, Детский сад, Бюджетное, Юго-Восточное окружное управление образования," 109388, г. Москва, ул. Шоссейная, дом 31, корп. 1",(495) 353-69-54, GOU-694@mail.ru,POINT(37.724891 55.681058)
 Государственное бюджетное образовательное учреждение города Москвы детский сад № 2247, ГБОУ детский сад № 2247,2 247, Дошкольное образовательное учреждение, Детский сад, Бюджетное, Северное окружное управление образования," 127540, г. Москва, улица Дубнинская, дом 12 А",(499) 481-55-92, detsad2247@mail.ru,POINT(37.5666438 55.8641417)
 Государственное бюджетное образовательное учреждение города Москвы детский сад присмотра и оздоровления № 410, ГБОУ детский сад № 410,410, Дошкольное образовательное учреждение, Детский сад присмотра и оздоровления, Бюджетное, Юго-Восточное окружное управление образования," 109462, г. Москва, ул. Маршала Чуйкова, д. 9, корп. 5",(499) 179-85-40,  ds.radost.410@yandex.ru,POINT(37.7620631 55.6962912)
 Государственное бюджетное образовательное учреждение города Москвы детский сад комбинированного вида № 1565, ГБОУ детский сад № 1565,1 565, Дошкольное образовательное учреждение, Детский сад комбинированного вида, Бюджетное, Западное окружное управление образования," 119607 г. Москва, ул. Раменки, д.13, корп.2",(495) 931-04-12, gou1565@yandex.ru,POINT(37.497609 55.690589)
 Государственное бюджетное образовательное учреждение города Москвы детский сад компенсирующего вида № 2204, ГБОУ детский сад № 2204,2 204, Дошкольное образовательное учреждение, Детский сад компенсирующего вида, Бюджетное, Центральное окружное управление образования," 119049 г. Москва, ул. Шаболовка, д. 19 а",(499) 236-34-37, tarasova4999@yandex.ru,POINT(37.6123117 55.7234402)
 Государственное бюджетное образовательное учреждение города Москвы детский сад комбинированного вида № 216, ГБОУ детский сад № 216,216, Дошкольное образовательное учреждение, Детский сад комбинированного вида, Бюджетное, Западное окружное управление образования," 119415 г.Москва, Ленинский проспект, д. 118",(499) 432-46-22, gou216@yandex.u,POINT(37.5101417 55.6684698)
 Государственное бюджетное образовательное учреждение города Москвы детский сад № 1181, ГБОУ детский сад № 1181,1 181, Дошкольное образовательное учреждение, Детский сад, Бюджетное, Юго-Западное окружное управление образования," 117463, г.Москва, улица Голубинская, дом 24, корпус 2",8 (495) 425-03-16, gou1181@mail.ru,POINT(37.53776800000001 55.594815)
 Государственное бюджетное образовательное учреждение города Москвы детский сад № 2710, ГБОУ детский сад № 2710,2 710, Дошкольное образовательное учреждение, Детский сад, Бюджетное, Северо-Восточное окружное управление образования," 127576, г.Москва, Алтуфьевское шоссе, д.87 ,корп.4",(499) 209-30-74, dou2710@yandex.ru,POINT(37.5842924 55.89255799999999)
 Государственное бюджетное образовательное учреждение города Москвы детский сад комбинированного вида № 381, ГБОУ детский сад № 381,381, Дошкольное образовательное учреждение, Детский сад комбинированного вида, Бюджетное, Восточное окружное управление образования," 107258, г.Москва, ул. 3-я Гражданская, д.64 А",(495) 963-33-27, sadik-381@mail.ru,POINT(37.7112194 55.8081021)
 Государственное бюджетное образовательное учреждение города Москвы детский сад компенсирующего вида № 47, ГБОУ детский сад № 47, 47, Дошкольное образовательное учреждение, Детский сад компенсирующего вида, Бюджетное, Восточное окружное управление образования," 111555, г.Москва, Свободный проспект, д.9А",(495) 300-62-51, korekciadou47@mail.ru,POINT(37.8242175 55.764067)
 Государственное бюджетное образовательное учреждение города Москвы детский сад № 535, ГБОУ детский сад № 535,535, Дошкольное образовательное учреждение, Детский сад, Бюджетное, Восточное окружное управление образования," 107150, г .Москва, Бойцовая улица, д.18А",(499) 160-12-13, sadik535@mail.ru,POINT(37.7243992 55.8141763)
 Государственное бюджетное образовательное учреждение города Москвы детский сад комбинированного вида № 1068, ГБОУ детский сад № 1068,1 068, Дошкольное образовательное учреждение, Детский сад комбинированного вида, Бюджетное, Юго-Западное окружное управление образования," 117418, г.Москва, улица Цюрупы, дом 11, корпус 2",331-67-11, dou1068@mosuzedu.ru,POINT(37.5721655 55.6664897)
 Государственное бюджетное образовательное учреждение города Москвы детский сад № 532, ГБОУ детский сад № 532,532, Дошкольное образовательное учреждение, Детский сад, Бюджетное, Южное окружное управление образования," 115470 г. Москва ул. Новинки, 11",(499) 615-64-23, dou532@sinergi.ru,POINT(37.6712133 55.6768797)
 Государственное бюджетное образовательное учреждение города Москвы детский сад № 2477, ГБОУ детский сад № 2477,2 477, Дошкольное образовательное учреждение, Детский сад, Бюджетное, Юго-Западное окружное управление образования," 117513, г. Москва, улица Академика Бакулева, дом 8, корпус 1",(495)438-28-11, dou2477@ou.mosuzedu.ru; GOU2477@mail.ru,POINT(37.486713 55.642306)
 Государственное бюджетное образовательное учреждение города Москвы детский сад компенсирующего вида № 72, ГБОУ детский сад № 72, 72, Дошкольное образовательное учреждение, Детский сад компенсирующего вида, Бюджетное, Западное окружное управление образования," 121108 г.Москва, ул. Кастанаевская, д. 25, стр. 2",(499) 144-65-63, dou72@inbox.ru,POINT(37.4831279 55.735985)
 Государственное бюджетное образовательное учреждение города Москвы детский сад комбинированного вида № 602, ГБОУ детский сад № 602,602, Дошкольное образовательное учреждение, Детский сад комбинированного вида, Бюджетное, Юго-Западное окружное управление образования," 117209, Москва, ул. Перекопская, д. 7, к. 1",(499) 122-91-70, gou602@inbox.ru,POINT(37.5816306 55.6586025)
 Государственное бюджетное образовательное учреждение города Москвы детский сад № 2677, ГБОУ детский сад № 2677,2 677, Дошкольное образовательное учреждение, Детский сад, Бюджетное, Восточное окружное управление образования," 105037, Москва, ул. Первомайская, д.17 А",(499) 165-41-36, park2677@mail.ru,POINT(37.778218 55.792948)
 Государственное бюджетное образовательное учреждение города Москвы детский сад компенсирующего вида № 2399, ГБОУ детский сад № 2399,2 399, Дошкольное образовательное учреждение, Детский сад компенсирующего вида, Бюджетное, Северо-Восточное окружное управление образования," 127521, город Москва, улица Шереметьевская, дом 27, корпус 1",(495) 619-53-71, dousv-2399@yandex.ru,POINT(37.6154988 55.8032738)
 Государственное бюджетное образовательное учреждение города Москвы детский сад № 1900, ГБОУ детский сад № 1900,1 900, Дошкольное образовательное учреждение, Детский сад, Бюджетное, Восточное окружное управление образования," 111399, город Москва, Федеративный проспект, д. 5 А",(495) 305-42-35, DOU1900@yandex.ru,POINT(37.7997758 55.75800410000001)
 Государственное бюджетное образовательное учреждение города Москвы детский сад № 629, ГБОУ детский сад № 629,629, Дошкольное образовательное учреждение, Детский сад, Бюджетное, Юго-Западное окружное управление образования," 119421, г.Москва, ул. Обручева, д.26А",(495) 936-62-75, sad629@mail.ru,POINT(37.515189 55.657396)
 Государственное бюджетное образовательное учреждение города Москвы детский сад № 2150, ГБОУ детский сад № 2150,2 150, Дошкольное образовательное учреждение, Детский сад, Автономное, Северо-Восточное окружное управление образования," 127081 г.Москва, ул. Ясный проезд, д.30",(499) 477-10-88, detsad2150@mail.ru,POINT(37.6217641 55.8773734)
 Государственное бюджетное образовательное учреждение города Москвы детский сад № 178, ГБОУ детский сад № 178,178, Дошкольное образовательное учреждение, Детский сад, Бюджетное, Западное окружное управление образования," 119361, г.Москва, ул. Большая Очаковская, д. 39, корп. 1",(499) 792-29-81, dou413@MAIL.RU,POINT(37.448789 55.67659)
 Государственное бюджетное образовательное учреждение города Москвы детский сад № 2151, ГБОУ детский сад № 2151,2 151, Дошкольное образовательное учреждение, Детский сад, Бюджетное, Северо-Восточное окружное управление образования," 127254, город Москва, Огородный проезд, дом 19Б",(495) 618-13-76, ds1262@mail.ru; DETcad2151@yandex.ru,POINT(37.596493 55.815176)
 Государственное бюджетное образовательное учреждение города Москвы детский сад комбинированного вида № 1430, ГБОУ детский сад № 1430,1 430, Дошкольное образовательное учреждение, Детский сад комбинированного вида, Бюджетное, Западное окружное управление образования," 119607, г. Москва, ул. Удальцова, д. 87",(495) 932-43-00, dou1430@mail.ru,POINT(37.4869864 55.6855334)
 Государственное бюджетное образовательное учреждение города Москвы детский сад присмотра и оздоровления № 766, ГБОУ детский сад № 766,766, Дошкольное образовательное учреждение, Детский сад присмотра и оздоровления, Бюджетное, Северное окружное управление образования," 127206, г. Москва, ул. Астрадамская, д. 5 ""В""",(495) 611-41-33, ds_766@mail.ru,POINT(37.561447 55.810634)
 Государственное бюджетное образовательное учреждение города Москвы детский сад № 1677, ГБОУ детский сад № 1677,1 677, Дошкольное образовательное учреждение, Детский сад, Бюджетное, Юго-Восточное окружное управление образования," 109378, Москва, ул. Фёдора Полетаева дом 36, корпус 3",(495) 378-78-68, sadik1677@mail.ru,POINT(37.788945 55.7057649)
 Государственное бюджетное образовательное учреждение города Москвы детский сад общеразвивающего вида № 1318, ГБОУ детский сад № 1318,1 318, Дошкольное образовательное учреждение, Детский сад общеразвивающего вида с приоритетным осуществлением деятельности по одному из направлений развития детей, Бюджетное, Южное окружное управление образования," 117570, г. Москва, ул.Красного Маяка, д.19, к.4",(495) 387-80-02, dou1318@sinergi.ru,POINT(37.5816231 55.605776)
 Государственное бюджетное образовательное учреждение города Москвы детский сад № 2322, ГБОУ детский сад № 2322,2 322, Дошкольное образовательное учреждение, Детский сад, Бюджетное, Юго-Восточное окружное управление образования," 109156, г. Москва, ул. Маршала Полубоярова, д. 6, корп. 2",(495) 705-62-29, gou2322@mail.ru,POINT(37.8624561 55.687222)
 Государственное бюджетное образовательное учреждение города Москвы детский сад комбинированного вида № 1475, ГБОУ детский сад № 1475,1 475, Дошкольное образовательное учреждение, Детский сад комбинированного вида, Бюджетное, Восточное окружное управление образования," 107150,город Москва, улица Ивантеевская, дом 32 Б",(499) 160-12-02, sadik1475@mail.ru; http://dskv1475.umihost.info,POINT(37.7300865 55.8149113)
 Государственное бюджетное образовательное учреждение города Москвы детский сад комбинированного вида № 1951, ГБОУ детский сад № 1951,1 951, Дошкольное образовательное учреждение, Детский сад комбинированного вида, Бюджетное, Центральное окружное управление образования," 125047, Оружейный переулок, дом 25, строение 1а",(499) 978-32-00, detsad1951@mail.ru,POINT(37.601853 55.772515)
 Государственное бюджетное образовательное учреждение города Москвы детский сад комбинированного вида № 997, ГБОУ детский сад № 997,997, Дошкольное образовательное учреждение, Детский сад комбинированного вида, Бюджетное, Северо-Восточное окружное управление образования," 129347, г. Москва, ул. Холмогорская, д. 5, стр. 1",(499) 182-22-65, detsad997@mail.ru,POINT(37.7172533 55.8798271)
 Государственное бюджетное образовательное учреждение города Москвы детский сад компенсирующего вида № 795, ГБОУ детский сад №795,795, Дошкольное образовательное учреждение, Детский сад компенсирующего вида, Бюджетное, Юго-Западное окружное управление образования," 117465, город Москва, улица Профсоюзная, дом 156, корпус 4",(495) 337-18-88, gou795@yandex.ru,POINT(37.496416 55.6178115)
 Государственное бюджетное образовательное учреждение города Москвы детский сад комбинированного вида № 2032, ГБОУ детский сад № 2032,2 032, Дошкольное образовательное учреждение, Детский сад комбинированного вида, Бюджетное, Центральное окружное управление образования," 101000 г. Москва, Малый Златоустинский пер., д.7, стр.2",(495) 625-72-81, podarimradugu@mail.ru,POINT(37.63463 55.759633)
 Государственное бюджетное образовательное учреждение города Москвы детский сад компенсирующего вида № 1029, ГБОУ детский сад № 1029,1 029, Дошкольное образовательное учреждение, Детский сад компенсирующего вида, Бюджетное, Юго-Восточное окружное управление образования," 109559, Москва, Тихорецкий бульвар, дом 8",(495) 358-60-56, det1029@yandex.ru,POINT(37.7733915 55.6787647)
 Государственное бюджетное образовательное учреждение города Москвы детский сад № 1495, ГБОУ детский сад № 1495,1 495, Дошкольное образовательное учреждение, Детский сад, Бюджетное, Северо-Восточное окружное управление образования," 127224, город Москва, улица Осташковская, дом 26, корпус 2",(495) 475-98-89, DOU-1495@yandex.ru,POINT(37.676768 55.889998)
" Государственное бюджетное образовательное учреждение города Москвы центр развития ребенка - детский сад № 1161 ""Колосок""", ГБОУ ЦРР – детский сад № 1161 «Колосок»,1 161, Дошкольное образовательное учреждение, Детский сад, Бюджетное, Троицкое и новомосковское окружное управление образования," 105318, Москва Город, Семеновская Площадь, 4",#Н/Д, ds1kolosok@yandex.ru,POINT(37.7210321 55.7813321)
 Государственное бюджетное образовательное учреждение города Мосвы детский сад общеразвивающего вида № 622, ГБОУ детский сад № 622,622, Дошкольное образовательное учреждение, Детский сад общеразвивающего вида с приоритетным осуществлением деятельности по одному из направлений развития детей, Бюджетное, Южное окружное управление образования," 115598 г. Москва,ул. Лебедянская,24 к.3",(495) 328-96-55, dou1498@sinergi.ru,POINT(37.684617 55.583911)
 Государственное бюджетное образовательное учреждение города Москвы детский сад комбинированного вида № 2405, ГБОУ детский сад № 2405,2 405, Дошкольное образовательное учреждение, Детский сад комбинированного вида, Бюджетное, Юго-Западное окружное управление образования," 117042, г.Москва, ул. Южнобутовская, дом 88",715-64-63, dou2405@ou.mosuzedu.ru; dou2405@ou.mosuzedu.ru,POINT(37.5130345 55.5332486)
 Государственное бюджетное образовательное учреждение города Москвы детский сад № 2726, ГБОУ детский сад № 2726,2 726, Дошкольное образовательное учреждение, Детский сад, Бюджетное, Юго-Восточное окружное управление образования," 109443, город Москва, ул. Волгоградский проспект, дом 137, кор.2",(499) 746-59-91, detsad_2726@mail.ru,POINT(37.774253 55.706136)
 Государственное бюджетное образовательное учреждение города Москвы детский сад комбинированного вида №437, ГБОУ детский сад № 437,437, Дошкольное образовательное учреждение, Детский сад комбинированного вида, Бюджетное, Восточное окружное управление образования," 107150, г. Москва, бул. Маршала Рокоссовского, д. 26",(499) 160-28-01, cad437@mail.ru,POINT(37.719303 55.81575249999999)
 Государственное бюджетное образовательное учреждение города Москвы детский сад № 464, ГБОУ детский сад № 464,464, Дошкольное образовательное учреждение, Детский сад, Бюджетное, Юго-Восточное окружное управление образования," 109390, г. Москва, ул. Малышева, д. 18, к. 2",(499) 178-78-91, detsad464@mail.ru,POINT(37.7417704 55.6976068)
 Государственное бюджетное образовательное учреждение города Москвы детский сад № 1222, ГБОУ детский сад,1 222, Дошкольное образовательное учреждение, Детский сад, Бюджетное, Северо-Восточное окружное управление образования," 127081 город Москва, Проезд Ясный, д.5Б",(499) 473-93-30, ds1222@mail.ru,POINT(37.6249409 55.8722797)
 Государственное бюджетное образовательное учреждение города Москвы детский сад общеразвивающего вида № 1313, ГБОУ детский сад № 1313,1 313, Дошкольное образовательное учреждение, Детский сад общеразвивающего вида с приоритетным осуществлением деятельности по одному из направлений развития детей, Бюджетное, Северо-Восточное окружное управление образования," 129336, город Москва, улица Стартовая, дом 21, строение 1",(495) 475-84-72, 1313-48@mail.ru,POINT(37.6947576 55.885165)
 Государственное бюджетное образовательное учреждение города Москвы детский сад комбинированного вида № 1365, ГБОУ детский сад № 1365,1 365, Дошкольное образовательное учреждение, Детский сад комбинированного вида, Бюджетное, Юго-Восточное окружное управление образования," 109651, г. Москва Подольская ул., д. 29",(499) 357-34-31, mpytkova@yandex.ru; ds1365@yandex.ru,POINT(37.7113534 55.6495543)
 Государственное бюджетное образовательное учреждение города Москвы детский сад комбинированного вида № 1042, ГБОУ детский сад № 1042,1 042, Дошкольное образовательное учреждение, Детский сад комбинированного вида, Бюджетное, Центральное окружное управление образования," 107140, г. Москва, ул. Русаковская, д.7-9, стр.3",(499) 264-31-97, ds1042@yandex.ru,POINT(37.6721564 55.7830418)
 Государственное бюджетное образовательное учреждение города Москвы детский сад комбинированного вида № 296, ГБОУ детский сад № 296,296, Дошкольное образовательное учреждение, Детский сад комбинированного вида, Бюджетное, Восточное окружное управление образования," 105122,Москва, ул. Амурская, д.12",(495) 462-21-42, ds296@mail.ru; http://dskv296.mskobr.ru/,POINT(37.7633196 55.8075848)
 Государственное бюджетное образовательное учреждение города Москвы детский сад № 2171, ГБОУ детский сад № 2171,2 171, Дошкольное образовательное учреждение, Детский сад, Бюджетное, Юго-Западное окружное управление образования," 117292, г. Москва, ул. Профсоюзная, дом 22/10, корп. 1",8(499)125-39-71, gou2171@mail.ru,POINT(37.5655179 55.681158)
 Государственное бюджетное образовательное учреждение города Москвы детский сад общеразвивающего вида с приоритетным осуществлением деятельности по физическому развитию детей № 1103, ГБОУ детский сад № 1103,1 103, Дошкольное образовательное учреждение, Детский сад общеразвивающего вида с приоритетным осуществлением деятельности по одному из направлений развития детей, Бюджетное, Юго-Западное окружное управление образования," 117463, город Москва, Новоясеневский проспект, дом 32, корпус 4",8 (495) 426-14-00, ds1103@yandex.ru,POINT(37.539475 55.602917)
 Государственное бюджетное образовательное учреждение города Москвы детский сад № 114, ГБОУ детский сад № 114,114, Дошкольное образовательное учреждение, Детский сад, Бюджетное, Западное окружное управление образования," 121374, г.Москва, ул. Алексея Свиридова, д. 3, корп. 2",(499) 449-32-04, dou140@bk.ru,POINT(37.45733999999999 55.726644)
" Государственное бюджетное образовательное учреждение города Москвы детский сад № 2523 "" Академия детства"""," ГБОУ детский сад № 2523 "" Академия детства""",2 523, Дошкольное образовательное учреждение, Детский сад, Бюджетное, Западное окружное управление образования," 119192 г.Москва, Мичуринский проспект, д. 5, корпус 3",(495) 544-53-85, aka.detstva@gmail.com,POINT(37.5131613 55.7018536)
 Государственное бюджетное образовательное учреждение города Москвы детский сад № 2434, ГБОУ детский сад № 2434,2 434, Дошкольное образовательное учреждение, Детский сад, Бюджетное, Юго-Западное окружное управление образования," 117041, г.Москва, улица Бунинская аллея, дом 2, корпус 1",+7-495-714-74-81, dou2434@mosuzedu.ru; dou2434@mail.ru,POINT(37.511168 55.542513)
 Государственное бюджетное образовательное учреждение города Москвы детский сад № 899, ГБОУ детский сад № 899,899, Дошкольное образовательное учреждение, Детский сад, Бюджетное, Восточное окружное управление образования," 111555, г. Москва, ул. Сталеваров, д. 8 А",(495) 300-07-04, sad899@yandex.ru,POINT(37.8374777 55.7663777)
 Государственное бюджетное образовательное учреждение города Москвы детский сад общеразвивающего вида № 1095, ГБОУ детский сад общеразвивающего вида № 1095,1 095, Дошкольное образовательное учреждение, Детский сад общеразвивающего вида с приоритетным осуществлением деятельности по одному из направлений развития детей, Бюджетное, Юго-Восточное окружное управление образования," 109542, Москва, Рязанский проспект, д.80, к.4",(495) 377-82-60, blue-bird1095@mail.ru,POINT(37.8218879 55.7083142)
 Государственное бюджетное образовательное учреждение города Москвы детский сад общеразвивающего вида № 1326, ГБОУ детский сад № 1326,1 326, Дошкольное образовательное учреждение, Детский сад общеразвивающего вида с приоритетным осуществлением деятельности по одному из направлений развития детей, Бюджетное, Западное окружное управление образования," 119297, г.Москва, ул. Родниковая, д. 16, корп. 1",(495) 435-14-87, detsad1326@mail.ru,POINT(37.3827615 55.63530970000001)
 Государственное бюджетное образовательное учреждение города Москвы детский сад № 2020, ГБОУ детский сад № 2020,2 020, Дошкольное образовательное учреждение, Детский сад, Бюджетное, Западное окружное управление образования," 1231151, г. Москва, набережная Тараса Шевченко, д. 15",(499) 243-51-01, detsad2020@mail.ru,POINT(37.5510412 55.7479001)
 Государственное бюджетное образовательное учреждение города Москвы детский сад № 473, ГБОУ детский сад № 473,473, Дошкольное образовательное учреждение, Детский сад, Бюджетное, Северо-Восточное окружное управление образования," 129515, г. Москва, ул. 3-я Новоостанкинская, д. 17",(495) 602-41-12, dedsad473@mail.ru,POINT(37.6270974 55.8195755)
 Государственное бюджетное образовательное учреждение города Москвы детский сад № 392, ГБОУ детский сад № 392,392, Дошкольное образовательное учреждение, Детский сад, Бюджетное, Северо-Восточное окружное управление образования," 127427, город Москва, улица Ботаническая, дом 5А",(495) 610-27-10, goy392@mail.ru; dou392@yandex.ru,POINT(37.6009559 55.82341)
 Государственное бюджетное образовательное учреждение города Москвы детский сад № 1367, ГБОУ детский сад № 1367,1 367, Дошкольное образовательное учреждение, Детский сад, Бюджетное, Западное окружное управление образования," 119602 г.Москва, ул. Академика Анохина, д. 40, корп. 1",(495) 430-98-93, dou1367@mail.ru,POINT(37.4701341 55.6574261)
 Государственное бюджетное образовательное учреждение города Москвы детский сад компенсирующего вида № 164, ГБОУ детский сад № 164,164, Дошкольное образовательное учреждение, Детский сад компенсирующего вида, Бюджетное, Южное окружное управление образования," 115516, г. Москва, ул. Бехтерева, д. 37, корп. 5",(495) 325-46-58, dou367@sinergi.ru,POINT(37.651126 55.620548)
 Государственное бюджетное образовательное учреждение города Москвы детский сад № 1676, ГБОУ детский сад № 1676,1 676, Дошкольное образовательное учреждение, Детский сад, Бюджетное, Западное окружное управление образования," 121614 г. Москва, ул. Крылатские холмы, д.28, к.2",(495) 412-04-73, dou1676@mail.ru,POINT(37.4143174 55.7656871)
 Государственное бюджетное образовательное учреждение города Москвы детский сад комбинированного вида № 2376, ГБОУ детский сад № 2376,2 376, Дошкольное образовательное учреждение, Детский сад комбинированного вида, Бюджетное, Юго-Западное окружное управление образования," 117042, г.Москва, Чечёрский проезд, дом 106",8(495)715-55-30, dou2376@ou.mosuzedu.ru; gou2376@mosuzedu.ru,POINT(37.5155349 55.5294106)
 Государственное бюджетное образовательное учреждение города Москвы детский сад компенсирующего вида № 940, ГБОУ детский сад № 940,940, Дошкольное образовательное учреждение, Детский сад компенсирующего вида, Бюджетное, Центральное окружное управление образования," 119049 г. Москва, 1-ый Спасоналивковский пер.,д.15а,стр 1",(499) 238-70-20, 940detsad@mail.ru,POINT(37.6167206 55.7330172)
 Государственное бюджетное образовательное учреждение города Москвы детский сад № 598, ГБОУ детский сад № 598,598, Дошкольное образовательное учреждение, Детский сад, Бюджетное, Северо-Восточное окружное управление образования," 129327, город Москва, улица Ленская, дом 19а",(495) 471-15-38, dou598@yandex.ru,POINT(37.6604195 55.8670518)
 Государственное бюджетное образовательное учреждение города Москвы детский сад общеразвивающего вида № 961, ГБОУ детский сад № 961,961, Дошкольное образовательное учреждение, Детский сад общеразвивающего вида с приоритетным осуществлением деятельности по одному из направлений развития детей, Бюджетное, Южное окружное управление образования," 115598 г. Москва, Загорьевская ул., д.12 корп.2",(495) 329-14-66, dou961@sinergi.ru,POINT(37.6786629 55.5790854)
 Государственное бюджетное образовательное учреждение города Москвы детский сад № 2647, ГБОУ детский сад № 2647,2 647, Дошкольное образовательное учреждение, Детский сад, Бюджетное, Центральное окружное управление образования," 123557 г.Москва, Новопресненский пер., дом 6",(499) 253-20-78, 2647ds@mail.ru,POINT(37.5749928 55.7673329)
 Государственное бюджетное образовательное учреждение города Москвы детский сад № 1437, ГБОУ детский сад № 1437,1 437, Дошкольное образовательное учреждение, Детский сад, Бюджетное, Южное окружное управление образования," 117519 г.Москва, Варшавское ш., д.142а",(495) 387-45-77, dou1437@sinergi.ru,POINT(37.6046116 55.6078436)
 Государственное бюджетное образовательное учреждение города Москвы центр развития ребенка - детский сад № 2042, ГБОУ детский сад № 2042,2 042, Дошкольное образовательное учреждение, Центр развития ребенка – детский сад, Бюджетное, Юго-Западное окружное управление образования," 119296, г.Москва, ул. Молодежная, дом 4 А",499-137-2052, dou2042@ou.mosuzedu.ru,POINT(37.5487013 55.69437139999999)
 Государственное бюджетное образовательное учреждение города Москвы детский сад № 251, ГБОУ детский сад № 251,251, Дошкольное образовательное учреждение, Детский сад, Бюджетное, Западное окружное управление образования," 121552 г.Москва, Рублевское шоссе, д. 95, корп. 2",(499) 141-50-01, GOU.251@gmail.com,POINT(37.4245398 55.741006)
" Государственное бюджетное образовательное учреждение города Москвы детский сад общеразвивающего вида № 1151 ""Радуга""", ГБОУ детский сад № 1151 «Радуга»,1 151, Дошкольное образовательное учреждение, Детский сад общеразвивающего вида с приоритетным осуществлением деятельности по одному из направлений развития детей, Бюджетное, Троицкое и новомосковское окружное управление образования," 105318, Москва Город, Семеновская Площадь, 4",#Н/Д, mou-raduga11@mail.ru,POINT(37.7210321 55.7813321)
 Государственное бюджетное образовательное учреждение города Москвы детский сад компенсирующего вида № 908, ГБОУ детский сад № 908,908, Дошкольное образовательное учреждение, Детский сад компенсирующего вида, Бюджетное, Северо-Восточное окружное управление образования," 127349, г. Москва, Шенкурский проезд, дом 10а",(499) 909-72-21, ds908svo@mail.ru,POINT(37.5924808 55.89478709999999)
 Государственное бюджетное образовательное учреждение города Москвы детский сад № 2623, ГБОУ детский сад № 2623,2 623, Дошкольное образовательное учреждение, Детский сад, Бюджетное, Юго-Западное окружное управление образования," 117042, г.Москва, ул. Бартеневская, дом 29",(499)715-02-09, dou2623@mosuzedu.ru,POINT(37.5280099 55.5491695)
 Государственное бюджетное образовательное учреждение города Москвы детский сад № 2651, ГБОУ детский сад № 2651,2 651, Дошкольное образовательное учреждение, Детский сад, Бюджетное, Восточное окружное управление образования," 111396, город Москва , улица Алексея Дикого, дом 7А",(499) 781-07-20, dc2651@mail.ru,POINT(37.8126204 55.7489029)
 Государственное бюджетное образовательное учреждение города Москвы детский сад № 1340, ГБОУ детский сад № 1340,1 340, Дошкольное образовательное учреждение, Детский сад, Бюджетное, Восточное окружное управление образования," 107014, г. Москва, улица Стромынка, д. 5",(499) 268-04-81, GOUdetsad1340@yandex.ru,POINT(37.6843482 55.79115669999999)
 Государственное бюджетное образовательное учреждение города Москвы центр развития ребенка - детский сад № 2568, ГБОУ ЦРР- детский сад № 2568,2 568, Дошкольное образовательное учреждение, Центр развития ребенка – детский сад, Бюджетное, Восточное окружное управление образования," 105523, г. Москва, 15 Парковая ул., д. 51",(499) 748-83-97, sad2568@yandex.ru,POINT(37.8162703 55.8096228)
 Государственное бюджетное образовательное учреждение города Москвы детский сад комбинированного вида № 965, ГБОУ детский сад № 965,965, Дошкольное образовательное учреждение, Детский сад комбинированного вида, Бюджетное, Северо-Восточное окружное управление образования," 127490, город Москва, улица Декабристов, дом 35 ""б""",(499) 203-08-09, dou965@yandex.ru,POINT(37.61802 55.862345)
 Государственное бюджетное образовательное учреждение города Москвы детский сад общеразвивающего вида № 722, ГБОУ детский сад № 722,722, Дошкольное образовательное учреждение, Детский сад общеразвивающего вида с приоритетным осуществлением деятельности по одному из направлений развития детей, Бюджетное, Южное окружное управление образования," 115404 г. Москва, ул. Педагогическая,д.5",(495) 326-75-57, dou722@sinergi.ru,POINT(37.6675795 55.5965259)
 Государственное бюджетное образовательное учреждение города Москвы детский сад общеразвивающего вида № 1091, ГБОУ детский сад № 1091,1 091, Дошкольное образовательное учреждение, Детский сад общеразвивающего вида с приоритетным осуществлением деятельности по одному из направлений развития детей, Бюджетное, Южное окружное управление образования," 115583 г. Москва, ул. Генерала Белова, 55 корп.2",(495) 399-45-12, dou1091@sinergi.ru,POINT(37.728698 55.604295)
 Государственное бюджетное образовательное учреждение города Москвы детский сад № 1964, ГБОУ детский сад № 1964,1 964, Дошкольное образовательное учреждение, Детский сад, Бюджетное, Северо-Восточное окружное управление образования," 129626, город Москва, улица Павла Корчагина, дом 1, строение 1",(495) 686-38-63, detsad1964@yandex.ru,POINT(37.654476 55.813706)
 Государственное бюджетное образовательное учреждение города Москвы детский сад комбинированного вида № 2092, ГБОУ детский сад № 2092,2 092, Дошкольное образовательное учреждение, Детский сад комбинированного вида, Бюджетное, Восточное окружное управление образования," 111673, г. Москва, ул.Суздальская д.22А",(495) 702-36-00, ds2092vou@rambler.ru,POINT(37.8550607 55.741706)
 Государственное бюджетное образовательное учреждение города Москвы детский сад компенсирующего вида № 1821, ГБОУ детский сад № 1821,1 821, Дошкольное образовательное учреждение, Детский сад компенсирующего вида, Бюджетное, Юго-Восточное окружное управление образования," 109382, г. Москва, проспект 40 лет Октября, дом 23",(495) 657-22-77, sad1821@yandex.ru,POINT(37.7464657 55.6756378)
 Государственное бюджетное образовательное учреждение города Москвы детский сад № 1376, ГБОУ детский сад № 1376,1 376, Дошкольное образовательное учреждение, Детский сад, Бюджетное, Юго-Западное окружное управление образования," 117593, Москва, ул. Айвазовского, дом 6, корпус 3",(495) 426-08-11, ds1376@mail.ru,POINT(37.5362491 55.6165552)
 Государственное бюджетное образовательное учреждение города Москвы детский сад комбинированного вида № 1709, ГБОУ детский сад № 1709,1 709, Дошкольное образовательное учреждение, Детский сад комбинированного вида, Бюджетное, Южное окружное управление образования," 115583 г. Москва, ул. Воронежская д.5, к.2",(495) 397-70-00, dou1709@sinergi.ru,POINT(37.726545 55.610684)
 Государственное бюджетное образовательное учреждение города Москвы детский сад комбинированного вида № 1672, ГБОУ детский сад № 1672,1 672, Дошкольное образовательное учреждение, Детский сад комбинированного вида, Бюджетное, Южное окружное управление образования," 115432, г. Москва, 2-й Кожуховский пр-д, д.15, корп. 4",(495) 679-55-91, dou1672@sinergi.ru,POINT(37.6619621 55.7048548)
 Государственное бюджетное образовательное учреждение города Москвы детский сад комбинированного вида № 1402, ГБОУ детский сад № 1402,1 402, Дошкольное образовательное учреждение, Детский сад комбинированного вида, Бюджетное, Восточное окружное управление образования," 107497, г. Москва, Щелковское шоссе, д. 91",(495) 469-85-85, ds1402@mail.ru,POINT(37.8244697 55.81433)
 Государственное бюджетное образовательное учреждение города Москвы детский сад общеразвивающего вида № 1364, ГБОУ детский сад № 1364,1 364, Дошкольное образовательное учреждение, Детский сад общеразвивающего вида с приоритетным осуществлением деятельности по одному из направлений развития детей, Бюджетное, Юго-Восточное окружное управление образования," 109651, Москва, Батайский проезд, дом 7",(499) 357-07-51, dou1364@yandex.ru,POINT(37.7125447 55.6434261)
 Государственное бюджетное образовательное учреждение города Москвы детский сад общеразвивающего вида № 930, ГБОУ детский сад № 930,930, Дошкольное образовательное учреждение, Детский сад общеразвивающего вида с приоритетным осуществлением деятельности по одному из направлений развития детей, Бюджетное, Восточное окружное управление образования," 107589, г. Москва, улица Алтайская, д. 29А",(495) 467-56-83, sad_930@mail.ru,POINT(37.8296964 55.8224831)
 Государственное бюджетное образовательное учреждение города Москвы детский сад № 1213, ГБОУ детский сад № 1213,1 213, Дошкольное образовательное учреждение, Детский сад, Бюджетное, Юго-Западное окружное управление образования," 117513, Москва, ул. Академика Бакулева, дом 4А",438-66-44, dou1213@ou.mosuzedu.ru,POINT(37.4870379 55.64364339999999)
 Государственное бюджетное образовательное учреждение города Москвы детский сад № 1071, ГБОУ детский сад № 1071,1 071, Дошкольное образовательное учреждение, Детский сад, Бюджетное, Северное окружное управление образования," 125252, г. Москва, улица Новопесчаная, дом 25",(499) 157-67-12, gou-ds1071@mail.ru,POINT(37.5071245 55.7930568)
 Государственное бюджетное образовательное учреждение города Москвы детский сад комбинированного вида № 2433, ГБОУ детский сад № 2433,2 433, Дошкольное образовательное учреждение, Детский сад комбинированного вида, Бюджетное, Юго-Западное окружное управление образования," 117042, г. Москва, Плавский проезд, дом 7, корпус 1",0717-07-11, dou2433@mosuzedu.ru,POINT(37.5359995 55.5474488)
 Государственное бюджетное образовательное учреждение города Москвы детский сад комбинированного вида № 1808, ГБОУ детский сад № 1808,1 808, Дошкольное образовательное учреждение, Детский сад комбинированного вида, Бюджетное, Восточное окружное управление образования," 107392, г. Москва, Большая Черкизовская ул., д. 11, корп. 1",(499) 161-12-63, ds1808@mail.ru,POINT(37.725507 55.800339)
 Государственное бюджетное образовательное учреждение города Москвы детский сад № 1442, ГБОУ детский сад № 1442,1 442, Дошкольное образовательное учреждение, Детский сад, Бюджетное, Юго-Западное окружное управление образования," 117574, Москва, Новоясеневский проспект, дом 6, корпус 2",423-27-22, ds1442@mail.ru,POINT(37.5142639 55.6134508)
 Государственное бюджетное образовательное учреждение города Москвы детский сад комбинированного вида № 1733, ГБОУ детский сад № 1733,1 733, Дошкольное образовательное учреждение, Детский сад комбинированного вида, Бюджетное, Центральное окружное управление образования," 105066 г. Москва, ул. Доброcлободская, д.6",(499) 265-11-74, gou1733@mail.ru,POINT(37.671598 55.7680057)
 Государственное бюджетное образовательное учреждение города Москвы детский сад № 399, ГБОУ детский сад № 399,399, Дошкольное образовательное учреждение, Детский сад общеразвивающего вида с приоритетным осуществлением деятельности по одному из направлений развития детей, Бюджетное, Северное окружное управление образования," 127474, г. Москва, улица Дубнинская, дом 11А",(499) 480-08-98, nv399@mail.ru,POINT(37.565877 55.859414)
 Государственное бюджетное образовательное учреждение города Москвы детский сад № 2605, ГБОУ детский сад № 2605,2 605, Дошкольное образовательное учреждение, Детский сад, Бюджетное, Западное окружное управление образования," 121552, г.Москва, ул. Оршанская, д. 12, корп. 2",(495) 630-30-69, ds2605@mail.ru,POINT(37.4065984 55.7431383)
 Государственное бюджетное образовательное учреждение города Москвы детский сад комбинированного вида № 1114, ГБОУ детский сад № 1114,1 114, Дошкольное образовательное учреждение, Детский сад комбинированного вида, Бюджетное, Южное окружное управление образования," 115597 г. Москва, ул. Ясеневая, д.34 корп.2",(495) 398-53-19, dou1114@sinergi.ru,POINT(37.7425719 55.6045402)
 Государственное бюджетное образовательное учреждение города Москвы центр развития ребенка - детский сад № 215, ГБОУ ЦРР-детский сад № 215,215, Дошкольное образовательное учреждение, Центр развития ребенка – детский сад, Бюджетное, Западное окружное управление образования," 119454 г.Москва, ул. Лобачевского, д. 58",(499) 432-59-78, goucrr215@yandex.ru,POINT(37.493055 55.674539)
 Государственное бюджетное образовательное учреждение города Москвы детский сад № 125, ГБОУ детский сад № 125,125, Дошкольное образовательное учреждение, Детский сад, Бюджетное, Северо-Западное окружное управление образования," 123154, г. Москва, бульвар Генерала Карбышева, д. 17, корп. 2",(499) 199-03-33,  dou125@szouo.ru,POINT(37.4682028 55.7827103)
 Государственное бюджетное образовательное учреждение города Москвы детский сад компенсирующего вида № 1901, ГБОУ детский сад № 1901,1 901, Дошкольное образовательное учреждение, Детский сад компенсирующего вида, Бюджетное, Восточное окружное управление образования," 105568, г.Москва, ул.Чечулина, д.20 А",308-43-42, detsad1901@yandex.ru,POINT(37.8312146 55.7794664)
 Государственное бюджетное образовательное учреждение города Москвы детский сад № 61, ГБОУ детский сад № 61, 61, Дошкольное образовательное учреждение, Детский сад, Бюджетное, Юго-Западное окружное управление образования," 117342, г. Москва, улица Введенского, дом 15 А",334-95-65, dou61@ou.mosuzedu.ru; gou_61@mail.ru,POINT(37.5440785 55.6402162)
 Государственное бюджетное образовательное учреждение города Москвы детский сад общеразвивающего вида № 1398, ГБОУ детский сад № 1398,1 398, Дошкольное образовательное учреждение, Детский сад общеразвивающего вида с приоритетным осуществлением деятельности по одному из направлений развития детей, Бюджетное, Южное окружное управление образования," 115573 г. Москва, ул. Шипиловская, д.37, к.2",(495) 395-25-80, dou1398@sinergi.ru,POINT(37.733543 55.623044)
 Государственное бюджетное образовательное учреждение города Москвы детский сад №201, ГБОУ детский сад № 201,201, Дошкольное образовательное учреждение, Детский сад, Бюджетное, Восточное окружное управление образования," 107241,г.Москва, ул.Амурская, д. 21",(495) 462-25-20, detsad201@mail.ru,POINT(37.790473 55.813782)
 Государственное бюджетное образовательное учреждение города Москвы детский сад компенсирующего вида № 954, ГБОУ д/с компенсирующего вида № 954,954, Дошкольное образовательное учреждение, Детский сад компенсирующего вида, Бюджетное, Юго-Восточное окружное управление образования," 109559, г. Москва ул. Краснодарская, д. 53",(495) 352-19-12, ds954-zds@mail.ru,POINT(37.7672691 55.6778923)
 Государственное бюджетное образовательное учреждение города Москвы детский сад общеразвивающего вида № 1332, ГБОУ детский сад № 1332,1 332, Дошкольное образовательное учреждение, Детский сад общеразвивающего вида с приоритетным осуществлением деятельности по одному из направлений развития детей, Бюджетное, Восточное окружное управление образования," 107143, г. Москва, Открытое ш., д.24",(499) 167-27-41, ds1332@yandex.ru,POINT(37.7515405 55.82070299999999)
 Государственное бюджетное образовательное учреждение города Москвы центр развития ребенка - детский сад № 2478, ГБОУ ЦРР - детский сад №2478,2 478, Дошкольное образовательное учреждение, Центр развития ребенка – детский сад, Бюджетное, Юго-Западное окружное управление образования," 117624, город Москва, улица Изюмская, дом 38, корпус 2",(499) 793-03-45, gou2478@mosuzedu.ru,POINT(37.5631175 55.5473644)
 Государственное бюджетное образовательное учреждение города Москвы детский сад комбинированного вида № 1747, ГБОУ детский сад № 1747,1 747, Дошкольное образовательное учреждение, Детский сад комбинированного вида, Бюджетное, Восточное окружное управление образования," 107065, Москва, ул.Уссурийская, д.8 А",(495) 469-36-01, detsad17472009@rambler.ru,POINT(37.8155695 55.8218814)
 Государственное бюджетное образовательное учреждение города Москвы детский сад № 161, ГБОУ детский сад № 161,161, Дошкольное образовательное учреждение, Детский сад, Бюджетное, Восточное окружное управление образования," 105203, г. Москва, Измайловский бульвар, д. 74",(499) 461-15-14, almira1978@inbox.ru; dets161@yandex.ru,POINT(37.8225275 55.7966358)
 Государственное бюджетное образовательное учреждение города Москвы детский сад № 543, ГБОУ детский сад № 543,543, Дошкольное образовательное учреждение, Детский сад, Бюджетное, Юго-Западное окружное управление образования," 117246, г.Москва, улица Херсонская, дом 17 А",331-61-00, dou543@ou.mosuzedu.ru; gouds543@mosuzedu.ru,POINT(37.5625223 55.6517321)
 Государственное бюджетное образовательное учреждение города Москвы детский сад комбинированного вида № 773, ГБОУ детский сад № 773,773, Дошкольное образовательное учреждение, Детский сад комбинированного вида, Бюджетное, Центральное окружное управление образования," 109240 г. Москва, 1-ый Котельнический пер., д.4, стр.1",(495) 915-25-29, dou773@yandex.ru,POINT(37.6457539 55.74449)
 Государственное бюджетное образовательное учреждение города Москвы детский сад компенсирующего вида № 1790, ГБОУ детский сад № 1790,1 790, Дошкольное образовательное учреждение, Детский сад компенсирующего вида, Бюджетное, Западное окружное управление образования," 121351, г.Москва, ул. Ивана Франко, д. 38, корп. 2",(495) 417-12-08, dou1790@mail.ru,POINT(37.414659 55.729028)
 Государственное бюджетное образовательное учреждение города Москвы центр развития ребенка-детский сад № 621, ГБОУ ЦРР - детский сад № 621,621, Дошкольное образовательное учреждение, Центр развития ребенка – детский сад, Бюджетное, Южное окружное управление образования," 115516 г. Москва, Кавказкий б-р, д.45,к.2",(495) 325-56-97, dou621@sinergi.ru,POINT(37.64599140000001 55.6245094)
 Государственное бюджетное образовательное учреждение города Москвы детский сад общеразвивающего вида № 332, ГБОУ детский сад № 332,332, Дошкольное образовательное учреждение, Детский сад общеразвивающего вида с приоритетным осуществлением деятельности по одному из направлений развития детей, Бюджетное, Южное окружное управление образования," 115573 г. Москва, Ореховый б-р,д.39,к.3",(495) 394-29-80, dou985@sinergi.ru,POINT(37.7389915 55.61546809999999)
 Государственное бюджетное образовательное учреждение города Москвы детский сад комбинированного вида № 2074, ГБОУ детский сад № 2074,2 074, Дошкольное образовательное учреждение, Детский сад комбинированного вида, Бюджетное, Юго-Западное окружное управление образования," 117628, г.Москва, ул. Знаменские Садки, д. 5А",8(495)712-31-18, 2074sad@mail.ru,POINT(37.56940549999999 55.5707493)
 Государственное бюджетное образовательное учреждение города Москвы центр развития ребенка - детский сад № 867, ГБОУ ЦРР - детский сад № 867,867, Дошкольное образовательное учреждение, Центр развития ребенка – детский сад, Бюджетное, Юго-Восточное окружное управление образования," 109542, г. Москва Рязанский пр-т, д. 70, корп. 4",(495) 377-92-46, detsad867@yandex.ru,POINT(37.8081685 55.7120481)
 Государственное бюджетное образовательное учреждение города Москвы детский сад № 1425, ГБОУ детский сад № 1425,1 425, Дошкольное образовательное учреждение, Детский сад, Бюджетное, Юго-Западное окружное управление образования," 117593, г. Москва, Литовский бульвар, дом 15, корпус 2",(495)426-33-22, gou1425@mosuzedu.ru,POINT(37.549522 55.608331)
 Государственное бюджетное образовательное учреждение города Москвы Детский сад № 90, ГБОУ Детский сад № 90, 90, Дошкольное образовательное учреждение, Детский сад, Бюджетное, Северное окружное управление образования," 125252, г. Москва, Песчаный перелок, дом 4А; 125252, г. Москва, Новопесчаная ул., дом 23, корпус 1",(499) 198-71-49, gouds90@mail.ru,POINT(37.5114241 55.79309)
 Государственное бюджетное образовательное учреждение города Москвы детский сад № 2082, ГБОУ детский сад № 2082,2 082, Дошкольное образовательное учреждение, Детский сад, Бюджетное, Северное окружное управление образования," 125252, г. Москва, Песчаный переулок, дом 1а",(499) 198-10-12, gou2082@gmail.com,POINT(37.5109754 55.7973295)
 Государственное бюджетное образовательное учреждение города Москвы детский сад комбинированного вида №915, ГБОУ детский сад № 915,915, Дошкольное образовательное учреждение, Детский сад комбинированного вида, Бюджетное, Северо-Западное окружное управление образования," 125373, г. Москва, проезд Донелайтиса, д. 16",(495) 949-45-49, dou915@szouo.ru,POINT(37.4169958 55.8400614)
 Государственное бюджетное образовательное учреждение города Москвы детский сад № 1942, ГБОУ детский сад № 1942,1 942, Дошкольное образовательное учреждение, Детский сад, Бюджетное, Центральное окружное управление образования," 109029 Москва ул. Талалихина., д.7",(495) 670-95-62, sadik1942@yandex.ru,POINT(37.680333 55.733044)
 Государственное бюджетное образовательное учреждение города Москвы детский сад № 659, ГБОУ детский сад № 659,659, Дошкольное образовательное учреждение, Детский сад, Бюджетное, Западное окружное управление образования," 121108 г. Москва, ул. Герасима Курина, д.18, к.1",(499) 144-17-89, dou659@mail.ru,POINT(37.4692425 55.7317619)
 Государственное бюджетное образовательное учреждение города Москвы детский сад комбинированного вида № 227, ГБОУ детский сад № 227,227, Дошкольное образовательное учреждение, Детский сад комбинированного вида, Бюджетное, Восточное окружное управление образования," 105318, г. Москва, ул. Мироновская, д. 9",(499) 369-32-02, DS-227@yandex.ru,POINT(37.7331068 55.78376340000001)
 Государственное бюджетное образовательное учреждение города Москвы детский сад № 503, ГБОУ детский сад № 503,503, Дошкольное образовательное учреждение, Детский сад, Бюджетное, Северное окружное управление образования," 125195, г. Москва, улица Фестивальная, дом 35А",(499) 458-22-65, dir-503@mail.ru,POINT(37.481608 55.858616)
 Государственное бюджетное образовательное учреждение города Москвы детский сад комбинированного вида № 1415, ГБОУ детский сад № 1415,1 415, Дошкольное образовательное учреждение, Детский сад комбинированного вида, Бюджетное, Южное окружное управление образования," 117648, г.Москва, Северное Чертаново, к.813",(495) 318-01-60, dou1415@sinergi.ru,POINT(37.5961887 55.6383327)
 Государственное бюджетное образовательное учреждение города Москвы детский сад № 1734, ГБОУ детский сад № 1734,1 734, Дошкольное образовательное учреждение, Детский сад, Бюджетное, Центральное окружное управление образования," 105082, Москва, Спартаковская площадь, д.5/7",(499) 267-80-17, ds1734@yandex.ru,POINT(37.6825964 55.7776187)
 Государственное бюджетное образовательное учреждение города Москвы детский сад общеразвивающего вида с приоритетным осуществлением деятельности по физическому развитию детей № 2450, ГБОУ детский сад № 2450,2 450, Дошкольное образовательное учреждение, Детский сад общеразвивающего вида с приоритетным осуществлением деятельности по одному из направлений развития детей, Бюджетное, Юго-Западное окружное управление образования," 117624, г.Москва, ул.Скобелевская, дом 25, корпус 3",(495)717-31-72, ds2450@yandex.ru,POINT(37.5596814 55.54619049999999)
 Государственное бюджетное образовательное учреждение города Москвы детский сад № 1304, ГБОУ детский сад № 1304,1 304, Дошкольное образовательное учреждение, Детский сад, Бюджетное, Юго-Восточное окружное управление образования," 109518, Москва, Саратовская д.3, корп.3",(499) 173-87-26, detskiysad1304@yandex.ru,POINT(37.7327298 55.715235)
 Государственное бюджетное образовательное учреждение города Москвы детский сад № 24, ГБОУ детский сад № 24, 24, Дошкольное образовательное учреждение, Детский сад, Бюджетное, Восточное окружное управление образования," 107370, Москва, Открытое шоссе,д.1, корп.17",(499) 168-47-60, kzgecnbyf@rambler.ru; dou2065@yandex.ru,POINT(37.724248 55.80887)
 Государственное бюджетное образовательное учреждение города Москвы детский сад компенсирующего вида № 394, ГБОУ детский сад компенсирующего вида № 394,394, Дошкольное образовательное учреждение, Детский сад компенсирующего вида, Бюджетное, Юго-Западное окружное управление образования," 117461, г.Москва, ул. Херсонская, дом 10, корпус 1",121-60-61, komplzuzino@yandex.ru,POINT(37.5731283 55.6510764)
 Государственное бюджетное образовательное учреждение города Москвы детский сад общеразвивающего вида с приоритетным осуществлением деятельности по физическому развитию детей № 1781, ГОУ детский сад общеразвивающего вида № 1781,1 781, Дошкольное образовательное учреждение, Детский сад общеразвивающего вида с приоритетным осуществлением деятельности по одному из направлений развития детей, Бюджетное, Южное окружное управление образования," 117519 г.Москва, Кировоградская ул., 28 А",(495) 313-55-21, dou1781@sinergi.ru,POINT(37.6006881 55.6102554)
 Государственное бюджетное образовательное учреждение города Москвы центр развития ребенка - детский сад № 922, ГБОУ ЦРР - детский сад № 922,922, Дошкольное образовательное учреждение, Центр развития ребенка – детский сад, Бюджетное, Южное окружное управление образования," 115304 г. Москва, ул. Кантемировская, 6 корп.3",(499) 323-10-55, dou922@sinergi.ru,POINT(37.6785584 55.6385194)
 Государственное бюджетное образовательное учреждение города Москвы детский сад № 1498, ГБОУ детский сад № 1498,1 498, Дошкольное образовательное учреждение, Детский сад, Бюджетное, Юго-Восточное окружное управление образования," 111024, г. Москва, ул. Красноказарменная, д.23",(495) 362-57-38, ds1498@mail.ru,POINT(37.7125243 55.7534235)
 Государственное бюджетное образовательное учреждение города Москвы детский сад компенсирующего вида № 1876, ГБОУ детский сад № 1876,1 876, Дошкольное образовательное учреждение, Детский сад компенсирующего вида, Бюджетное, Южное окружное управление образования," 115432 г.Москва, ул.Трофимова, д.4, к.3",(495) 679-28-37, dou1876@sinergi.ru,POINT(37.6625569 55.7029771)
 Государственное бюджетное образовательное учреждение города Москвы детский сад комбинированного вида № 497, ГБОУ детский сад №497,497, Дошкольное образовательное учреждение, Детский сад комбинированного вида, Бюджетное, Северное окружное управление образования," 125412, г. Москва, улица Базовская, дом 26 А, строение 1",(499) 906-31-02, detsad497@yandex.ru,POINT(37.5170894 55.8818111)
 Государственное бюджетное образовательное учреждение города Москвы детский сад общеразвивающего вида № 2103, ГБОУ детский сад № 2103,2 103, Дошкольное образовательное учреждение, Детский сад общеразвивающего вида с приоритетным осуществлением деятельности по одному из направлений развития детей, Бюджетное, Южное окружное управление образования," 117519 г. Москва, ул. Красного Маяка, д.3 А",(495) 389-27-64, dou2103@sinergi.ru,POINT(37.5963685 55.6108426)
 Государственное бюджетное образовательное учреждение города Москвы детский сад № 21, ГБОУ детский сад № 21, 21, Дошкольное образовательное учреждение, Детский сад, Бюджетное, Юго-Западное окружное управление образования," 117042, г. Москва, улица Краснолиманская, дом 19Б",0716-01-27, dou21@ou.mosuzedu.ru; djibyti69@mail.ru,POINT(37.56376100000001 55.539826)
 Государственное бюджетное образовательное учреждение города Москвы детский сад № 2519, ГБОУ детский сад № 2519,2 519, Дошкольное образовательное учреждение, Детский сад, Бюджетное, Восточное окружное управление образования," 105568, г Москва, ул. Челябинская, д. 5а",(495) 307-12-30, detsad2519@mail.ru,POINT(37.8222056 55.777385)
 Государственное бюджетное образовательное учреждение города Москвы детский сад комбинированного вида № 287, ГБОУ детский сад № 287,287, Дошкольное образовательное учреждение, Детский сад комбинированного вида, Бюджетное, Северное окружное управление образования," 127434, г. Москва, Дмитровское шоссе, дом 15, корп. 3",(499) 977-16-10, ds287@mail.ru; detsad287@yandex.ru,POINT(37.571477 55.818599)
 Государственное бюджетное образовательное учреждение города Москвы детский сад № 2660, ГБОУ детский сад № 2660,2 660, Дошкольное образовательное учреждение, Детский сад, Бюджетное, Юго-Западное окружное управление образования," 117418, г.Москва, ул. Цюрупы, д. 22А",74991286507, surkova2660@mail.ru,POINT(37.5692882 55.66866770000001)
 Государственное бюджетное образовательное учреждение города Москвы детский сад № 1926, ГБОУ детский сад № 1926,1 926, Дошкольное образовательное учреждение, Детский сад, Бюджетное, Центральное окружное управление образования," 123022 г.Москва, Большой Предтеченский переулок, дом24",(499) 255-63-61, ds_1926@mail.ru,POINT(37.5659275 55.7604288)
 Государственное бюджетное образовательное учреждение города Москвы детский сад общеразвивающего вида № 1875, ГБОУ детский сад № 1875,1 875, Дошкольное образовательное учреждение, Детский сад общеразвивающего вида с приоритетным осуществлением деятельности по одному из направлений развития детей, Бюджетное, Юго-Восточное окружное управление образования," 115193, Москва, ул. 5 Кожуховская, дом 27 к.1.",(495) 710-22-42, ds1875@yandex.ru,POINT(37.677864 55.705544)
 Государственное бюджетное образовательное учреждение города Москвы детский сад комбинированного вида № 584, ГБОУ детский сад № 584,584, Дошкольное образовательное учреждение, Детский сад комбинированного вида, Бюджетное, Центральное окружное управление образования," 127055 г.Москва, Угловой пер., д.6, стр. 2",(499) 978-39-92, ds584@yandex.ru,POINT(37.5904311 55.7874595)
 Государственное бюджетное образовательное учреждение города Москвы детский сад комбинированного вида №1224, ГБОУ детский сад № 1224,1 224, Дошкольное образовательное учреждение, Детский сад комбинированного вида, Бюджетное, Восточное окружное управление образования," 107241, г.Москва, ул.Амурская, дом 64 А",(495) 462-45-46, dolap-72@mail.ru; ds1224_50@mail.ru; dskv1224.ru,POINT(37.7924854 55.8120697)
 Государственное бюджетное образовательное учреждение города Москвы детский сад № 1517, ГБОУ детский сад № 1517,1 517, Дошкольное образовательное учреждение, Детский сад, Бюджетное, Восточное окружное управление образования," 105318, г, Москва, ул, Щербаковская, д. 22",(499) 369-76-20, elena15172009@yandex.ru,POINT(37.7264718 55.7809941)
 Государственное бюджетное образовательное учреждение города Москвы детский сад комбинированного вида № 1305, ГБОУ детский сад № 1305,1 305, Дошкольное образовательное учреждение, Детский сад комбинированного вида, Бюджетное, Южное окружное управление образования," 115191 г. Москва, 2-ая Рощинская улица, д.13а",(495) 954-53-63, dou1305@sinergi.ru,POINT(37.6121404 55.7088031)
 Государственное бюджетное образовательное учреждение города Москвы детский сад № 364, ГБОУ детский сад № 364,364, Дошкольное образовательное учреждение, Детский сад, Бюджетное, Южное окружное управление образования," 115419 г.Москва, 2-й Верхний Михайловский пр-д, д.4",(495) 952-04-67, dou364@sinergi.ru,POINT(37.605101 55.70958299999999)
 Государственное бюджетное образовательное учреждение города Москвы детский сад № 2462, ГБОУ детский сад № 2462,2 462, Дошкольное образовательное учреждение, Детский сад, Бюджетное, Юго-Западное окружное управление образования," 117042, г.Москва, ул.Горчакова, дом 7, корп.1",( 495)715-39-45, gou2462@mosuzedu.ru,POINT(37.5300476 55.5447376)
 Государственное бюджетное образовательное учреждение города Москвы детский сад № 135, ГБОУ детский сад № 135,135, Дошкольное образовательное учреждение, Детский сад, Бюджетное, Западное окружное управление образования," 121351, г.Москва, ул. Партизанская, д. 13, корп. 4",(495) 416-12-07, detsadik135@yandex.ru,POINT(37.4086374 55.7313657)
 Государственное бюджетное образовательное учреждение города Москвы детский сад общеразвивающего вида с приоритетным осуществлением деятельности по художественно-эстетическому развитию детей № 1735, ГБОУ д/с общеразвивающего вида № 1735,1 735, Дошкольное образовательное учреждение, Детский сад общеразвивающего вида с приоритетным осуществлением деятельности по одному из направлений развития детей, Бюджетное, Юго-Восточное окружное управление образования," 111024, г. Москва, ул. 3-я Кабельная, дом 3",(495) 673-32-03, ds1735@yandex.ru; crocuc09@mail.ru,POINT(37.7183915 55.7471537)
 Государственное бюджетное образовательное учреждение города москвы детский сад комбинированного вида № 1172, ГБОУ детский сад № 1172,1 172, Дошкольное образовательное учреждение, Детский сад комбинированного вида, Бюджетное, Северо-Восточное окружное управление образования," 127576, г. Москва, Алтуфьевское шоссе, д.87 к.2",(499) 209-39-83, ds1172@rambler.ru,POINT(37.5842615 55.89336309999999)
 Государственное бюджетное образовательное учреждение города Москвы детский сад общеразвивающего вида № 388, ГБОУ детский сад № 388,388, Дошкольное образовательное учреждение, Детский сад общеразвивающего вида с приоритетным осуществлением деятельности по одному из направлений развития детей, Бюджетное, Северное окружное управление образования," 127422, г. Москва, улица Костякова, дом 4",(499) 976-69-62, sadik388@mail.ru,POINT(37.5747276 55.8108291)
 Государственное бюджетное образовательное учреждение города Москвы детский сад с этнокультурным (русским) компонентом образования № 2365, ГБОУ детский сад № 2365,2 365, Дошкольное образовательное учреждение, Детский сад с этнокультурным (национальным) компонентом образования, Бюджетное, Южное окружное управление образования," 115408 г. Москва,ул. Братеевская,16,к.5",(495) 342-84-84, dou2365@sinergi.ru,POINT(37.7682406 55.6333806)
 Государственное бюджетное образовательное учреждение города Москвы детский сад № 2682, ГБОУ детский сад № 2682,2 682, Дошкольное образовательное учреждение, Детский сад, Бюджетное, Юго-Западное окружное управление образования," 117624, г.Москва, ул. Изюмская, д.53",(499)793-90-45, dou2682@mosuzedu.ru,POINT(37.56466169999999 55.5446366)
 Государственное бюджетное образовательное учреждение города Москвы детский сад общеразвивающего вида № 769, ГБОУ детский сад № 769,769, Дошкольное образовательное учреждение, Детский сад общеразвивающего вида с приоритетным осуществлением деятельности по одному из направлений развития детей, Бюджетное, Северо-Восточное окружное управление образования," 129345, г.Москва,ул.Тайнинская, д.22, стр. 1",(495) 474-96-44, doy769@mail.ru,POINT(37.6865642 55.8831619)
 Государственное бюджетное образовательное учреждение города Москвы детский сад № 1979, ГБОУ детский сад № 1979,1 979, Дошкольное образовательное учреждение, Детский сад, Бюджетное, Центральное окружное управление образования," 105094, Москва, ул. Госпитальный Вал, д. 5, стр.20",(499) 787-04-49, sad1979@list.ru,POINT(37.70781300000001 55.77334)
 Государственное бюджетное образовательное учреждение города Москвы детский сад № 2432, ГБОУ детский сад № 2432,2 432, Дошкольное образовательное учреждение, Детский сад, Бюджетное, Юго-Западное окружное управление образования," 117041, г. Москва, ул. Адмирала Лазарева, д. 68, корпус 4",714-20-18, ds2432@mosuzedu.ru,POINT(37.504999 55.539644)
 Государственное бюджетное образовательное учреждение города Москвы детский сад компенсирующего вида № 1016, ГБОУ детский сад компенсирующего вида № 1016,1 016, Дошкольное образовательное учреждение, Детский сад компенсирующего вида, Бюджетное, Юго-Восточное окружное управление образования," 109559, г. Москва ул. Ставропольская, д. 52, корп. 2",(495) 358-26-07, dou1016@mail.ru,POINT(37.7666561 55.6808118)
 Государственное бюджетное образовательное учреждение города Москвы детский сад № 519, ГБОУ детский сад № 519,519, Дошкольное образовательное учреждение, Детский сад общеразвивающего вида с приоритетным осуществлением деятельности по одному из направлений развития детей, Бюджетное, Северное окружное управление образования," 127474, г. Москва, Бескудниковский бульвар, дом 23-а",(499) 487-61-03, sadik519@mail.ru,POINT(37.5550197 55.8669287)
 Государственное бюджетное образовательное учреждение города Москвы детский сад № 767, ГБОУ детский сад № 767,767, Дошкольное образовательное учреждение, Детский сад, Бюджетное, Юго-Западное окружное управление образования," 117342, г. Москва, улица Островитянова, дом 45 А",336-39-22, detsad767@mail.ru,POINT(37.5375892 55.6340008)
 Государственное бюджетное образовательное учреждение города Москвы детский сад №575, ГБОУ детский сад № 575,575, Дошкольное образовательное учреждение, Детский сад, Бюджетное, Восточное окружное управление образования," 105425, Москва, 5-я Парковая улица, д.57а",(499) 164-48-50, detsad-575@yandex.ru,POINT(37.7861423 55.8085251)
 Государственное бюджетное образовательное учреждение города Москвы детский сад комбинированного вида № 1109, ГБОУ детский сад № 1109,1 109, Дошкольное образовательное учреждение, Детский сад комбинированного вида, Бюджетное, Северное окружное управление образования," 125413, г. Москва, улица Зеленоградская, дом 1, корпус 1",(495) 453-20-83, ds1109@mail.ru; dou1109@yandex.ru,POINT(37.522961 55.860205)
 Государственное бюджетное образовательное учреждение города Москвы центр развития ребенка - детский сад № 753, ГБОУ ЦРР- детский сад № 753,753, Дошкольное образовательное учреждение, Центр развития ребенка – детский сад, Бюджетное, Восточное окружное управление образования," 111396, г. Москва, Союзный проспект, д. 10А",(495) 303-35-12, detsad753@list.ru; crr-detsad753@list.ru,POINT(37.8104914 55.7499032)
 Государственное бюджетное образовательное учреждение города Москвы детский сад комбинированного вида №1184, ГБОУ детский сад № 1184,1 184, Дошкольное образовательное учреждение, Детский сад комбинированного вида, Бюджетное, Центральное окружное управление образования," 103045, г. Москва, Даев переулок, 16 стр.9",207-37-25, detsad1184@mail.ru,POINT(37.637608 55.769541)
 Государственное бюджетное образовательное учреждение города Москвы детский сад №1084, ГБОУ детский сад №1084,1 084, Дошкольное образовательное учреждение, Детский сад, Бюджетное, Восточное окружное управление образования," 105264, Москва, улица 9-ая Парковая , дом 41 А",(499) 164-78-95, detsad1084@yandex.ru,POINT(37.7962432 55.8017091)
 Государственное бюджетное образовательное учреждение города Москвы центр развития ребенка - детский сад № 1645, ГБОУ ЦРР-детский сад № 1645,1 645, Дошкольное образовательное учреждение, Центр развития ребенка – детский сад, Бюджетное, Северо-Восточное окружное управление образования," 127282, город Москва, Студеный проезд, дом 10А",(499) 478-99-44, tsrr1645@mail.ru,POINT(37.6575057 55.89261819999999)
 Государственное бюджетное образовательное учреждение города Москвы детский сад компенсирующего вида № 983, ГБОУ детский сад № 983,983, Дошкольное образовательное учреждение, Детский сад компенсирующего вида, Бюджетное, Юго-Западное окружное управление образования," 117574, Москва, Новоясеневский проспект, дом 16, корпус 3",422-01-88, dou983@ou.mosuzedu.ru; flura-usipova@rambler.ru,POINT(37.52184450000001 55.6069682)
 Государственное бюджетное образовательное учреждение города Москвы детский сад общеразвивающего вида № 903, ГБОУ детский сад № 903,903, Дошкольное образовательное учреждение, Детский сад общеразвивающего вида с приоритетным осуществлением деятельности по одному из направлений развития детей, Бюджетное, Южное окружное управление образования," 115563 г. Москва,ул. Генерала Белова д.19,корп. 3",(495) 394-02-54, dou903@sinergi.ru,POINT(37.72191 55.618375)
 Государственное бюджетное образовательное учреждение города Москвы центр развития ребенка - детский сад № 2576, ГБОУ ЦРР-детский сад № 2576,2 576, Дошкольное образовательное учреждение, Центр развития ребенка – детский сад, Бюджетное, Северо-Восточное окружное управление образования," 127224, город Москва, улица Широкая, дом 17, корпус 5",(499) 476-13-02, crr2576@mail.ru,POINT(37.6681 55.889658)
 Государственное бюджетное образовательное учреждение города Москвы детский сад общеразвивающего вида с приоритетным осуществлением деятельности по художественно-эстетическому развитию детей № 729, ГБОУ детский сад № 729,729, Дошкольное образовательное учреждение, Детский сад общеразвивающего вида с приоритетным осуществлением деятельности по одному из направлений развития детей, Бюджетное, Центральное окружное управление образования," 121069 г. Москва,Новинский бульвар, д.18 стр.1",(495) 691-03-85, gou729@yandex.ru; d.729@yandex.ru,POINT(37.5848697 55.75572760000001)
 Государственное бюджетное образовательное учреждение города Москвы детский сад комбинированного вида № 2334, ГБОУ детский сад № 2334,2 334, Дошкольное образовательное учреждение, Детский сад комбинированного вида, Бюджетное, Центральное окружное управление образования," 105062, г. Москва, Фурманный пер., д.8",(499) 764-97-60, sad2334@mail.ru,POINT(37.649303 55.7641742)
 Государственное бюджетное образовательное учреждение города Москвы детский сад № 2588, ГБОУ детский сад №2588,2 588, Дошкольное образовательное учреждение, Детский сад, Бюджетное, Юго-Западное окружное управление образования," 117042, г.Москва, ул. Южнобутовская, д. 35",(499)793-15-36, dou2588@ou.mosuzedu.ru; ds2588@mosuzedu.ru; klepova2588@mail.ru,POINT(37.536301 55.5379152)
 Государственное бюджетное образовательное учреждение города Москвы детский сад № 2691, ГБОУ детский сад №2691,2 691, Дошкольное образовательное учреждение, Детский сад, Бюджетное, Юго-Западное окружное управление образования," 117513, г. Москва, Ленинский проспект, дом 127А",(499)737-29-52, dou2691@ou.mosuzedu.ru,POINT(37.4755387 55.64440990000001)
 Государственное бюджетное образовательное учреждение города Москвы детский сад комбинированного вида № 7, ГБОУ детский сад № 7, 7, Дошкольное образовательное учреждение, Детский сад комбинированного вида, Бюджетное, Восточное окружное управление образования," 105173, г.Москва, пос. Акулово, д. 26 А",(495) 617-63-84, akulovo7@mail.ru,POINT(37.7037258 55.6989992)
 Государственное бюджетное образовательное учреждение города Москвы детский сад компенсирующего вида № 2183, ГБОУ детский сад № 2183,2 183, Дошкольное образовательное учреждение, Детский сад компенсирующего вида, Бюджетное, Западное окружное управление образования," 121500, г.Москва, ул. Новорублевская, д. 8",(499) 727-24-00, dou2183@mail.ru,POINT(37.3585834 55.78736809999999)
 Государственное бюджетное образовательное учреждение города Москвы детский сад № 422, ГБОУ детский сад № 422,422, Дошкольное образовательное учреждение, Детский сад, Бюджетное, Южное окружное управление образования," 115404 г. Москва, Липецкая ул., д.20, корп.2",(495) 327-54-18, dou422@sinergi.ru,POINT(37.6694419 55.593753)
 Государственное бюджетное образовательное учреждение города Москвы центр развития ребенка - детский сад № 1591, ГБОУ ЦРР-детский сад № 1591,1 591, Дошкольное образовательное учреждение, Центр развития ребенка – детский сад, Бюджетное, Северо-Восточное окружное управление образования," 129327, г. Москва, Чукотский проезд, д. 4, корп. 2",(499) 186-44-47, dc1591@yandex.ru,POINT(37.653796 55.86758709999999)
 Государственное бюджетное образовательное учреждение города Москвы детский сад общеразвивающего вида № 2461, ГБОУ детский сад № 2461,2 461, Дошкольное образовательное учреждение, Детский сад общеразвивающего вида с приоритетным осуществлением деятельности по одному из направлений развития детей, Бюджетное, Юго-Западное окружное управление образования," 117216, г. Москва, бульвар Дмитрия Донского, дом 9, корпус 6",713-84-01, ds2461@mail.ru,POINT(37.578333 55.567429)
 Государственное бюджетное образовательное учреждение города Москвы детский сад № 2505, ГБОУ детский сад № 2505,2 505, Дошкольное образовательное учреждение, Детский сад, Бюджетное, Восточное окружное управление образования," 105568, Москва, улица Челябинская дом 26",(499) 308-29-22, detsad2505@yandex.ru,POINT(37.8348846 55.777749)
 Государственное бюджетное образовательное учреждение города Москвы детский сад компенсирующего вида № 276, ГБОУ детский сад № 276,276, Дошкольное образовательное учреждение, Детский сад компенсирующего вида, Бюджетное, Восточное окружное управление образования," 105077 г. Москва, ул.15 Парковая, дом 20 А",(495) 465-44-48, gou-vostok276@yandex.ru,POINT(37.8195488 55.7979911)
 Государственное бюджетное образовательное учреждение города Москвы детский сад № 476, ГБОУ детский сад № 476,476, Дошкольное образовательное учреждение, Детский сад, Бюджетное, Юго-Восточное окружное управление образования," 115088, г. Москва, улица Шарикоподшипниковская, дом 30 А, корпус 2",(495) 675-55-69, ds476@yandex.ru,POINT(37.673182 55.716843)
 Государственное бюджетное образовательное учреждение города Москвы детский сад № 1937, ГБОУ детский сад № 1937,1 937, Дошкольное образовательное учреждение, Детский сад, Бюджетное, Западное окружное управление образования," 121351, г.Москва, ул. Партизанская, д. 10, корп. 3",(495) 417-67-15, detsad1937@mail.ru,POINT(37.4140518 55.7325169)
 Государственное бюджетное образовательное учреждение города Москвы детский сад № 457, ГБОУ детский сад № 457,457, Дошкольное образовательное учреждение, Детский сад, Бюджетное, Северное окружное управление образования," 125319, г. Москва, улица 8 Марта, дом 15",(499) 152-19-26, best.dou457@mail.ru,POINT(37.5497634 55.8051596)
" Государственное бюджетное образовательное учреждение города Москвы детский сад № 727 ""Непоседы"""," ГБОУ детский сад № 727 ""Непоседы""",727, Дошкольное образовательное учреждение, Детский сад, Бюджетное, Северо-Западное окружное управление образования," 125363, г. Москва, ул. Нелидовская, д. 10, корп. 1",(499) 740-70-98,  dou727@szouo.ru,POINT(37.4428544 55.84604030000001)
 Государственное бюджетное образовательное учреждение города Москвы детский сад комбинированного вида № 2403, ГБОУ детский сад № 2403,2 403, Дошкольное образовательное учреждение, Детский сад комбинированного вида, Бюджетное, Юго-Восточное окружное управление образования," 109451, г. Москва, ул. Братиславская, дом 17, корп.2",(495) 658-89-23, DS_2403@mail.ru,POINT(37.7623115 55.6594381)
 Государственное бюджетное образовательное учреждение города Москвы детский сад № 654, ГБОУ детский сад № 654,654, Дошкольное образовательное учреждение, Детский сад, Бюджетное, Южное окружное управление образования," 115142 г.Москва, ул.Затонная, д.10, к.2",(499) 615-89-72, dou654@sinergi.ru,POINT(37.6835255 55.6775189)
 Государственное бюджетное образовательное учреждение города Москвы детский сад комбинированного вида № 1053, ГБОУ детский сад №1053,1 053, Дошкольное образовательное учреждение, Детский сад комбинированного вида, Бюджетное, Троицкое и новомосковское окружное управление образования," 105318, Москва Город, Семеновская Площадь, 4",#Н/Д, detsad32@inbox.ru,POINT(37.7210321 55.7813321)
 Государственное бюджетное образовательное учреждение города Москвы детский сад комбинированного вида № 968, ГБОУ детский сад № 968,968, Дошкольное образовательное учреждение, Детский сад комбинированного вида, Бюджетное, Юго-Восточное окружное управление образования," 109548, Москва, ул. Шоссейная, д. 10",(495) 353-41-11, detskeisad968@mail.ru,POINT(37.7232412 55.6890121)
 Государственное бюджетное образовательное учреждение города Москвы центр развития ребенка - детский сад № 1607, ГБОУ ЦРР - детский сад № 1607,1 607, Дошкольное образовательное учреждение, Центр развития ребенка – детский сад, Бюджетное, Юго-Западное окружное управление образования," г. Москва, 117342,ул. Островитянова, д. 41А",8-495-336-42-33, gou1607@mosuzedu.ru,POINT(37.5342504 55.6329298)
 Государственное бюджетное образовательное учреждение города Москвы центр развития ребенка – детский сад № 1608, ГБОУ ЦРР - детский сад № 1608,1 608, Дошкольное образовательное учреждение, Центр развития ребенка – детский сад, Бюджетное, Северное окружное управление образования," 127486, г. Москва, Дегунинская улица, дом 26, корпус 1",(499) 905-84-53, gou1608@mail.ru,POINT(37.531455 55.868742)
" Государственное бюджетное образовательное учреждение города Москвы центр развития ребенка - детский сад № 1104 ""Семицветик""", ГБОУ ЦРР – детский сад № 1104 «Семицветик»,1 104, Дошкольное образовательное учреждение, Центр развития ребенка – детский сад, Бюджетное, Троицкое и новомосковское окружное управление образования," 142770, Москва Город, Сосенское Поселение, Коммунарка Поселок",#Н/Д, dou27@list.ru; dou1104@ou.mosuzedu.ru,POINT(37.4806535 55.5653108)
 Государственное бюджетное образовательное учреждение города Москвы детский сад компенсирующего вида № 1701, ГБОУ детский сад № 1701,1 701, Дошкольное образовательное учреждение, Детский сад компенсирующего вида, Бюджетное, Юго-Западное окружное управление образования," 117465, г.Москва, улица Генерала Тюленева, дом 5, корпус 2",339-11-61, Detskiysad1701@yandex.ru,POINT(37.486246 55.624417)
 Государственное бюджетное образовательное учреждение города Москвы детский сад № 2327, ГБОУ детский сад № 2327,2 327, Дошкольное образовательное учреждение, Детский сад, Бюджетное, Юго-Восточное окружное управление образования," 109144, г. Москва, ул. Люблинская д.163/1 корп.1",(495) 349-69-38, ds2327@uvuo.ru; sad2327@yandex.ru,POINT(37.745686 55.65213)
" Государственное бюджетное образовательное учреждение города Москвы центр развития ребенка - детский сад № 1619 ""Лебедушка"""," ГБОУ ЦРР - детский сад № 1619 ""Лебедушка""",1 619, Дошкольное образовательное учреждение, Центр развития ребенка – детский сад, Бюджетное, Южное окружное управление образования," 115404 г. Москва, Бирюлевская ул., д.7, к.3",(495) 327-37-74, dou1619@sinergi.ru,POINT(37.6666885 55.5992433)
 Государственное бюджетное образовательное учреждение города Москвы детский сад № 1321, ГБОУ детский сад № 1321,1 321, Дошкольное образовательное учреждение, Детский сад, Бюджетное, Юго-Восточное окружное управление образования," 115088, г. Москва, ул. Шарикоподшипниковская, дом 2",(495) 674-34-13, gouds1321@mail.ru,POINT(37.6680696 55.72193)
 Государственное бюджетное образовательное учреждение города Москвы детский сад присмотра и оздоровления № 299, ГБОУ детский сад,299, Дошкольное образовательное учреждение, Детский сад присмотра и оздоровления, Бюджетное, Центральное окружное управление образования," 105082 г. Москва, Большая Почтовая улица, дом 14 корп.А",(499) 261-84-58, goudetsad299@mail.ru,POINT(37.693262 55.7754827)
 Государственное бюджетное образовательное учреждение города Москвы центр развития ребенка - детский сад № 1674, ГБОУ ЦРР - детский сад № 1674,1 674, Дошкольное образовательное учреждение, Центр развития ребенка – детский сад, Бюджетное, Южное окружное управление образования," 115682 г. Москва Ореховый бул-р, 67 корп.3",(495) 344-16-64, dou1674@sinergi.ru; dou1674buh@sinergi.ru,POINT(37.758366 55.61932299999999)
 Государственное бюджетное образовательное учреждение города Москвы детский сад общеразвивающего вида № 2280, ГБОУ детский сад № 2280,2 280, Дошкольное образовательное учреждение, Детский сад общеразвивающего вида с приоритетным осуществлением деятельности по одному из направлений развития детей, Бюджетное, Восточное окружное управление образования," 105043, г.Москва, 5 Парковая ул., д. 5 а",(499) 367-77-36, detsad2280@qmail.com; zavsadgalina@gmail.com,POINT(37.7873311 55.7890677)
 Государственное бюджетное образовательное учреждение города Москвы детский сад общеразвивающего вида № 1241, ГБОУ детский сад № 1241,1 241, Дошкольное образовательное учреждение, Детский сад общеразвивающего вида с приоритетным осуществлением деятельности по одному из направлений развития детей, Бюджетное, Южное окружное управление образования," 115561 г. Москва, Домодедовская ул. д.17, к.2",(495) 392-12-21, dou1241@sinergi.ru,POINT(37.7116245 55.6081904)
 Государственное бюджетное образовательное учреждение города Москвы детский сад № 1966, ГБОУ детский сад № 1966,1 966, Дошкольное образовательное учреждение, Детский сад, Бюджетное, Южное окружное управление образования," 115573 г.Москва, Ореховый пр., д.37, к.3",(495) 393-17-22, dou1966@sinergi.ru,POINT(37.7327579 55.61769700000001)
 Государственное бюджетное образовательное учреждение города Москвы детский сад комбинированного вида № 2407, ГБОУ детский сад № 2407,2 407, Дошкольное образовательное учреждение, Детский сад комбинированного вида, Бюджетное, Юго-Восточное окружное управление образования," 109462, г. Москва, ул. Юных Ленинцев, д.45, корп.3",(499) 179-20-07, ds2407@yandex.ru,POINT(37.7553834 55.70187929999999)
 Государственное бюджетное образовательное учреждение города Москвы детский сад № 2323, ГБОУ детский сад № 2323,2 323, Дошкольное образовательное учреждение, Детский сад, Бюджетное, Юго-Восточное окружное управление образования," 109652 , г.Москва, Люблинская ул., д.177",(495) 658-64-08, ds2323@yandex.ru,POINT(37.7487637 55.6456005)
 Государственное бюджетное образовательное учреждение города Москвы детский сад № 2148, ГБОУ детский сад № 2148,2 148, Дошкольное образовательное учреждение, Детский сад, Бюджетное, Северо-Восточное окружное управление образования," ""127566, г.Москва, ул.Бестужевых, дом 12 ""Д""",(499) 203-34-66, luda18.05.63@mail.ru; dou2148@yandex.ru,POINT(37.6078749 55.8704374)
 Государственное бюджетное образовательное учреждение города Москвы детский сад комбинированного вида № 1096, ГБОУ детский сад № 1096,1 096, Дошкольное образовательное учреждение, Детский сад комбинированного вида, Бюджетное, Троицкое и новомосковское окружное управление образования," 105318, Москва Город, Семеновская Площадь, 4",#Н/Д, —,POINT(37.7210321 55.7813321)
 Государственное бюджетное образовательное учреждение города Москвы детский сад комбинированного вида № 656, ГБОУ детский сад комбинированного вида № 656,656, Дошкольное образовательное учреждение, Детский сад комбинированного вида, Бюджетное, Северное окружное управление образования," 127644, г. Москва, улица Клязьминская, дом 19А",(495) 486-81-77, ds656@list.ru,POINT(37.5285532 55.8915418)
 Государственное бюджетное образовательное учреждение города Москвы детский сад № 1280, ГБОУ детский сад №1280,1 280, Дошкольное образовательное учреждение, Детский сад, Бюджетное, Юго-Западное окружное управление образования," 117463, г. Москва, ул. Инессы Арманд, дом 9А",8(495)422-23-22, gou1280@mosuzedu.ru,POINT(37.5476774 55.5908424)
 Государственное бюджетное образовательное учреждение города Москвы детский сад общеразвивающего вида № 263, ГБОУ детский сад № 263,263, Дошкольное образовательное учреждение, Детский сад общеразвивающего вида с приоритетным осуществлением деятельности по одному из направлений развития детей, Бюджетное, Юго-Восточное окружное управление образования," 109444, г. Москва Самаркандский бульвар, д. 24, корпус 4",(499) 741-63-80, malinki263@mail.ru,POINT(37.8189331 55.7021254)
 Государственное бюджетное образовательное учреждение города Москвы детский сад компенсирующего вида № 1020, ГБОУ детский сад № 1020,1 020, Дошкольное образовательное учреждение, Детский сад компенсирующего вида, Бюджетное, Северное окружное управление образования," 127591, г. Москва, улица Дубнинская, дом 38, корпус 2",(495) 485-97-32, gou1020@mail.ru,POINT(37.5605221 55.887467)
 Государственное бюджетное образовательное учреждение города Москвы детский сад общеразвивающего вида № 1473, ГБОУ детский сад № 1473,1 473, Дошкольное образовательное учреждение, Детский сад общеразвивающего вида с приоритетным осуществлением деятельности по одному из направлений развития детей, Бюджетное, Южное окружное управление образования," 115573 г. Москва,ул. М. Джалиля, д.2,к.4",(495) 395-30-59, dou1473@sinergi.ru,POINT(37.7367723 55.6227071)
 Государственное бюджетное образовательное учреждение города Москвы детский сад комбинированного вида № 1149, ГБОУ детский сад № 1149,1 149, Дошкольное образовательное учреждение, Детский сад комбинированного вида, Бюджетное, Западное окружное управление образования," 121471, г.Москва, ул. Гвардейская, д. 10",(495) 446-26-75, dou1149@mail.ru,POINT(37.4253373 55.7228229)
 Государственное бюджетное образовательное учреждение города Москвы центр развития ребенка - детский сад № 2342, ГБОУ ЦРР - детский сад № 2342,2 342, Дошкольное образовательное учреждение, Центр развития ребенка – детский сад, Бюджетное, Южное окружное управление образования," 115211 г. Москва, Борисовские пруды ул.д.14,к.6",(495) 340-15-02, dou2342@sinergi.ru,POINT(37.746172 55.63381)
 Государственное бюджетное образовательное учреждение города Москвы детский сад комбинированного вида № 1413, ГБОУ детский сад № 1413,1 413, Дошкольное образовательное учреждение, Детский сад комбинированного вида, Бюджетное, Юго-Восточное окружное управление образования," 109542, г. Москва, Сормовская ул., дом 6, корп. 2",(495) 377-53-91, detskiy_sad1413@mail.ru,POINT(37.8109173 55.7114597)
 Государственное бюджетное образовательное учреждение города Москвы детский сад общеразвивающего вида № 2078, ГБОУ детский сад № 2078,2 078, Дошкольное образовательное учреждение, Детский сад общеразвивающего вида с приоритетным осуществлением деятельности по одному из направлений развития детей, Бюджетное, Восточное окружное управление образования," 107014, г. Москва, ул. Егерьская, д.2.",(499) 268-09-00, gou2078@mail.ru,POINT(37.6834441 55.792774)
 Государственное бюджетное образовательное учреждение города Москвы детский сад № 803, ГБОУ детский сад № 803,803, Дошкольное образовательное учреждение, Детский сад, Бюджетное, Западное окружное управление образования," 121354, г.Москва, Можайское шоссе, д. 38, корп. 5",(495) 446-06-68, sad803@mail.ru,POINT(37.4112214 55.7190711)
 Государственное бюджетное образовательное учреждение города Москвы детский сад комбинированного вида № 797, ГБОУ детский сад № 797,797, Дошкольное образовательное учреждение, Детский сад комбинированного вида, Бюджетное, Западное окружное управление образования," 119136, г.Москва, 2-й Сетуньский проезд, д. 12, корп. 1",(499) 240-84-20, dou797@mail.ru,POINT(37.5358919 55.731333)
 Государственное бюджетное образовательное учреждение города Москвы детский сад общеразвивающего вида № 1317, ГБОУ детский сад № 1317,1 317, Дошкольное образовательное учреждение, Детский сад общеразвивающего вида с приоритетным осуществлением деятельности по одному из направлений развития детей, Бюджетное, Юго-Восточное окружное управление образования," 109651, г. Москва, Батайский проезд, дом 15",(499) 356-04-31, GOYDetskiisad-1317@yandex.ru,POINT(37.7160232 55.6436345)
 Государственное бюджетное образовательное учреждение города Москвы детский сад № 893, ГБОУ детский сад № 893,893, Дошкольное образовательное учреждение, Детский сад, Бюджетное, Северное окружное управление образования," 125581, г. Москва, Фестивальная улица, дом 16А",(495) 453-65-56, ds.893@yandex.ru,POINT(37.4981229 55.8588095)
 Государственное бюджетное образовательное учреждение города Москвы детский сад №1518, ГБОУ детский сад №1518,1 518, Дошкольное образовательное учреждение, Детский сад, Бюджетное, Восточное окружное управление образования," 111141,Москва, ул. Перовская, дом 47,стр.1",(495) 309-36-60, detsad1518@rambler.ru,POINT(37.7851704 55.7464443)
 Государственное бюджетное образовательное учреждение города Москвы детский сад № 2687, ГБОУ детский сад № 2687,2 687, Дошкольное образовательное учреждение, Детский сад, Бюджетное, Юго-Западное окружное управление образования," 117148, город Москва, улица Маршала Савицкого, дом 22, корпус 3",(499) 234-30-71, dou2687@mosuzedu.ru,POINT(37.5916381 55.50278290000001)
 Государственное бюджетное образовательное учреждение города Москвы детский сад общеразвивающего вида с приоритетным осуществлением деятельности по физическому развитию детей № 1750, ГОУ детский сад общеразвивающего вида № 1750,1 750, Дошкольное образовательное учреждение, Детский сад общеразвивающего вида с приоритетным осуществлением деятельности по одному из направлений развития детей, Бюджетное, Южное окружное управление образования," 117587 г. Москва, Варшавское шоссе, 114 А",(495) 316-78-11, dou1750@sinergi.ru,POINT(37.6157304 55.6360632)
 Государственное бюджетное образовательное учреждение города Москвы детский сад комбинированного вида № 2344, ГБОУ детский сад № 2344,2 344, Дошкольное образовательное учреждение, Детский сад комбинированного вида, Бюджетное, Юго-Западное окружное управление образования," 117042, город Москва, улица Южнобутовская, дом 59",715-06-45, dou2344@mosuzedu.ru,POINT(37.5306701 55.5358022)
 Государственное бюджетное образовательное учреждение города Москвы детский сад № 1931, ГБОУ детский сад № 1931,1 931, Дошкольное образовательное учреждение, Детский сад, Бюджетное, Центральное окружное управление образования," 123056, г. Москва, пер. Большой Кондратьевский, д 4, стр.1.",(499) 254-11-38, detsad1931@mail.ru,POINT(37.582815 55.772273)
 Государственное бюджетное образовательное учреждение города Москвы детский сад общеразвивающего вида № 1289, ГБОУ детский сад № 1289,1 289, Дошкольное образовательное учреждение, Детский сад общеразвивающего вида с приоритетным осуществлением деятельности по одному из направлений развития детей, Бюджетное, Восточное окружное управление образования," 107497, г. Москва, ул. Байкальская, д. 46 А",(495) 467-99-38, ds.1289@yandex.ru,POINT(37.8179328 55.8153592)
 Государственное бюджетное образовательное учреждение города Москвы детский сад № 75, ГБОУ детский сад № 75, 75, Дошкольное образовательное учреждение, Детский сад, Бюджетное, Восточное окружное управление образования," 107370, город Москва,Открытое шоссе, дом 6",(499) 168-35-33, detsad_75@mail.ru; сайт детского сада №75 создан,POINT(37.7321574 55.8103135)
 Государственное бюджетное образовательное учреждение города Москвы детский сад комбинированного вида № 115, ГБОУ детский сад № 115,115, Дошкольное образовательное учреждение, Детский сад комбинированного вида, Бюджетное, Центральное окружное управление образования," 107140 г. Москва, Верхняя Красносельская ул., д.18",(499) 264-85-28, dc927@yandex.ru,POINT(37.6634402 55.7825932)
" Муниципальное автономное дошкольное образовательное учреждение ""Центр развития ребенка Детский сад №6"""," МАДОУ ""Детский сад №6""", 6, Дошкольное образовательное учреждение, Центр развития ребенка – детский сад, Автономное, Троицкое и новомосковское окружное управление образования," 142190, Россия, г.Москва, г.Троицк, улица Юбилейная, дом 1",#Н/Д, solnishko62007@yandex.ru,POINT(37.3021394 55.4721984)
 Государственное бюджетное образовательное учреждение города Москвы детский сад комбинированного вида № 1066, ГБОУ детский сад № 1066,1 066, Дошкольное образовательное учреждение, Детский сад комбинированного вида, Бюджетное, Троицкое и новомосковское окружное управление образования," 105318, Москва Город, Семеновская Площадь, 4",#Н/Д, dzyuba50@mail.ru,POINT(37.7210321 55.7813321)
 Государственное бюджетное образовательное учреждение города Москвы детский сад общеразвивающего вида № 939, ГБОУ детский сад № 939,939, Дошкольное образовательное учреждение, Детский сад общеразвивающего вида с приоритетным осуществлением деятельности по одному из направлений развития детей, Бюджетное, Северо-Восточное окружное управление образования," 127566, г.Москва, улица Бестужевых, дом 7-а",(499) 201-67-66, sad939@mail.ru,POINT(37.5994435 55.86970669999999)
 Государственное бюджетное образовательное учреждение города Москвы детский сад комбинированного вида № 1024, ГБОУ детский сад № 1024,1 024, Дошкольное образовательное учреждение, Детский сад комбинированного вида, Бюджетное, Южное окружное управление образования," 117208 г. Москва, ул. Чертановская,14 Б",(495) 312-71-92, dou1024@sinergi.ru,POINT(37.5957692 55.6297533)
 Государственное бюджетное образовательное учреждение города Москвы детский сад комбинированного вида № 1269, ГБОУ детский сад № 1269,1 269, Дошкольное образовательное учреждение, Детский сад комбинированного вида, Бюджетное, Западное окружное управление образования," 119361, г.Москва, ул.Озерная, д. 25 А",(495) 437-31-81, DS1269@yandex.ru,POINT(37.4547428 55.6756807)
 Государственное бюджетное образовательное учреждение города Москвы детский сад комбинированного вида № 1654, ГБОУ детский сад № 1654,1 654, Дошкольное образовательное учреждение, Детский сад комбинированного вида, Бюджетное, Восточное окружное управление образования," 107589, Москва, Байкальская ул., д.49 А",(495) 467-62-70, ds1654@mail.ru,POINT(37.8224955 55.8191223)
 Государственное бюджетное образовательное учреждение города Москвы детский сад № 2394, ГБОУ детский сад № 2394,2 394, Дошкольное образовательное учреждение, Детский сад, Бюджетное, Северное окружное управление образования," 127299, г. Москва, улица Приорова, дом 7",(495) 450-53-85, dc2394@bk.ru,POINT(37.5287194 55.818206)
 Государственное бюджетное образовательное учреждение города Москвы детский сад комбинированного вида № 1982, ГБОУ детский сад № 1982,1 982, Дошкольное образовательное учреждение, Детский сад комбинированного вида, Бюджетное, Центральное окружное управление образования," 105064 г. Москва, Малый Демидовский пер., дом 3 А",(499) 261-96-22, detsad1982@yandex.ru,POINT(37.6663619 55.7642726)
" Государственное бюджетное образовательное учреждение города Москвы центр развития ребенка - детский сад № 1169 ""Солнышко""", ГБОУ ЦРР – детский сад № 1169 «Солнышко»,1 169, Дошкольное образовательное учреждение, Центр развития ребенка – детский сад, Бюджетное, Троицкое и новомосковское окружное управление образования," 105318, г. Москва, пл Семеновская, д 4",#Н/Д, sad-22.seregina@yandex.ru,POINT(37.7210321 55.7813321)
 Государственное бюджетное образовательное учреждение города Москвы детский сад № 2668, ГБОУ детский сад № 2668,2 668, Дошкольное образовательное учреждение, Детский сад, Бюджетное, Северное окружное управление образования," 127486, г. Москва, улица Дегунинская, дом 21",(499) 905-87-80, sad2668@mail.ru,POINT(37.5293533 55.8691277)
 Государственное бюджетное образовательное учреждение города Москвы детский сад комбинированного вида № 1663, ГБОУ детский сад № 1663,1 663, Дошкольное образовательное учреждение, Детский сад комбинированного вида, Бюджетное, Южное окружное управление образования," 115408 г. Москва, ул. Братеевская, д.35, к.1",(495) 342-22-54, dou1663@sinergi.ru,POINT(37.7674704 55.6367659)
 Государственное бюджетное образовательное учреждение города Москвы детский сад № 1080, ГБОУ детский сад № 1080,1 080, Дошкольное образовательное учреждение, Детский сад, Бюджетное, Юго-Восточное окружное управление образования," 109125, Москва, Волжский б-р, дом 18 к.3",(499) 177-39-12, detsad1080@mail.ru,POINT(37.74035 55.710797)
 Государственное бюджетное образовательное учреждение города Москвы детский сад № 569, ГБОУ детский сад № 569,569, Дошкольное образовательное учреждение, Детский сад, Бюджетное, Западное окружное управление образования," 121096, г.Москва, 3-я Филевская, д. 8, корп. 3",(499) 145-46-11, dou569@mail.ru,POINT(37.4995072 55.73902690000001)
 Государственное бюджетное образовательное учреждение города Москвы детский сад № 2699, ГБОУ детский сад № 2699,2 699, Дошкольное образовательное учреждение, Детский сад, Бюджетное, Западное окружное управление образования," 119136, г.Москва, 2-й Сетуньский проезд, д. 12, корп. 2",(499) 240-84-29, ds2699@mail.ru,POINT(37.5351106 55.7311705)
 Государственное бюджетное образовательное учреждение города Москвы детский сад № 975, ГБОУ детский сад № 975,975, Дошкольное образовательное учреждение, Детский сад, Бюджетное, Юго-Западное окружное управление образования," 117465, г.Москва, улица Теплый Стан, дом 5А",338-49-66, dou975@ou.mosuzedu.ru,POINT(37.4974257 55.6208444)
 Государственное бюджетное образовательное учреждение города Москвы детский сад № 1070, ГБОУ детский сад № 1070,1 070, Дошкольное образовательное учреждение, Детский сад, Бюджетное, Юго-Западное окружное управление образования," 117463, г.Москва, Новоясеневский проспект, дом 38, корпус 3",8-495-425-86-33, detsad1070@mail.ru,POINT(37.544974 55.6016841)
 Государственное бюджетное образовательное учреждение города Москвы центр развития ребенка - детский сад № 563, ГБОУ ЦРР - детский сад № 563,563, Дошкольное образовательное учреждение, Центр развития ребенка – детский сад, Бюджетное, Южное окружное управление образования," 115516 г. Москва, Бехтерева ул. д.27/2",(495) 325-21-33, dou563@sinergi.ru,POINT(37.6495671 55.62594439999999)
 Государственное бюджетное образовательное учреждение города Москвы детский сад № 2423, ГБОУ детский сад № 2423,2 423, Дошкольное образовательное учреждение, Детский сад, Бюджетное, Юго-Восточное окружное управление образования," 109469, г. Москва, Перервинский б-р, д. 17, корп. 2",(495) 346-59-69, gou-2423@yandex.ru,POINT(37.7723956 55.6581753)
 Государственное бюджетное образовательное учреждение города Москвы детский сад общеразвивающего вида № 2392, ГБОУ детский сад № 2392,2 392, Дошкольное образовательное учреждение, Детский сад общеразвивающего вида с приоритетным осуществлением деятельности по одному из направлений развития детей, Бюджетное, Юго-Восточное окружное управление образования," 109559, г. Москва, ул. Цимлянская, дом 26",(495) 359-99-39, detsad2392@yandex.ru,POINT(37.7676148 55.6700065)
 Государственное бюджетное образовательное учреждение города Москвы детский сад № 2701, ГБОУ детский сад № 2701,2 701, Дошкольное образовательное учреждение, Детский сад, Бюджетное, Северо-Восточное окружное управление образования," 127495, город Москва, Дмитровское шоссе, дом 165 Д, корпус 3",(499) 661-10-54, DOUdc2701@yandex.ru,POINT(37.5366919 55.9153047)
 Государственное бюджетное образовательное учреждение города Москвы детский сад комбинированного вида № 1311, ГБОУ детский сад № 1311,1 311, Дошкольное образовательное учреждение, Детский сад комбинированного вида, Бюджетное, Северо-Восточное окружное управление образования," 127576, город Москва, улица Новгородская, дом 3",(499) 200-38-00, ds1311@yandex.ru,POINT(37.578804 55.892526)
 Государственное бюджетное образовательное учреждение города Москвы детский сад № 1510, ГБОУ детский сад № 1510,1 510, Дошкольное образовательное учреждение, Детский сад, Бюджетное, Западное окружное управление образования," 121614, г.Москва, Осенний бульвар, д. 16, корп. 5",(495) 412-20-44, dou1510@mail.ru,POINT(37.4120494 55.7612831)
 Государственное бюджетное образовательное учреждение города Москвы детский сад общеразвивающего вида с приоритетным осуществлением деятельности по познавательно - речевому развитию детей №1589, ГБОУ г. Москвы детский сад №1589,1 589, Дошкольное образовательное учреждение, Детский сад общеразвивающего вида с приоритетным осуществлением деятельности по одному из направлений развития детей, Бюджетное, Центральное окружное управление образования," 129110 Москва, Напрудный пер., д.13",(495) 681-91-61, mkutilina@yandex.ru,POINT(37.63107919999999 55.7885086)
 Государственное бюджетное образовательное учреждение города Москвы детский сад № 1176, ГБОУ детский сад №1176,1 176, Дошкольное образовательное учреждение, Детский сад, Бюджетное, Восточное окружное управление образования," 105275, г.Москва, проспект Буденного, дом 29 А",(495) 365-44-40, DOU1176@yandex.ru,POINT(37.7313722 55.7682716)
 Государственное бюджетное образовательное учреждение города Москвы детский сад № 2335, ГБОУ детский сад № 2335,2 335, Дошкольное образовательное учреждение, Детский сад, Бюджетное, Северное окружное управление образования," 125284, г. Москва, 1-й Боткинский проезд, дом 4, корп. 2",(495) 945-33-74, dsbeg2335@soudo.ru,POINT(37.557651 55.7825776)
 Государственное бюджетное образовательное учреждение города Москвы детский сад № 38, ГБОУ детский сад № 38, 38, Дошкольное образовательное учреждение, Детский сад, Бюджетное, Южное окружное управление образования," 115582 г. Москва, Шипиловский пр-д, д.67, к.2",(495) 397-00-20, dou38@sinergi.ru,POINT(37.715419 55.598553)
 Государственное бюджетное образовательное учреждение города Москвы центр развития ребенка - детский сад № 1511, ГБОУ ЦРР-детский сад № 1511,1 511, Дошкольное образовательное учреждение, Центр развития ребенка – детский сад, Бюджетное, Западное окружное управление образования,"  г. Москва, Осенний бульвар, д.16, корп.3",(495) 415-56-96, detsad1511@yandex.ru,POINT(37.4121624 55.7603461)
 Государственное бюджетное образовательное учреждение города Москвы центр развития ребенка - детский сад № 1837, ГБОУ ЦРР-детский сад № 1837,1 837, Дошкольное образовательное учреждение, Центр развития ребенка – детский сад, Бюджетное, Северо-Восточное окружное управление образования," 127562, город Москва, улица Каргопольская, дом 15, корпус 1",(499) 907-08-77, crr-ds1837@mail.ru,POINT(37.5918784 55.8656379)
 Государственное бюджетное образовательное учреждение города Москвы детский сад № 2003, ГБОУ детский сад № 2003,2 003, Дошкольное образовательное учреждение, Детский сад, Бюджетное, Юго-Восточное окружное управление образования," 109542 г.Москва, ул. Вострухина, д.4, кор.2",(495) 371-55-09, gou2003@yandex.ru,POINT(37.799636 55.718127)
 Государственное бюджетное образовательное учреждение города Москвы центр развития ребенка - детский сад № 1277, ГБОУ ЦРР - детский сад № 1277,1 277, Дошкольное образовательное учреждение, Центр развития ребенка – детский сад, Бюджетное, Южное окружное управление образования," 115597 г.Москва, ул.Тамбовская, д.10, к.3",(495) 399-44-75, dou1277@sinergi.ru,POINT(37.742911 55.602415)
 Государственное бюджетное образовательное учреждение города Москвы детский сад общеразвивающего вида № 2459, ГБОУ детский сад № 2459,2 459, Дошкольное образовательное учреждение, Детский сад общеразвивающего вида с приоритетным осуществлением деятельности по одному из направлений развития детей, Бюджетное, Западное окружное управление образования," 119633 г.Москва, Боровское шоссе, д. 20, корп. 2",(495) 731-42-42, gouds2459@yandex.ru,POINT(37.366078 55.650292)
 Государственное бюджетное образовательное учреждение города Москвы детский сад № 2195, ГБОУ детский сад № 2195,2 195, Дошкольное образовательное учреждение, Детский сад, Бюджетное, Северное окружное управление образования," 127238, г. Москва, Локомотивный проезд, дом 7А",(499) 745-47-40, det.2195@yandex.ru,POINT(37.5762296 55.83982529999999)
 Государственное бюджетное образовательное учреждение города Москвы детский сад № 279, ГБОУ детский сад № 279,279, Дошкольное образовательное учреждение, Детский сад общеразвивающего вида с приоритетным осуществлением деятельности по одному из направлений развития детей, Бюджетное, Северное окружное управление образования," 127486, г. Москва, Дмитровское шосее, дом 93, корпус 2",(499) 488-22-44, gou279@mail.ru; sadic279@mail.ru,POINT(37.5426733 55.8704887)
 Государственное бюджетное образовательное учреждение города Москвы детский сад комбинированного вида № 23, ГБОУ детский сад № 23, 23, Дошкольное образовательное учреждение, Детский сад комбинированного вида, Бюджетное, Южное окружное управление образования," 115569 г. Москва,ул. Шипиловская,д.4",(495) 391-56-35, dou23@sinergi.ru,POINT(37.698317 55.616577)
 Государственное бюджетное образовательное учреждение города Москвы детский сад комбинированного вида № 1513, ГБОУ детский сад № 1513,1 513, Дошкольное образовательное учреждение, Детский сад комбинированного вида, Бюджетное, Южное окружное управление образования," 115569 г. Москва, Маршала Захарова,дом 6,кор.2",(495) 390-04-54, dou1513@sinergi.ru,POINT(37.7046118 55.6247331)
 Государственное бюджетное образовательное учреждение города Москвы центр развития ребенка - детский сад № 1661, ГБОУ ЦРР-детский сад № 1661,1 661, Дошкольное образовательное учреждение, Центр развития ребенка – детский сад, Бюджетное, Юго-Западное окружное управление образования," 117292, Москва, улица Ивана Бабушкина, д. 12",(499) 125-22-34, ds1661@mail.ru,POINT(37.56173 55.6861845)
 Государственное бюджетное образовательное учреждение города Москвы детский сад комбинированного вида № 1824, ГБОУ детский сад № 1824,1 824, Дошкольное образовательное учреждение, Детский сад, Бюджетное, Южное окружное управление образования," 115408 г. Москва, ул. Алма-Атинская, д.5, к.2",(495) 341-83-77, dou1824@sinergi.ru,POINT(37.7727672 55.6410091)
 Государственное бюджетное образовательное учреждение города Москвы детский сад № 2446, ГБОУ детский сад № 2446,2 446, Дошкольное образовательное учреждение, Детский сад, Бюджетное, Юго-Восточное окружное управление образования," 109651, г. Москва, ул. Подольская, дом 3",(499) 357-28-71, ds2446@yandex.ru,POINT(37.7133527 55.6541669)
 Государственное бюджетное образовательное учреждение города Москвы детский сад № 2610, ГБОУ детский сад № 2610,2 610, Дошкольное образовательное учреждение, Детский сад, Бюджетное, Юго-Восточное окружное управление образования," 111674, Москва, ул. 2-ая Вольская, дом 5, корпус 3",(499) 211-24-40, dsad2610@mail.ru,POINT(37.9219352 55.6879767)
 Государственное бюджетное образовательное учреждение города Москвы детский сад № 68, ГБОУ детский сад № 68, 68, Дошкольное образовательное учреждение, Детский сад, Бюджетное, Южное окружное управление образования," 115580 г. Москва,Кустанайская ул. д.2,корп.2",(495) 396-81-39, dou40@sinergi.ru,POINT(37.749091 55.621127)
 Государственное бюджетное образовательное учреждение города Москвы детский сад компенсирующего вида № 2334, ГБОУ детский сад № 2334,2 334, Дошкольное образовательное учреждение, Детский сад компенсирующего вида, Бюджетное, Юго-Восточное окружное управление образования," 109469, г. Москва, Марьинский бульвар, дом 8",(495) 658-64-21, gou2334@mail.ru,POINT(37.763756 55.6511301)
 Государственное бюджетное образовательное учреждение города Москвы детский сад комбинированного вида № 869, ГБОУ детский сад № 869,869, Дошкольное образовательное учреждение, Детский сад комбинированного вида, Бюджетное, Северное окружное управление образования," ""125195, г. Москва, Ленинградское шоссе, дом 106 ""А""",(495) 455-62-63, ds1894@yandex.ru,POINT(37.4700216 55.85918900000001)
 Государственное бюджетное образовательное учреждение города Москвы детский сад № 760, ГБОУ детский сад № 760,760, Дошкольное образовательное учреждение, Детский сад, Бюджетное, Восточное окружное управление образования," 111558, г. Москва, Зеленый проспект, д. 99А",(495) 302-34-90, detsad1767@yandex.ru,POINT(37.8278657 55.7514665)
 Государственное бюджетное образовательное учреждение города Москвы детский сад № 2570, ГБОУ детский сад № 2570,2 570, Дошкольное образовательное учреждение, Детский сад, Бюджетное, Западное окружное управление образования," 121352, г.Москва, ул. Кременчугская, д. 5, корп. 4",(499) 737-68-12, dou2570@mail.ru,POINT(37.4619594 55.7228972)
 Государственное бюджетное образовательное учреждение города Москвы детский сад компенсирующего вида № 2220, ГБОУ детский сад № 2220,2 220, Дошкольное образовательное учреждение, Детский сад компенсирующего вида, Бюджетное, Юго-Восточное окружное управление образования," 109145, г. Москва, ул. Пронская, дом № 5, корп. 2",(495) 705-47-99, ds2220log@mail.ru,POINT(37.8473631 55.701719)
" Государственное бюджетное образовательное учреждение города Москвы детский сад комбинированного вида № 734 ""Пчелка""", ГБОУ детский сад № 734,734, Дошкольное образовательное учреждение, Детский сад комбинированного вида, Бюджетное, Северо-Западное окружное управление образования," 125424, г. Москва, Волоколамский проезд дом 5 корп 3",(495) 490-12-79,  dou442@szouo.ru,POINT(37.4315224 55.8273039)
 Государственное бюджетное образовательное учреждение города Москвы детский сад № 2119, ГБОУ детский сад № 2119,2 119, Дошкольное образовательное учреждение, Детский сад, Бюджетное, Юго-Восточное окружное управление образования," 109428, Москва, Рязанский проспект, дом 45, корпус 2",(499) 171-65-48, dc2119@mail.ru,POINT(37.7615126 55.7270674)
 Государственное бюджетное образовательное учреждение города Москвы детский сад общеразвивающего вида №106, ГБОУ детский сад №106,106, Дошкольное образовательное учреждение, Детский сад общеразвивающего вида с приоритетным осуществлением деятельности по одному из направлений развития детей, Бюджетное, Восточное окружное управление образования," 111622, г. Москва, ул. Ветлужская, д.4 А",700-39-61, —,POINT(37.863099 55.7198546)
 Государственное бюджетное образовательное учреждение города Москвы детский сад № 1656, ГБОУ детский сад № 1656,1 656, Дошкольное образовательное учреждение, Детский сад, Бюджетное, Южное окружное управление образования," 115547 г. Москва, Михневский пр-д д.6 к.2",(495) 329-84-66, dou1656@sinergi.ru,POINT(37.666777 55.57707199999999)
 Государственное бюджетное образовательное учреждение города Москвы детский сад № 2498, ГОУ Детский сад №2498,2 498, Дошкольное образовательное учреждение, Детский сад, Бюджетное, Юго-Восточное окружное управление образования," 109559, г.Москва, ул.Верхние поля, дом 47, корпус 2",(499) 741-78-40, ds2498@rambler.ru,POINT(37.779334 55.667227)
 Государственное бюджетное образовательное учреждение города Москвы детский сад комбинированного вида № 44, ГБОУ детский сад №44, 44, Дошкольное образовательное учреждение, Детский сад комбинированного вида, Бюджетное, Северное окружное управление образования," 127591, г. Москва, улица Дубнинская, дом 34, корпус 2",(495) 485-98-35, gou_ds_22@mail.ru,POINT(37.5604664 55.8851522)
 Государственное бюджетное образовательное учреждение города Москвы детский сад № 1343, ГБОУ детский сад № 1343,1 343, Дошкольное образовательное учреждение, Детский сад, Бюджетное, Юго-Восточное окружное управление образования," 109129, г. Москва ул. Волжский бульвар д.34 корп.1.",(499) 178-60-28, det-sad1343@mail.ru,POINT(37.7468786 55.70322280000001)
 Государственное бюджетное образовательное учреждение города Москвы центр развития ребенка - детский сад № 2507, ГБОУ ЦРР - детский сад № 2507,2 507, Дошкольное образовательное учреждение, Центр развития ребенка – детский сад, Бюджетное, Северное окружное управление образования," 125252, г. Москва, Ходынский бульвар, дом 9, строение 2",(499) 740-51-08, zav.33@mail.ru; crr2507@rambler.ru,POINT(37.5275594 55.7846047)
 Государственное бюджетное образовательное учреждение города Москвы детский сад компенсирующего вида № 823, ГБОУ детский сад № 823,823, Дошкольное образовательное учреждение, Детский сад компенсирующего вида, Бюджетное, Западное окружное управление образования," 121467, г.Москва, ул. Ельнинская, д.12, корп. 3",(499) 141-75-88, zrenie823@mail.ru,POINT(37.4268226 55.7385055)
 Государственное бюджетное образовательное учреждение города Москвы детский сад комбинированного вида № 53, ГБОУ детский сад № 53, 53, Дошкольное образовательное учреждение, Детский сад комбинированного вида, Бюджетное, Центральное окружное управление образования," 105094 г. Москва, ул. Госпитальный Вал, д.3, корп.4",(495) 360-91-86, gou53@yandex.ru,POINT(37.7038048 55.7731152)
 Государственное бюджетное образовательное учреждение города Москвы детский сад № 2015, ГБОУ детский сад № 2015,2 015, Дошкольное образовательное учреждение, Детский сад, Бюджетное, Юго-Западное окружное управление образования," 117218, г. Москва, ул. Кржижановского, дом 28, корпус 2",129-78-00, detstvo2015@mail.ru; dou2015@ou.mosuzedu.ru,POINT(37.57821130000001 55.6759085)
 Государственное бюджетное образовательное учреждение города Москвы детский сад № 2728, ГБОУ детский сад № 2728,2 728, Дошкольное образовательное учреждение, Детский сад, Бюджетное, Восточное окружное управление образования," 111674, г. Москва, ул. Медведева, д. 6А",(499) 797-86-36, detsad2728@yandex.ru; dou2728@yandex.ru; nikishina-alla2728@yandex.ru,POINT(37.8853261 55.7180756)
 Государственное бюджетное образовательное учреждение города Москвы детский сад компенсирующего вида № 2708, ГБОУ детский сад компенсирующего вида № 2708,2 708, Дошкольное образовательное учреждение, Детский сад компенсирующего вида, Бюджетное, Юго-Западное окружное управление образования," 117148, г. Москва, ул. Маршала Савицкого, дом 18, корп. 3",8-499-232-39-38, dou2708@mosuzedu.ru,POINT(37.5903151 55.50275)
 Государственное бюджетное образовательное учреждение города Москвы детский сад № 430, ГБОУ детский сад № 430,430, Дошкольное образовательное учреждение, Детский сад, Бюджетное, Северное окружное управление образования," 125581, г. Москва, улица Фестивальная, дом 26а",(495) 453-15-30, ds430@mail.ru,POINT(37.502296 55.8598079)
 Государственное бюджетное образовательное учреждение города Москвы детский сад комбинированного вида № 1188, ГБОУ детский сад № 1188,1 188, Дошкольное образовательное учреждение, Детский сад комбинированного вида, Бюджетное, Северо-Восточное окружное управление образования," 127204, город Москва, улица 9-я Северная линия, дом 15, корпус 3",(499) 767-62-65, dous1188@yandex.ru,POINT(37.5490939 55.936253)
 Государственное бюджетное образовательное учреждение города Москвы детский сад комбинированного вида № 2229, ГБОУ детский сад № 2229,2 229, Дошкольное образовательное учреждение, Детский сад комбинированного вида, Бюджетное, Восточное окружное управление образования," 111531,г. Москва, улица Саянская, д.13 А",(495) 300-46-00, gou2229@mail.ru,POINT(37.8354816 55.769579)
 Государственное бюджетное образовательное учреждение города Москвы детский сад общеразвивающего вида № 2438, ГБОУ детский сад № 2438,2 438, Дошкольное образовательное учреждение, Детский сад общеразвивающего вида с приоритетным осуществлением деятельности по одному из направлений развития детей, Бюджетное, Западное окружное управление образования," 119602, г. Москва, ул. Академика Анохина, д. 52",(495) 438-90-01, dou2438@mail.ru,POINT(37.4687062 55.6525859)
 Государственное бюджетное образовательное учреждение города Москвы центр развития ребенка - детский сад № 1743, ГБОУ ЦРР - детский сад № 1743,1 743, Дошкольное образовательное учреждение, Центр развития ребенка – детский сад, Бюджетное, Южное окружное управление образования," 115573, г. Москва, ул. Мусы Джалиля, дом 6, корпус 4",(495) 395-06-92, dou1743@sinergi.ru,POINT(37.73571500000001 55.627919)
 Государственное бюджетное образовательное учреждение города Москвы детский сад компенсирующего вида № 1040, ГБОУ детский сад № 1040,1 040, Дошкольное образовательное учреждение, Детский сад компенсирующего вида, Бюджетное, Южное окружное управление образования," 115573 г.Москва, Ореховый пр-д, д.29, к.2",(495) 393-57-00, dou1040@sinergi.ru,POINT(37.731769 55.620487)
 Государственное бюджетное образовательное учреждение города Москвы детский сад № 1650, ГБОУ детский сад № 1650,1 650, Дошкольное образовательное учреждение, Детский сад, Бюджетное, Западное окружное управление образования," 121351 г.Москва, ул. Партизанская, д. 9, корп. 3",(095) 416-62-81, ds1650@mail.ru,POINT(37.4086384 55.7301547)
 Государственное бюджетное образовательное учреждение города Москвы центр развития ребенка - детский сад № 1654, ГБОУ ЦРРДС № 1654,1 654, Дошкольное образовательное учреждение, Центр развития ребенка – детский сад, Бюджетное, Юго-Западное окружное управление образования," 117186, г. Москва, ул. Нагорная, дом 21, корпус 2",(499) 123-42-11, dou1654@ou.mosuzedu.ru; gou1654@mail.ru,POINT(37.6036141 55.67721299999999)
 Государственное бюджетное образовательное учреждение города Москвы детский сад комбинированного вида № 1152, ГБОУ детский сад № 1152,1 152, Дошкольное образовательное учреждение, Детский сад комбинированного вида, Бюджетное, Южное окружное управление образования," 115470 г. Москва, Судостроительная ул., д.11, к.2",(499) 612-00-55, dou1152@sinergi.ru,POINT(37.6706289 55.6813125)
 Государственное бюджетное образовательное учреждение города Москвы детский сад с этнокультурным (еврейским) компонентом образования № 1136, ГБОУ детский сад № 1136,1 136, Дошкольное образовательное учреждение, Детский сад с этнокультурным (национальным) компонентом образования, Бюджетное, Юго-Западное окружное управление образования," 119296, г.Москва, Ломоносовский проспект, дом № 18",939-07-82, ds-1136@yandex.ru,POINT(37.5395255 55.6919244)
 Государственное бюджетное образовательное учреждение города Москвы детский сад № 1521, ГБОУ детский сад № 1521,1 521, Дошкольное образовательное учреждение, Детский сад, Бюджетное, Восточное окружное управление образования," 107564, г. Москва, ул. 1-я Гражданская, д. 94",(499) 168-61-37, ds1521@yandex.ru; нет,POINT(37.7081573 55.8077889)
 Государственное бюджетное образовательное учреждение города Москвы детский сад комбинированного вида № 2406, ГБОУ детский сад № 2406,2 406, Дошкольное образовательное учреждение, Детский сад комбинированного вида, Бюджетное, Юго-Восточное окружное управление образования," 109431, г. Москва ул. Авиаконструктора Миля, д. 13, корп. 2",(495) 704-54-66, dc-2406@yandex.ru,POINT(37.8581551 55.68195069999999)
 Государственное бюджетное образовательное учреждение города Москвы детский сад компенсирующего вида № 109, ГБОУ детский сад № 109,109, Дошкольное образовательное учреждение, Детский сад компенсирующего вида, Бюджетное, Восточное окружное управление образования," 107014, г.Москва, 2 Полевой переулок, д.4",(499) 269-07-97, sadik77@bk.ru,POINT(37.6825448 55.79133789999999)
 Государственное бюджетное образовательное учреждение города Москвы детский сад общеразвивающего вида № 2224, ГБОУ детский сад № 2224,2 224, Дошкольное образовательное учреждение, Детский сад общеразвивающего вида с приоритетным осуществлением деятельности по одному из направлений развития детей, Бюджетное, Юго-Восточное окружное управление образования," 109388, Москва, ул. Гурьянова, дом 85",(499) 746-46-30, dou2224@mail.ru,POINT(37.71887419999999 55.6758507)
" Государственное бюджетное образовательное учреждение города Москвы центр развития ребенка - детский сад № 1160 ""Кленочек""", ГБОУ ЦРР – детский сад № 1160 «Кленочек»,1 160, Дошкольное образовательное учреждение, Центр развития ребенка – детский сад, Бюджетное, Троицкое и новомосковское окружное управление образования," 142136 г. Москва, поселение Кленовское, с. Кленово, ул. Мичурина, д. 6",#Н/Д, klenochekds@mail.ru,POINT(37.3433059 55.3234307)
 Государственное бюджетное образовательное учреждение города Москвы детский сад комбинированного вида № 2430, ГБОУ детский сад № 2430,2 430, Дошкольное образовательное учреждение, Детский сад комбинированного вида, Бюджетное, Западное окружное управление образования," 119602, г.Москва, ул. Академика Анохина, д. 4, корп. 6",(495) 735-75-15, dou2430@mail.ru,POINT(37.4699332 55.6708474)
 Государственное бюджетное образовательное учреждение города Москвы детский сад комбинированного вида № 1497, ГБОУ детский сад № 1497,1 497, Дошкольное образовательное учреждение, Детский сад комбинированного вида, Бюджетное, Центральное окружное управление образования," 127006 Москва, ул. Фадеева, дом 2, строение 2",(499) 973-56-82, detsad1497@mail.ru,POINT(37.6026199 55.77279009999999)
 Государственное бюджетное образовательное учреждение города Москвы детский сад общеразвивающего вида № 2038, ГБОУ детский сад № 2038,2 038, Дошкольное образовательное учреждение, Детский сад общеразвивающего вида с приоритетным осуществлением деятельности по одному из направлений развития детей, Бюджетное, Юго-Западное окружное управление образования," 117628, г.Москва, ул.Коктебельская, д.2А",711-50-90, dou2038@mosuzedu.ru,POINT(37.5864488 55.5668401)
 Государственное бюджетное образовательное учреждение города Москвы детский сад компенсирующего вида № 289, ГБОУ детский сад № 289,289, Дошкольное образовательное учреждение, Детский сад компенсирующего вида, Бюджетное, Северное окружное управление образования," 125167, г. Москва, улица Константина Симонова, дом 3",(495) 613-85-38, ds289@mail.ru,POINT(37.5405915 55.7986143)
 Государственное бюджетное образовательное учреждение города Москвы детский сад комбинированного вида № 1193, ГБОУ детский сад № 1193,1 193, Дошкольное образовательное учреждение, Детский сад комбинированного вида, Бюджетное, Северо-Восточное окружное управление образования," 127549, г.Москва, Алтуфьевское шоссе, д.64 Б",(499) 902-46-88, monchak.gboudetsad1193@yandex.ru,POINT(37.5889542 55.8849111)
 Государственное бюджетное образовательное учреждение города Москвы детский сад общеразвивающего вида № 2129, ГБОУ детский сад № 2129,2 129, Дошкольное образовательное учреждение, Детский сад общеразвивающего вида с приоритетным осуществлением деятельности по одному из направлений развития детей, Бюджетное, Юго-Восточное окружное управление образования," 109387, г. Москва Кубанская ул., д. 22. корпус 2",(495) 350-09-61, gou-2129@yandex.ru,POINT(37.746944 55.683011)
 Государственное бюджетное образовательное учреждение города Москвы центр развития ребенка - детский сад № 1794, ГБОУ ЦРР - детский сад № 1794,1 794, Дошкольное образовательное учреждение, Центр развития ребенка – детский сад, Бюджетное, Южное окружное управление образования," 117639 г. Москва, Балаклавский пр-т, д.3-а",(495) 316-31-88, dou1794@sinergi.ru,POINT(37.6120652 55.6398263)
 Государственное бюджетное образовательное учреждение города Москвы детский сад № 1174, ГБОУ детский сад № 1174,1 174, Дошкольное образовательное учреждение, Детский сад, Бюджетное, Восточное окружное управление образования," 111401, город Москва, улица Металлургов, дом15, строение 1",(495) 672-23-79, ds1174@yandex.ru; nabatova.60@mail.ru,POINT(37.7842418 55.7586381)
 Государственное бюджетное образовательное учреждение города Москвы детский сад компенсирующего вида № 2324, ГБОУ детский сад № 2324,2 324, Дошкольное образовательное учреждение, Детский сад компенсирующего вида, Бюджетное, Юго-Восточное окружное управление образования," 109652, г. Москва Марьинский б-р, д. 6",(495) 658-64-07, ds2324@bk.ru,POINT(37.7507809 55.64801)
 Государственное бюджетное образовательное учреждение города Москвы детский сад № 1384, ГБОУ детский сад № 1384,1 384, Дошкольное образовательное учреждение, Детский сад общеразвивающего вида с приоритетным осуществлением деятельности по одному из направлений развития детей, Бюджетное, Северное окружное управление образования," 125319, г. Москва, улица Планетная, дом 43",(499) 152-94-40, kowalchuk.d@yandex.ru,POINT(37.5395927 55.8051246)
 Государственное бюджетное образовательное учреждение города Москвы детский сад №1815, ГБОУ детский сад № 1815,1 815, Дошкольное образовательное учреждение, Детский сад, Бюджетное, Западное окружное управление образования," 119633 г.Москва, ул.Приречная, дом 7,корп. 1",(495) 733-54-12, 1815Kashina@rambler.ru,POINT(37.3689495 55.64453650000001)
 Государственное бюджетное образовательное учреждение города Москвы детский сад комбинированного вида № 1638, ГБОУ детский сад № 1638,1 638, Дошкольное образовательное учреждение, Детский сад комбинированного вида, Бюджетное, Юго-Восточное окружное управление образования," 109377, город Москва, улица 4-я Новокузьминская, дом 8, корпус 1",(499) 784-91-47, gou1638@yandex.ru,POINT(37.7907041 55.7112759)
 Государственное бюджетное образовательное учреждение города Москвы детский сад компенсирующего вида № 1487, ГБОУ детский сад № 1487,1 487, Дошкольное образовательное учреждение, Детский сад компенсирующего вида, Бюджетное, Северное окружное управление образования," 127644, г. Москва, ул. Клязьминская, дом 7А",(099) 906-09-53, gou1487@mail.ru,POINT(37.5231005 55.88882220000001)
 Государственное бюджетное образовательное учреждение города Москвы детский сад № 245, ГБОУ детский сад № 245,245, Дошкольное образовательное учреждение, Детский сад, Бюджетное, Южное окружное управление образования," 115419 г.Москва, ул.Орджоникидзе, д.6, к.3",(495) 954-41-85, dou708@sinergi.ru,POINT(37.5985403 55.71042)
 Государственное бюджетное образовательное учреждение города Москвы детский сад № 2643, ГБОУ детский сад № 2643,2 643, Дошкольное образовательное учреждение, Детский сад, Бюджетное, Западное окружное управление образования," 119027 г. Москва, ул. Изваринская, д. 7, строение 2",(495) 736-24-48, goudetcad2643@mail.ru; DOU2643@yandex.ru,POINT(37.2505257 55.61394079999999)
 Государственное бюджетное образовательное учреждение города Москвы детский сад № 640, ГБОУ детский сад № 640,640, Дошкольное образовательное учреждение, Детский сад, Бюджетное, Западное окружное управление образования," 119330, г. Москва, ул. Дружбы, д. 4, корп. 3",(499) 143-04-12, GOUds1505@yandex.ru,POINT(37.5169039 55.713048)
 Государственное бюджетное образовательное учреждение города Москвы детский сад № 1566, ГБОУ детский сад № 1566,1 566, Дошкольное образовательное учреждение, Детский сад, Бюджетное, Западное окружное управление образования," 121609, г.Москва, ул. Крылатские холмы, д. 19",(495) 412-94-14, dou1566@mail.ru,POINT(37.411797 55.7532522)
 Государственное бюджетное образовательное учреждение города Москвы детский сад № 501, ГБОУ детский сад № 501,501, Дошкольное образовательное учреждение, Детский сад, Бюджетное, Центральное окружное управление образования," 129110 г.Москва, ул.Ср.Переяславская, д.21",(495) 684-46-01, ds501@yandex.ru,POINT(37.6387094 55.78922189999999)
 Государственное бюджетное образовательное учреждение города Москвы детский сад № 2673, ГБОУ детский сад № 2673,2 673, Дошкольное образовательное учреждение, Детский сад, Бюджетное, Восточное окружное управление образования," 111674, г. Москва, ул. Лухмановская, дом 13Г",(499) 797-60-20, Korablik2673@mail.ru,POINT(37.893695 55.72120899999999)
 Государственное бюджетное образовательное учреждение города Москвы детский сад № 2444, ГБОУ детский сад № 2444,2 444, Дошкольное образовательное учреждение, Детский сад, Бюджетное, Северное окружное управление образования," 127540, г. Москва, Керамический проезд, дом 45 А",(499) 900-69-44, ds2444@mail.ru,POINT(37.567197 55.871192)
 Государственное бюджетное образовательное учреждение города Москвы детский сад № 2241, ГБОУ детский сад № 2241,2 241, Дошкольное образовательное учреждение, Детский сад, Бюджетное, Южное окружное управление образования," 117152 г. Москва, Севастопольский пр-т, д.3а",(499) 123-20-97, dou2241@sinergi.ru,POINT(37.6103069 55.6923879)
 Государственное бюджетное образовательное учреждение города Москвы детский сад № 461, ГБОУ детский сад № 461,461, Дошкольное образовательное учреждение, Детский сад, Бюджетное, Восточное окружное управление образования," 105264, г.Москва, ул. 7-я Парковая, д.30/24.",(499) 164-68-65, goudetsad461@rambler.ru,POINT(37.7943441 55.8023965)
 Государственное бюджетное образовательное учреждение города Москвы детский сад комбинированного вида № 2157, ГБОУ детский сад № 2157,2 157, Дошкольное образовательное учреждение, Детский сад комбинированного вида, Бюджетное, Западное окружное управление образования," 121500, г.москва, ул. 2-я Новорублевская, д. 15, корп. 3",(499) 727-28-04, dou2157@mail.ru,POINT(37.36508 55.787482)
 Государственное бюджетное образовательное учреждение города Москвы детский сад № 2390, ГБОУ детский сад № 2390,2 390, Дошкольное образовательное учреждение, Детский сад, Бюджетное, Юго-Восточное окружное управление образования," 109451, Москва, ул. Братиславская, дом 13, корп.2",(495) 658-89-09, ds2390@mail.ru,POINT(37.7617059 55.661445)
 Государственное бюджетное образовательное учреждение города Москвы детский сад № 879, ГБОУ детский сад № 879,879, Дошкольное образовательное учреждение, Детский сад, Бюджетное, Центральное окружное управление образования," 129110 г. Москва, Орлово-Давыдовский пер., д.3 А",(495) 680-79-21, detsad879@yandex.ru,POINT(37.6385532 55.784023)
 Государственное бюджетное образовательное учреждение города Москвы детский сад № 1849, ГБОУ детский сад № 1849,1 849, Дошкольное образовательное учреждение, Детский сад, Бюджетное, Северо-Восточное окружное управление образования," 127282, г.Москва, улица Тихомирова, дом 8",(499) 476-25-18, det-sad1849@yandex.ru,POINT(37.6497026 55.8848419)
 Государственное бюджетное образовательное учреждение города Москвы детский сад № 1736, ГБОУ детский сад № 1736,1 736, Дошкольное образовательное учреждение, Детский сад, Бюджетное, Западное окружное управление образования," 119634, г.Москва, ул. Шолохова, д. 6, корп. 2",(495) 733-54-54, dou1736@mail.ru,POINT(37.3582555 55.6370594)
 Государственное бюджетное образовательное учреждение города Москвы детский сад № 2481, ГБОУ детский сад № 2481,2 481, Дошкольное образовательное учреждение, Детский сад, Бюджетное, Юго-Западное окружное управление образования," 117209, г. Москва, Севастопольский проспект, дом 28, корпус 6",84997891424, 2481@mail.ru; dou2481@ou.mosuzedu.ru,POINT(37.57492999999999 55.66451499999999)
 Государственное бюджетное образовательное учреждение города Москвы детский сад № 1072, ГБОУ детский сад № 1072,1 072, Дошкольное образовательное учреждение, Детский сад, Бюджетное, Северо-Восточное окружное управление образования," 127572, г. Москва, Алтуфьевское шоссе, д.93, корп.2",(499) 200-52-55, ds1072@mail.ru,POINT(37.5844098 55.89986829999999)
 Государственное бюджетное образовательное учреждение города Москвы детский сад № 2740, ГБОУ детский сад № 2740,2 740, Дошкольное образовательное учреждение, Детский сад, Бюджетное, Северное окружное управление образования," 125502, г. Москва, улица Лавочкина, дом 54, корпус 2",(495) 455-01-60, DetSad-29@yandex.ru; alaniya.mariya@mail.ru; det-cad55@yandex.ru,POINT(37.4866236 55.8653027)
 Государственное бюджетное образовательное учреждение города Москвы детский сад №377, ГБОУ детский сад №377,377, Дошкольное образовательное учреждение, Детский сад, Бюджетное, Юго-Восточное окружное управление образования," 109437, г. Москва, Волгоградский пр-т, д.137 корп.3",(499) 175-42-52, detskiysad377@rambler.ru,POINT(37.7748294 55.7058787)
 Государственное бюджетное образовательное учреждение города Москвы детский сад комбинированного вида № 1309, ГБОУ детский сад № 1309,1 309, Дошкольное образовательное учреждение, Детский сад комбинированного вида, Бюджетное, Южное окружное управление образования," 115580 г. Москва, ул. Кустанайская, 14 к.3",(495) 396-80-07, dou1309@sinergi.ru,POINT(37.7504536 55.6155546)
 Государственное бюджетное образовательное учреждение города Москвы детский сад комбинированного вида № 1534, ГБОУ детский сад № 1534,1 534, Дошкольное образовательное учреждение, Детский сад комбинированного вида, Бюджетное, Северо-Западное окружное управление образования," 125481, г. Москва, улица Планерная, дом 14, корп. 4",(495) 495-34-45,  dou1534@szouo.ru,POINT(37.4395762 55.8640462)
 Государственное бюджетное образовательное учреждение города Москвы детский сад общеразвивающего вида № 788, ГБОУ детский сад № 788,788, Дошкольное образовательное учреждение, Детский сад общеразвивающего вида с приоритетным осуществлением деятельности по одному из направлений развития детей, Бюджетное, Южное окружное управление образования," 117587 Москва, ул. Кировоградская д.18",(495) 315-01-35, dou788@sinergi.ru,POINT(37.6048532 55.6183973)
 Государственное бюджетное образовательное учреждение города Москвы детский сад комбинированного вида № 2556, ГБОУ детский сад № 2556,2 556, Дошкольное образовательное учреждение, Детский сад комбинированного вида, Бюджетное, Центральное окружное управление образования," 109004 город Москва, Большой Факельный переулок, дом 21.",(495) 671-40-93, akris2556@yandex.ru,POINT(37.6659233 55.7411183)
 Государственное бюджетное образовательное учреждение города Москвы детский сад № 1980, ГБОУ детский сад № 1980,1 980, Дошкольное образовательное учреждение, Детский сад, Бюджетное, Северо-Восточное окружное управление образования," 129128, город Москва, улица Малахитовая, дом12, корпус1",(499) 181-54-94, detsad1980@mail.ru,POINT(37.66509720000001 55.8296643)
 Государственное бюджетное образовательное учреждение города Москвы детский сад комбинированного вида № 154, ГБОУ детский сад № 154,154, Дошкольное образовательное учреждение, Детский сад комбинированного вида, Бюджетное, Северное окружное управление образования," 127474, г. Москва, улица Дубнинская, д. 33А",(499) 480-15-66, gouds154@yandex.ru,POINT(37.5635059 55.86606099999999)
